Year of Birth,Gender,Ethnicity,Child's First Name,Count,Rank
2016,FEMALE,TEST,Name1,100,1
2016,FEMALE,TEST,Name2,100,2
2016,FEMALE,TEST,Name3,100,3
2016,FEMALE,TEST,Name4,100,4
2016,FEMALE,TEST,Name5,100,5
2016,FEMALE,TEST,Name6,100,6
2016,FEMALE,TEST,Name7,100,7
2016,FEMALE,TEST,Name8,100,8
2016,FEMALE,TEST,Name9,100,9
2016,FEMALE,TEST,Name10,100,10
2016,FEMALE,TEST,Name11,100,11
2016,FEMALE,TEST,Name12,100,12
2016,FEMALE,TEST,Name13,100,13
2016,FEMALE,TEST,Name14,100,14
2016,FEMALE,TEST,Name15,100,15
2016,FEMALE,TEST,Name16,100,16
2016,FEMALE,TEST,Name17,100,17
2016,FEMALE,TEST,Name18,100,18
2016,FEMALE,TEST,Name19,100,19
2016,FEMALE,TEST,Name20,100,20
2016,FEMALE,TEST,Name21,100,21
2016,FEMALE,TEST,Name22,100,22
2016,FEMALE,TEST,Name23,100,23
2016,FEMALE,TEST,Name24,100,24
2016,FEMALE,TEST,Name25,100,25
2016,FEMALE,TEST,Name26,100,26
2016,FEMALE,TEST,Name27,100,27
2016,FEMALE,TEST,Name28,100,28
2016,FEMALE,TEST,Name29,100,29
2016,FEMALE,TEST,Name30,100,30
2016,FEMALE,TEST,Name31,100,31
2016,FEMALE,TEST,Name32,100,32
2016,FEMALE,TEST,Name33,100,33
2016,FEMALE,TEST,Name34,100,34
2016,FEMALE,TEST,Name35,100,35
2016,FEMALE,TEST,Name36,100,36
2016,FEMALE,TEST,Name37,100,37
2016,FEMALE,TEST,Name38,100,38
2016,FEMALE,TEST,Name39,100,39
2016,FEMALE,TEST,Name40,100,40
2016,FEMALE,TEST,Name41,100,41
2016,FEMALE,TEST,Name42,100,42
2016,FEMALE,TEST,Name43,100,43
2016,FEMALE,TEST,Name44,100,44
2016,FEMALE,TEST,Name45,100,45
2016,FEMALE,TEST,Name46,100,46
2016,FEMALE,TEST,Name47,100,47
2016,FEMALE,TEST,Name48,100,48
2016,FEMALE,TEST,Name49,100,49
2016,FEMALE,TEST,Name50,100,50
2016,FEMALE,TEST,Name51,100,51
2016,FEMALE,TEST,Name52,100,52
2016,FEMALE,TEST,Name53,100,53
2016,FEMALE,TEST,Name54,100,54
2016,FEMALE,TEST,Name55,100,55
2016,FEMALE,TEST,Name56,100,56
2016,FEMALE,TEST,Name57,100,57
2016,FEMALE,TEST,Name58,100,58
2016,FEMALE,TEST,Name59,100,59
2016,FEMALE,TEST,Name60,100,60
2016,FEMALE,TEST,Name61,100,61
2016,FEMALE,TEST,Name62,100,62
2016,FEMALE,TEST,Name63,100,63
2016,FEMALE,TEST,Name64,100,64
2016,FEMALE,TEST,Name65,100,65
2016,FEMALE,TEST,Name66,100,66
2016,FEMALE,TEST,Name67,100,67
2016,FEMALE,TEST,Name68,100,68
2016,FEMALE,TEST,Name69,100,69
2016,FEMALE,TEST,Name70,100,70
2016,FEMALE,TEST,Name71,100,71
2016,FEMALE,TEST,Name72,100,72
2016,FEMALE,TEST,Name73,100,73
2016,FEMALE,TEST,Name74,100,74
2016,FEMALE,TEST,Name75,100,75
2016,FEMALE,TEST,Name76,100,76
2016,FEMALE,TEST,Name77,100,77
2016,FEMALE,TEST,Name78,100,78
2016,FEMALE,TEST,Name79,100,79
2016,FEMALE,TEST,Name80,100,80
2016,FEMALE,TEST,Name81,100,81
2016,FEMALE,TEST,Name82,100,82
2016,FEMALE,TEST,Name83,100,83
2016,FEMALE,TEST,Name84,100,84
2016,FEMALE,TEST,Name85,100,85
2016,FEMALE,TEST,Name86,100,86
2016,FEMALE,TEST,Name87,100,87
2016,FEMALE,TEST,Name88,100,88
2016,FEMALE,TEST,Name89,100,89
2016,FEMALE,TEST,Name90,100,90
2016,FEMALE,TEST,Name91,100,91
2016,FEMALE,TEST,Name92,100,92
2016,FEMALE,TEST,Name93,100,93
2016,FEMALE,TEST,Name94,100,94
2016,FEMALE,TEST,Name95,100,95
2016,FEMALE,TEST,Name96,100,96
2016,FEMALE,TEST,Name97,100,97
2016,FEMALE,TEST,Name98,100,98
2016,FEMALE,TEST,Name99,100,99
2016,FEMALE,TEST,Name100,100,100
2016,FEMALE,TEST,Name101,100,101
2016,FEMALE,TEST,Name102,100,102
2016,FEMALE,TEST,Name103,100,103
2016,FEMALE,TEST,Name104,100,104
2016,FEMALE,TEST,Name105,100,105
2016,FEMALE,TEST,Name106,100,106
2016,FEMALE,TEST,Name107,100,107
2016,FEMALE,TEST,Name108,100,108
2016,FEMALE,TEST,Name109,100,109
2016,FEMALE,TEST,Name110,100,110
2016,FEMALE,TEST,Name111,100,111
2016,FEMALE,TEST,Name112,100,112
2016,FEMALE,TEST,Name113,100,113
2016,FEMALE,TEST,Name114,100,114
2016,FEMALE,TEST,Name115,100,115
2016,FEMALE,TEST,Name116,100,116
2016,FEMALE,TEST,Name117,100,117
2016,FEMALE,TEST,Name118,100,118
2016,FEMALE,TEST,Name119,100,119
2016,FEMALE,TEST,Name120,100,120
2016,FEMALE,TEST,Name121,100,121
2016,FEMALE,TEST,Name122,100,122
2016,FEMALE,TEST,Name123,100,123
2016,FEMALE,TEST,Name124,100,124
2016,FEMALE,TEST,Name125,100,125
2016,FEMALE,TEST,Name126,100,126
2016,FEMALE,TEST,Name127,100,127
2016,FEMALE,TEST,Name128,100,128
2016,FEMALE,TEST,Name129,100,129
2016,FEMALE,TEST,Name130,100,130
2016,FEMALE,TEST,Name131,100,131
2016,FEMALE,TEST,Name132,100,132
2016,FEMALE,TEST,Name133,100,133
2016,FEMALE,TEST,Name134,100,134
2016,FEMALE,TEST,Name135,100,135
2016,FEMALE,TEST,Name136,100,136
2016,FEMALE,TEST,Name137,100,137
2016,FEMALE,TEST,Name138,100,138
2016,FEMALE,TEST,Name139,100,139
2016,FEMALE,TEST,Name140,100,140
2016,FEMALE,TEST,Name141,100,141
2016,FEMALE,TEST,Name142,100,142
2016,FEMALE,TEST,Name143,100,143
2016,FEMALE,TEST,Name144,100,144
2016,FEMALE,TEST,Name145,100,145
2016,FEMALE,TEST,Name146,100,146
2016,FEMALE,TEST,Name147,100,147
2016,FEMALE,TEST,Name148,100,148
2016,FEMALE,TEST,Name149,100,149
2016,FEMALE,TEST,Name150,100,150
2016,FEMALE,TEST,Name151,100,151
2016,FEMALE,TEST,Name152,100,152
2016,FEMALE,TEST,Name153,100,153
2016,FEMALE,TEST,Name154,100,154
2016,FEMALE,TEST,Name155,100,155
2016,FEMALE,TEST,Name156,100,156
2016,FEMALE,TEST,Name157,100,157
2016,FEMALE,TEST,Name158,100,158
2016,FEMALE,TEST,Name159,100,159
2016,FEMALE,TEST,Name160,100,160
2016,FEMALE,TEST,Name161,100,161
2016,FEMALE,TEST,Name162,100,162
2016,FEMALE,TEST,Name163,100,163
2016,FEMALE,TEST,Name164,100,164
2016,FEMALE,TEST,Name165,100,165
2016,FEMALE,TEST,Name166,100,166
2016,FEMALE,TEST,Name167,100,167
2016,FEMALE,TEST,Name168,100,168
2016,FEMALE,TEST,Name169,100,169
2016,FEMALE,TEST,Name170,100,170
2016,FEMALE,TEST,Name171,100,171
2016,FEMALE,TEST,Name172,100,172
2016,FEMALE,TEST,Name173,100,173
2016,FEMALE,TEST,Name174,100,174
2016,FEMALE,TEST,Name175,100,175
2016,FEMALE,TEST,Name176,100,176
2016,FEMALE,TEST,Name177,100,177
2016,FEMALE,TEST,Name178,100,178
2016,FEMALE,TEST,Name179,100,179
2016,FEMALE,TEST,Name180,100,180
2016,FEMALE,TEST,Name181,100,181
2016,FEMALE,TEST,Name182,100,182
2016,FEMALE,TEST,Name183,100,183
2016,FEMALE,TEST,Name184,100,184
2016,FEMALE,TEST,Name185,100,185
2016,FEMALE,TEST,Name186,100,186
2016,FEMALE,TEST,Name187,100,187
2016,FEMALE,TEST,Name188,100,188
2016,FEMALE,TEST,Name189,100,189
2016,FEMALE,TEST,Name190,100,190
2016,FEMALE,TEST,Name191,100,191
2016,FEMALE,TEST,Name192,100,192
2016,FEMALE,TEST,Name193,100,193
2016,FEMALE,TEST,Name194,100,194
2016,FEMALE,TEST,Name195,100,195
2016,FEMALE,TEST,Name196,100,196
2016,FEMALE,TEST,Name197,100,197
2016,FEMALE,TEST,Name198,100,198
2016,FEMALE,TEST,Name199,100,199
2016,FEMALE,TEST,Name200,100,200
2016,FEMALE,TEST,Name201,100,201
2016,FEMALE,TEST,Name202,100,202
2016,FEMALE,TEST,Name203,100,203
2016,FEMALE,TEST,Name204,100,204
2016,FEMALE,TEST,Name205,100,205
2016,FEMALE,TEST,Name206,100,206
2016,FEMALE,TEST,Name207,100,207
2016,FEMALE,TEST,Name208,100,208
2016,FEMALE,TEST,Name209,100,209
2016,FEMALE,TEST,Name210,100,210
2016,FEMALE,TEST,Name211,100,211
2016,FEMALE,TEST,Name212,100,212
2016,FEMALE,TEST,Name213,100,213
2016,FEMALE,TEST,Name214,100,214
2016,FEMALE,TEST,Name215,100,215
2016,FEMALE,TEST,Name216,100,216
2016,FEMALE,TEST,Name217,100,217
2016,FEMALE,TEST,Name218,100,218
2016,FEMALE,TEST,Name219,100,219
2016,FEMALE,TEST,Name220,100,220
2016,FEMALE,TEST,Name221,100,221
2016,FEMALE,TEST,Name222,100,222
2016,FEMALE,TEST,Name223,100,223
2016,FEMALE,TEST,Name224,100,224
2016,FEMALE,TEST,Name225,100,225
2016,FEMALE,TEST,Name226,100,226
2016,FEMALE,TEST,Name227,100,227
2016,FEMALE,TEST,Name228,100,228
2016,FEMALE,TEST,Name229,100,229
2016,FEMALE,TEST,Name230,100,230
2016,FEMALE,TEST,Name231,100,231
2016,FEMALE,TEST,Name232,100,232
2016,FEMALE,TEST,Name233,100,233
2016,FEMALE,TEST,Name234,100,234
2016,FEMALE,TEST,Name235,100,235
2016,FEMALE,TEST,Name236,100,236
2016,FEMALE,TEST,Name237,100,237
2016,FEMALE,TEST,Name238,100,238
2016,FEMALE,TEST,Name239,100,239
2016,FEMALE,TEST,Name240,100,240
2016,FEMALE,TEST,Name241,100,241
2016,FEMALE,TEST,Name242,100,242
2016,FEMALE,TEST,Name243,100,243
2016,FEMALE,TEST,Name244,100,244
2016,FEMALE,TEST,Name245,100,245
2016,FEMALE,TEST,Name246,100,246
2016,FEMALE,TEST,Name247,100,247
2016,FEMALE,TEST,Name248,100,248
2016,FEMALE,TEST,Name249,100,249
2016,FEMALE,TEST,Name250,100,250
2016,FEMALE,TEST,Name251,100,251
2016,FEMALE,TEST,Name252,100,252
2016,FEMALE,TEST,Name253,100,253
2016,FEMALE,TEST,Name254,100,254
2016,FEMALE,TEST,Name255,100,255
2016,FEMALE,TEST,Name256,100,256
2016,FEMALE,TEST,Name257,100,257
2016,FEMALE,TEST,Name258,100,258
2016,FEMALE,TEST,Name259,100,259
2016,FEMALE,TEST,Name260,100,260
2016,FEMALE,TEST,Name261,100,261
2016,FEMALE,TEST,Name262,100,262
2016,FEMALE,TEST,Name263,100,263
2016,FEMALE,TEST,Name264,100,264
2016,FEMALE,TEST,Name265,100,265
2016,FEMALE,TEST,Name266,100,266
2016,FEMALE,TEST,Name267,100,267
2016,FEMALE,TEST,Name268,100,268
2016,FEMALE,TEST,Name269,100,269
2016,FEMALE,TEST,Name270,100,270
2016,FEMALE,TEST,Name271,100,271
2016,FEMALE,TEST,Name272,100,272
2016,FEMALE,TEST,Name273,100,273
2016,FEMALE,TEST,Name274,100,274
2016,FEMALE,TEST,Name275,100,275
2016,FEMALE,TEST,Name276,100,276
2016,FEMALE,TEST,Name277,100,277
2016,FEMALE,TEST,Name278,100,278
2016,FEMALE,TEST,Name279,100,279
2016,FEMALE,TEST,Name280,100,280
2016,FEMALE,TEST,Name281,100,281
2016,FEMALE,TEST,Name282,100,282
2016,FEMALE,TEST,Name283,100,283
2016,FEMALE,TEST,Name284,100,284
2016,FEMALE,TEST,Name285,100,285
2016,FEMALE,TEST,Name286,100,286
2016,FEMALE,TEST,Name287,100,287
2016,FEMALE,TEST,Name288,100,288
2016,FEMALE,TEST,Name289,100,289
2016,FEMALE,TEST,Name290,100,290
2016,FEMALE,TEST,Name291,100,291
2016,FEMALE,TEST,Name292,100,292
2016,FEMALE,TEST,Name293,100,293
2016,FEMALE,TEST,Name294,100,294
2016,FEMALE,TEST,Name295,100,295
2016,FEMALE,TEST,Name296,100,296
2016,FEMALE,TEST,Name297,100,297
2016,FEMALE,TEST,Name298,100,298
2016,FEMALE,TEST,Name299,100,299
2016,FEMALE,TEST,Name300,100,300
2016,FEMALE,TEST,Name301,100,301
2016,FEMALE,TEST,Name302,100,302
2016,FEMALE,TEST,Name303,100,303
2016,FEMALE,TEST,Name304,100,304
2016,FEMALE,TEST,Name305,100,305
2016,FEMALE,TEST,Name306,100,306
2016,FEMALE,TEST,Name307,100,307
2016,FEMALE,TEST,Name308,100,308
2016,FEMALE,TEST,Name309,100,309
2016,FEMALE,TEST,Name310,100,310
2016,FEMALE,TEST,Name311,100,311
2016,FEMALE,TEST,Name312,100,312
2016,FEMALE,TEST,Name313,100,313
2016,FEMALE,TEST,Name314,100,314
2016,FEMALE,TEST,Name315,100,315
2016,FEMALE,TEST,Name316,100,316
2016,FEMALE,TEST,Name317,100,317
2016,FEMALE,TEST,Name318,100,318
2016,FEMALE,TEST,Name319,100,319
2016,FEMALE,TEST,Name320,100,320
2016,FEMALE,TEST,Name321,100,321
2016,FEMALE,TEST,Name322,100,322
2016,FEMALE,TEST,Name323,100,323
2016,FEMALE,TEST,Name324,100,324
2016,FEMALE,TEST,Name325,100,325
2016,FEMALE,TEST,Name326,100,326
2016,FEMALE,TEST,Name327,100,327
2016,FEMALE,TEST,Name328,100,328
2016,FEMALE,TEST,Name329,100,329
2016,FEMALE,TEST,Name330,100,330
2016,FEMALE,TEST,Name331,100,331
2016,FEMALE,TEST,Name332,100,332
2016,FEMALE,TEST,Name333,100,333
2016,FEMALE,TEST,Name334,100,334
2016,FEMALE,TEST,Name335,100,335
2016,FEMALE,TEST,Name336,100,336
2016,FEMALE,TEST,Name337,100,337
2016,FEMALE,TEST,Name338,100,338
2016,FEMALE,TEST,Name339,100,339
2016,FEMALE,TEST,Name340,100,340
2016,FEMALE,TEST,Name341,100,341
2016,FEMALE,TEST,Name342,100,342
2016,FEMALE,TEST,Name343,100,343
2016,FEMALE,TEST,Name344,100,344
2016,FEMALE,TEST,Name345,100,345
2016,FEMALE,TEST,Name346,100,346
2016,FEMALE,TEST,Name347,100,347
2016,FEMALE,TEST,Name348,100,348
2016,FEMALE,TEST,Name349,100,349
2016,FEMALE,TEST,Name350,100,350
2016,FEMALE,TEST,Name351,100,351
2016,FEMALE,TEST,Name352,100,352
2016,FEMALE,TEST,Name353,100,353
2016,FEMALE,TEST,Name354,100,354
2016,FEMALE,TEST,Name355,100,355
2016,FEMALE,TEST,Name356,100,356
2016,FEMALE,TEST,Name357,100,357
2016,FEMALE,TEST,Name358,100,358
2016,FEMALE,TEST,Name359,100,359
2016,FEMALE,TEST,Name360,100,360
2016,FEMALE,TEST,Name361,100,361
2016,FEMALE,TEST,Name362,100,362
2016,FEMALE,TEST,Name363,100,363
2016,FEMALE,TEST,Name364,100,364
2016,FEMALE,TEST,Name365,100,365
2016,FEMALE,TEST,Name366,100,366
2016,FEMALE,TEST,Name367,100,367
2016,FEMALE,TEST,Name368,100,368
2016,FEMALE,TEST,Name369,100,369
2016,FEMALE,TEST,Name370,100,370
2016,FEMALE,TEST,Name371,100,371
2016,FEMALE,TEST,Name372,100,372
2016,FEMALE,TEST,Name373,100,373
2016,FEMALE,TEST,Name374,100,374
2016,FEMALE,TEST,Name375,100,375
2016,FEMALE,TEST,Name376,100,376
2016,FEMALE,TEST,Name377,100,377
2016,FEMALE,TEST,Name378,100,378
2016,FEMALE,TEST,Name379,100,379
2016,FEMALE,TEST,Name380,100,380
2016,FEMALE,TEST,Name381,100,381
2016,FEMALE,TEST,Name382,100,382
2016,FEMALE,TEST,Name383,100,383
2016,FEMALE,TEST,Name384,100,384
2016,FEMALE,TEST,Name385,100,385
2016,FEMALE,TEST,Name386,100,386
2016,FEMALE,TEST,Name387,100,387
2016,FEMALE,TEST,Name388,100,388
2016,FEMALE,TEST,Name389,100,389
2016,FEMALE,TEST,Name390,100,390
2016,FEMALE,TEST,Name391,100,391
2016,FEMALE,TEST,Name392,100,392
2016,FEMALE,TEST,Name393,100,393
2016,FEMALE,TEST,Name394,100,394
2016,FEMALE,TEST,Name395,100,395
2016,FEMALE,TEST,Name396,100,396
2016,FEMALE,TEST,Name397,100,397
2016,FEMALE,TEST,Name398,100,398
2016,FEMALE,TEST,Name399,100,399
2016,FEMALE,TEST,Name400,100,400
2016,FEMALE,TEST,Name401,100,401
2016,FEMALE,TEST,Name402,100,402
2016,FEMALE,TEST,Name403,100,403
2016,FEMALE,TEST,Name404,100,404
2016,FEMALE,TEST,Name405,100,405
2016,FEMALE,TEST,Name406,100,406
2016,FEMALE,TEST,Name407,100,407
2016,FEMALE,TEST,Name408,100,408
2016,FEMALE,TEST,Name409,100,409
2016,FEMALE,TEST,Name410,100,410
2016,FEMALE,TEST,Name411,100,411
2016,FEMALE,TEST,Name412,100,412
2016,FEMALE,TEST,Name413,100,413
2016,FEMALE,TEST,Name414,100,414
2016,FEMALE,TEST,Name415,100,415
2016,FEMALE,TEST,Name416,100,416
2016,FEMALE,TEST,Name417,100,417
2016,FEMALE,TEST,Name418,100,418
2016,FEMALE,TEST,Name419,100,419
2016,FEMALE,TEST,Name420,100,420
2016,FEMALE,TEST,Name421,100,421
2016,FEMALE,TEST,Name422,100,422
2016,FEMALE,TEST,Name423,100,423
2016,FEMALE,TEST,Name424,100,424
2016,FEMALE,TEST,Name425,100,425
2016,FEMALE,TEST,Name426,100,426
2016,FEMALE,TEST,Name427,100,427
2016,FEMALE,TEST,Name428,100,428
2016,FEMALE,TEST,Name429,100,429
2016,FEMALE,TEST,Name430,100,430
2016,FEMALE,TEST,Name431,100,431
2016,FEMALE,TEST,Name432,100,432
2016,FEMALE,TEST,Name433,100,433
2016,FEMALE,TEST,Name434,100,434
2016,FEMALE,TEST,Name435,100,435
2016,FEMALE,TEST,Name436,100,436
2016,FEMALE,TEST,Name437,100,437
2016,FEMALE,TEST,Name438,100,438
2016,FEMALE,TEST,Name439,100,439
2016,FEMALE,TEST,Name440,100,440
2016,FEMALE,TEST,Name441,100,441
2016,FEMALE,TEST,Name442,100,442
2016,FEMALE,TEST,Name443,100,443
2016,FEMALE,TEST,Name444,100,444
2016,FEMALE,TEST,Name445,100,445
2016,FEMALE,TEST,Name446,100,446
2016,FEMALE,TEST,Name447,100,447
2016,FEMALE,TEST,Name448,100,448
2016,FEMALE,TEST,Name449,100,449
2016,FEMALE,TEST,Name450,100,450
2016,FEMALE,TEST,Name451,100,451
2016,FEMALE,TEST,Name452,100,452
2016,FEMALE,TEST,Name453,100,453
2016,FEMALE,TEST,Name454,100,454
2016,FEMALE,TEST,Name455,100,455
2016,FEMALE,TEST,Name456,100,456
2016,FEMALE,TEST,Name457,100,457
2016,FEMALE,TEST,Name458,100,458
2016,FEMALE,TEST,Name459,100,459
2016,FEMALE,TEST,Name460,100,460
2016,FEMALE,TEST,Name461,100,461
2016,FEMALE,TEST,Name462,100,462
2016,FEMALE,TEST,Name463,100,463
2016,FEMALE,TEST,Name464,100,464
2016,FEMALE,TEST,Name465,100,465
2016,FEMALE,TEST,Name466,100,466
2016,FEMALE,TEST,Name467,100,467
2016,FEMALE,TEST,Name468,100,468
2016,FEMALE,TEST,Name469,100,469
2016,FEMALE,TEST,Name470,100,470
2016,FEMALE,TEST,Name471,100,471
2016,FEMALE,TEST,Name472,100,472
2016,FEMALE,TEST,Name473,100,473
2016,FEMALE,TEST,Name474,100,474
2016,FEMALE,TEST,Name475,100,475
2016,FEMALE,TEST,Name476,100,476
2016,FEMALE,TEST,Name477,100,477
2016,FEMALE,TEST,Name478,100,478
2016,FEMALE,TEST,Name479,100,479
2016,FEMALE,TEST,Name480,100,480
2016,FEMALE,TEST,Name481,100,481
2016,FEMALE,TEST,Name482,100,482
2016,FEMALE,TEST,Name483,100,483
2016,FEMALE,TEST,Name484,100,484
2016,FEMALE,TEST,Name485,100,485
2016,FEMALE,TEST,Name486,100,486
2016,FEMALE,TEST,Name487,100,487
2016,FEMALE,TEST,Name488,100,488
2016,FEMALE,TEST,Name489,100,489
2016,FEMALE,TEST,Name490,100,490
2016,FEMALE,TEST,Name491,100,491
2016,FEMALE,TEST,Name492,100,492
2016,FEMALE,TEST,Name493,100,493
2016,FEMALE,TEST,Name494,100,494
2016,FEMALE,TEST,Name495,100,495
2016,FEMALE,TEST,Name496,100,496
2016,FEMALE,TEST,Name497,100,497
2016,FEMALE,TEST,Name498,100,498
2016,FEMALE,TEST,Name499,100,499
2016,FEMALE,TEST,Name500,100,500
2016,FEMALE,TEST,Name501,100,501
2016,FEMALE,TEST,Name502,100,502
2016,FEMALE,TEST,Name503,100,503
2016,FEMALE,TEST,Name504,100,504
2016,FEMALE,TEST,Name505,100,505
2016,FEMALE,TEST,Name506,100,506
2016,FEMALE,TEST,Name507,100,507
2016,FEMALE,TEST,Name508,100,508
2016,FEMALE,TEST,Name509,100,509
2016,FEMALE,TEST,Name510,100,510
2016,FEMALE,TEST,Name511,100,511
2016,FEMALE,TEST,Name512,100,512
2016,FEMALE,TEST,Name513,100,513
2016,FEMALE,TEST,Name514,100,514
2016,FEMALE,TEST,Name515,100,515
2016,FEMALE,TEST,Name516,100,516
2016,FEMALE,TEST,Name517,100,517
2016,FEMALE,TEST,Name518,100,518
2016,FEMALE,TEST,Name519,100,519
2016,FEMALE,TEST,Name520,100,520
2016,FEMALE,TEST,Name521,100,521
2016,FEMALE,TEST,Name522,100,522
2016,FEMALE,TEST,Name523,100,523
2016,FEMALE,TEST,Name524,100,524
2016,FEMALE,TEST,Name525,100,525
2016,FEMALE,TEST,Name526,100,526
2016,FEMALE,TEST,Name527,100,527
2016,FEMALE,TEST,Name528,100,528
2016,FEMALE,TEST,Name529,100,529
2016,FEMALE,TEST,Name530,100,530
2016,FEMALE,TEST,Name531,100,531
2016,FEMALE,TEST,Name532,100,532
2016,FEMALE,TEST,Name533,100,533
2016,FEMALE,TEST,Name534,100,534
2016,FEMALE,TEST,Name535,100,535
2016,FEMALE,TEST,Name536,100,536
2016,FEMALE,TEST,Name537,100,537
2016,FEMALE,TEST,Name538,100,538
2016,FEMALE,TEST,Name539,100,539
2016,FEMALE,TEST,Name540,100,540
2016,FEMALE,TEST,Name541,100,541
2016,FEMALE,TEST,Name542,100,542
2016,FEMALE,TEST,Name543,100,543
2016,FEMALE,TEST,Name544,100,544
2016,FEMALE,TEST,Name545,100,545
2016,FEMALE,TEST,Name546,100,546
2016,FEMALE,TEST,Name547,100,547
2016,FEMALE,TEST,Name548,100,548
2016,FEMALE,TEST,Name549,100,549
2016,FEMALE,TEST,Name550,100,550
2016,FEMALE,TEST,Name551,100,551
2016,FEMALE,TEST,Name552,100,552
2016,FEMALE,TEST,Name553,100,553
2016,FEMALE,TEST,Name554,100,554
2016,FEMALE,TEST,Name555,100,555
2016,FEMALE,TEST,Name556,100,556
2016,FEMALE,TEST,Name557,100,557
2016,FEMALE,TEST,Name558,100,558
2016,FEMALE,TEST,Name559,100,559
2016,FEMALE,TEST,Name560,100,560
2016,FEMALE,TEST,Name561,100,561
2016,FEMALE,TEST,Name562,100,562
2016,FEMALE,TEST,Name563,100,563
2016,FEMALE,TEST,Name564,100,564
2016,FEMALE,TEST,Name565,100,565
2016,FEMALE,TEST,Name566,100,566
2016,FEMALE,TEST,Name567,100,567
2016,FEMALE,TEST,Name568,100,568
2016,FEMALE,TEST,Name569,100,569
2016,FEMALE,TEST,Name570,100,570
2016,FEMALE,TEST,Name571,100,571
2016,FEMALE,TEST,Name572,100,572
2016,FEMALE,TEST,Name573,100,573
2016,FEMALE,TEST,Name574,100,574
2016,FEMALE,TEST,Name575,100,575
2016,FEMALE,TEST,Name576,100,576
2016,FEMALE,TEST,Name577,100,577
2016,FEMALE,TEST,Name578,100,578
2016,FEMALE,TEST,Name579,100,579
2016,FEMALE,TEST,Name580,100,580
2016,FEMALE,TEST,Name581,100,581
2016,FEMALE,TEST,Name582,100,582
2016,FEMALE,TEST,Name583,100,583
2016,FEMALE,TEST,Name584,100,584
2016,FEMALE,TEST,Name585,100,585
2016,FEMALE,TEST,Name586,100,586
2016,FEMALE,TEST,Name587,100,587
2016,FEMALE,TEST,Name588,100,588
2016,FEMALE,TEST,Name589,100,589
2016,FEMALE,TEST,Name590,100,590
2016,FEMALE,TEST,Name591,100,591
2016,FEMALE,TEST,Name592,100,592
2016,FEMALE,TEST,Name593,100,593
2016,FEMALE,TEST,Name594,100,594
2016,FEMALE,TEST,Name595,100,595
2016,FEMALE,TEST,Name596,100,596
2016,FEMALE,TEST,Name597,100,597
2016,FEMALE,TEST,Name598,100,598
2016,FEMALE,TEST,Name599,100,599
2016,FEMALE,TEST,Name600,100,600
2016,FEMALE,TEST,Name601,100,601
2016,FEMALE,TEST,Name602,100,602
2016,FEMALE,TEST,Name603,100,603
2016,FEMALE,TEST,Name604,100,604
2016,FEMALE,TEST,Name605,100,605
2016,FEMALE,TEST,Name606,100,606
2016,FEMALE,TEST,Name607,100,607
2016,FEMALE,TEST,Name608,100,608
2016,FEMALE,TEST,Name609,100,609
2016,FEMALE,TEST,Name610,100,610
2016,FEMALE,TEST,Name611,100,611
2016,FEMALE,TEST,Name612,100,612
2016,FEMALE,TEST,Name613,100,613
2016,FEMALE,TEST,Name614,100,614
2016,FEMALE,TEST,Name615,100,615
2016,FEMALE,TEST,Name616,100,616
2016,FEMALE,TEST,Name617,100,617
2016,FEMALE,TEST,Name618,100,618
2016,FEMALE,TEST,Name619,100,619
2016,FEMALE,TEST,Name620,100,620
2016,FEMALE,TEST,Name621,100,621
2016,FEMALE,TEST,Name622,100,622
2016,FEMALE,TEST,Name623,100,623
2016,FEMALE,TEST,Name624,100,624
2016,FEMALE,TEST,Name625,100,625
2016,FEMALE,TEST,Name626,100,626
2016,FEMALE,TEST,Name627,100,627
2016,FEMALE,TEST,Name628,100,628
2016,FEMALE,TEST,Name629,100,629
2016,FEMALE,TEST,Name630,100,630
2016,FEMALE,TEST,Name631,100,631
2016,FEMALE,TEST,Name632,100,632
2016,FEMALE,TEST,Name633,100,633
2016,FEMALE,TEST,Name634,100,634
2016,FEMALE,TEST,Name635,100,635
2016,FEMALE,TEST,Name636,100,636
2016,FEMALE,TEST,Name637,100,637
2016,FEMALE,TEST,Name638,100,638
2016,FEMALE,TEST,Name639,100,639
2016,FEMALE,TEST,Name640,100,640
2016,FEMALE,TEST,Name641,100,641
2016,FEMALE,TEST,Name642,100,642
2016,FEMALE,TEST,Name643,100,643
2016,FEMALE,TEST,Name644,100,644
2016,FEMALE,TEST,Name645,100,645
2016,FEMALE,TEST,Name646,100,646
2016,FEMALE,TEST,Name647,100,647
2016,FEMALE,TEST,Name648,100,648
2016,FEMALE,TEST,Name649,100,649
2016,FEMALE,TEST,Name650,100,650
2016,FEMALE,TEST,Name651,100,651
2016,FEMALE,TEST,Name652,100,652
2016,FEMALE,TEST,Name653,100,653
2016,FEMALE,TEST,Name654,100,654
2016,FEMALE,TEST,Name655,100,655
2016,FEMALE,TEST,Name656,100,656
2016,FEMALE,TEST,Name657,100,657
2016,FEMALE,TEST,Name658,100,658
2016,FEMALE,TEST,Name659,100,659
2016,FEMALE,TEST,Name660,100,660
2016,FEMALE,TEST,Name661,100,661
2016,FEMALE,TEST,Name662,100,662
2016,FEMALE,TEST,Name663,100,663
2016,FEMALE,TEST,Name664,100,664
2016,FEMALE,TEST,Name665,100,665
2016,FEMALE,TEST,Name666,100,666
2016,FEMALE,TEST,Name667,100,667
2016,FEMALE,TEST,Name668,100,668
2016,FEMALE,TEST,Name669,100,669
2016,FEMALE,TEST,Name670,100,670
2016,FEMALE,TEST,Name671,100,671
2016,FEMALE,TEST,Name672,100,672
2016,FEMALE,TEST,Name673,100,673
2016,FEMALE,TEST,Name674,100,674
2016,FEMALE,TEST,Name675,100,675
2016,FEMALE,TEST,Name676,100,676
2016,FEMALE,TEST,Name677,100,677
2016,FEMALE,TEST,Name678,100,678
2016,FEMALE,TEST,Name679,100,679
2016,FEMALE,TEST,Name680,100,680
2016,FEMALE,TEST,Name681,100,681
2016,FEMALE,TEST,Name682,100,682
2016,FEMALE,TEST,Name683,100,683
2016,FEMALE,TEST,Name684,100,684
2016,FEMALE,TEST,Name685,100,685
2016,FEMALE,TEST,Name686,100,686
2016,FEMALE,TEST,Name687,100,687
2016,FEMALE,TEST,Name688,100,688
2016,FEMALE,TEST,Name689,100,689
2016,FEMALE,TEST,Name690,100,690
2016,FEMALE,TEST,Name691,100,691
2016,FEMALE,TEST,Name692,100,692
2016,FEMALE,TEST,Name693,100,693
2016,FEMALE,TEST,Name694,100,694
2016,FEMALE,TEST,Name695,100,695
2016,FEMALE,TEST,Name696,100,696
2016,FEMALE,TEST,Name697,100,697
2016,FEMALE,TEST,Name698,100,698
2016,FEMALE,TEST,Name699,100,699
2016,FEMALE,TEST,Name700,100,700
2016,FEMALE,TEST,Name701,100,701
2016,FEMALE,TEST,Name702,100,702
2016,FEMALE,TEST,Name703,100,703
2016,FEMALE,TEST,Name704,100,704
2016,FEMALE,TEST,Name705,100,705
2016,FEMALE,TEST,Name706,100,706
2016,FEMALE,TEST,Name707,100,707
2016,FEMALE,TEST,Name708,100,708
2016,FEMALE,TEST,Name709,100,709
2016,FEMALE,TEST,Name710,100,710
2016,FEMALE,TEST,Name711,100,711
2016,FEMALE,TEST,Name712,100,712
2016,FEMALE,TEST,Name713,100,713
2016,FEMALE,TEST,Name714,100,714
2016,FEMALE,TEST,Name715,100,715
2016,FEMALE,TEST,Name716,100,716
2016,FEMALE,TEST,Name717,100,717
2016,FEMALE,TEST,Name718,100,718
2016,FEMALE,TEST,Name719,100,719
2016,FEMALE,TEST,Name720,100,720
2016,FEMALE,TEST,Name721,100,721
2016,FEMALE,TEST,Name722,100,722
2016,FEMALE,TEST,Name723,100,723
2016,FEMALE,TEST,Name724,100,724
2016,FEMALE,TEST,Name725,100,725
2016,FEMALE,TEST,Name726,100,726
2016,FEMALE,TEST,Name727,100,727
2016,FEMALE,TEST,Name728,100,728
2016,FEMALE,TEST,Name729,100,729
2016,FEMALE,TEST,Name730,100,730
2016,FEMALE,TEST,Name731,100,731
2016,FEMALE,TEST,Name732,100,732
2016,FEMALE,TEST,Name733,100,733
2016,FEMALE,TEST,Name734,100,734
2016,FEMALE,TEST,Name735,100,735
2016,FEMALE,TEST,Name736,100,736
2016,FEMALE,TEST,Name737,100,737
2016,FEMALE,TEST,Name738,100,738
2016,FEMALE,TEST,Name739,100,739
2016,FEMALE,TEST,Name740,100,740
2016,FEMALE,TEST,Name741,100,741
2016,FEMALE,TEST,Name742,100,742
2016,FEMALE,TEST,Name743,100,743
2016,FEMALE,TEST,Name744,100,744
2016,FEMALE,TEST,Name745,100,745
2016,FEMALE,TEST,Name746,100,746
2016,FEMALE,TEST,Name747,100,747
2016,FEMALE,TEST,Name748,100,748
2016,FEMALE,TEST,Name749,100,749
2016,FEMALE,TEST,Name750,100,750
2016,FEMALE,TEST,Name751,100,751
2016,FEMALE,TEST,Name752,100,752
2016,FEMALE,TEST,Name753,100,753
2016,FEMALE,TEST,Name754,100,754
2016,FEMALE,TEST,Name755,100,755
2016,FEMALE,TEST,Name756,100,756
2016,FEMALE,TEST,Name757,100,757
2016,FEMALE,TEST,Name758,100,758
2016,FEMALE,TEST,Name759,100,759
2016,FEMALE,TEST,Name760,100,760
2016,FEMALE,TEST,Name761,100,761
2016,FEMALE,TEST,Name762,100,762
2016,FEMALE,TEST,Name763,100,763
2016,FEMALE,TEST,Name764,100,764
2016,FEMALE,TEST,Name765,100,765
2016,FEMALE,TEST,Name766,100,766
2016,FEMALE,TEST,Name767,100,767
2016,FEMALE,TEST,Name768,100,768
2016,FEMALE,TEST,Name769,100,769
2016,FEMALE,TEST,Name770,100,770
2016,FEMALE,TEST,Name771,100,771
2016,FEMALE,TEST,Name772,100,772
2016,FEMALE,TEST,Name773,100,773
2016,FEMALE,TEST,Name774,100,774
2016,FEMALE,TEST,Name775,100,775
2016,FEMALE,TEST,Name776,100,776
2016,FEMALE,TEST,Name777,100,777
2016,FEMALE,TEST,Name778,100,778
2016,FEMALE,TEST,Name779,100,779
2016,FEMALE,TEST,Name780,100,780
2016,FEMALE,TEST,Name781,100,781
2016,FEMALE,TEST,Name782,100,782
2016,FEMALE,TEST,Name783,100,783
2016,FEMALE,TEST,Name784,100,784
2016,FEMALE,TEST,Name785,100,785
2016,FEMALE,TEST,Name786,100,786
2016,FEMALE,TEST,Name787,100,787
2016,FEMALE,TEST,Name788,100,788
2016,FEMALE,TEST,Name789,100,789
2016,FEMALE,TEST,Name790,100,790
2016,FEMALE,TEST,Name791,100,791
2016,FEMALE,TEST,Name792,100,792
2016,FEMALE,TEST,Name793,100,793
2016,FEMALE,TEST,Name794,100,794
2016,FEMALE,TEST,Name795,100,795
2016,FEMALE,TEST,Name796,100,796
2016,FEMALE,TEST,Name797,100,797
2016,FEMALE,TEST,Name798,100,798
2016,FEMALE,TEST,Name799,100,799
2016,FEMALE,TEST,Name800,100,800
2016,FEMALE,TEST,Name801,100,801
2016,FEMALE,TEST,Name802,100,802
2016,FEMALE,TEST,Name803,100,803
2016,FEMALE,TEST,Name804,100,804
2016,FEMALE,TEST,Name805,100,805
2016,FEMALE,TEST,Name806,100,806
2016,FEMALE,TEST,Name807,100,807
2016,FEMALE,TEST,Name808,100,808
2016,FEMALE,TEST,Name809,100,809
2016,FEMALE,TEST,Name810,100,810
2016,FEMALE,TEST,Name811,100,811
2016,FEMALE,TEST,Name812,100,812
2016,FEMALE,TEST,Name813,100,813
2016,FEMALE,TEST,Name814,100,814
2016,FEMALE,TEST,Name815,100,815
2016,FEMALE,TEST,Name816,100,816
2016,FEMALE,TEST,Name817,100,817
2016,FEMALE,TEST,Name818,100,818
2016,FEMALE,TEST,Name819,100,819
2016,FEMALE,TEST,Name820,100,820
2016,FEMALE,TEST,Name821,100,821
2016,FEMALE,TEST,Name822,100,822
2016,FEMALE,TEST,Name823,100,823
2016,FEMALE,TEST,Name824,100,824
2016,FEMALE,TEST,Name825,100,825
2016,FEMALE,TEST,Name826,100,826
2016,FEMALE,TEST,Name827,100,827
2016,FEMALE,TEST,Name828,100,828
2016,FEMALE,TEST,Name829,100,829
2016,FEMALE,TEST,Name830,100,830
2016,FEMALE,TEST,Name831,100,831
2016,FEMALE,TEST,Name832,100,832
2016,FEMALE,TEST,Name833,100,833
2016,FEMALE,TEST,Name834,100,834
2016,FEMALE,TEST,Name835,100,835
2016,FEMALE,TEST,Name836,100,836
2016,FEMALE,TEST,Name837,100,837
2016,FEMALE,TEST,Name838,100,838
2016,FEMALE,TEST,Name839,100,839
2016,FEMALE,TEST,Name840,100,840
2016,FEMALE,TEST,Name841,100,841
2016,FEMALE,TEST,Name842,100,842
2016,FEMALE,TEST,Name843,100,843
2016,FEMALE,TEST,Name844,100,844
2016,FEMALE,TEST,Name845,100,845
2016,FEMALE,TEST,Name846,100,846
2016,FEMALE,TEST,Name847,100,847
2016,FEMALE,TEST,Name848,100,848
2016,FEMALE,TEST,Name849,100,849
2016,FEMALE,TEST,Name850,100,850
2016,FEMALE,TEST,Name851,100,851
2016,FEMALE,TEST,Name852,100,852
2016,FEMALE,TEST,Name853,100,853
2016,FEMALE,TEST,Name854,100,854
2016,FEMALE,TEST,Name855,100,855
2016,FEMALE,TEST,Name856,100,856
2016,FEMALE,TEST,Name857,100,857
2016,FEMALE,TEST,Name858,100,858
2016,FEMALE,TEST,Name859,100,859
2016,FEMALE,TEST,Name860,100,860
2016,FEMALE,TEST,Name861,100,861
2016,FEMALE,TEST,Name862,100,862
2016,FEMALE,TEST,Name863,100,863
2016,FEMALE,TEST,Name864,100,864
2016,FEMALE,TEST,Name865,100,865
2016,FEMALE,TEST,Name866,100,866
2016,FEMALE,TEST,Name867,100,867
2016,FEMALE,TEST,Name868,100,868
2016,FEMALE,TEST,Name869,100,869
2016,FEMALE,TEST,Name870,100,870
2016,FEMALE,TEST,Name871,100,871
2016,FEMALE,TEST,Name872,100,872
2016,FEMALE,TEST,Name873,100,873
2016,FEMALE,TEST,Name874,100,874
2016,FEMALE,TEST,Name875,100,875
2016,FEMALE,TEST,Name876,100,876
2016,FEMALE,TEST,Name877,100,877
2016,FEMALE,TEST,Name878,100,878
2016,FEMALE,TEST,Name879,100,879
2016,FEMALE,TEST,Name880,100,880
2016,FEMALE,TEST,Name881,100,881
2016,FEMALE,TEST,Name882,100,882
2016,FEMALE,TEST,Name883,100,883
2016,FEMALE,TEST,Name884,100,884
2016,FEMALE,TEST,Name885,100,885
2016,FEMALE,TEST,Name886,100,886
2016,FEMALE,TEST,Name887,100,887
2016,FEMALE,TEST,Name888,100,888
2016,FEMALE,TEST,Name889,100,889
2016,FEMALE,TEST,Name890,100,890
2016,FEMALE,TEST,Name891,100,891
2016,FEMALE,TEST,Name892,100,892
2016,FEMALE,TEST,Name893,100,893
2016,FEMALE,TEST,Name894,100,894
2016,FEMALE,TEST,Name895,100,895
2016,FEMALE,TEST,Name896,100,896
2016,FEMALE,TEST,Name897,100,897
2016,FEMALE,TEST,Name898,100,898
2016,FEMALE,TEST,Name899,100,899
2016,FEMALE,TEST,Name900,100,900
2016,FEMALE,TEST,Name901,100,901
2016,FEMALE,TEST,Name902,100,902
2016,FEMALE,TEST,Name903,100,903
2016,FEMALE,TEST,Name904,100,904
2016,FEMALE,TEST,Name905,100,905
2016,FEMALE,TEST,Name906,100,906
2016,FEMALE,TEST,Name907,100,907
2016,FEMALE,TEST,Name908,100,908
2016,FEMALE,TEST,Name909,100,909
2016,FEMALE,TEST,Name910,100,910
2016,FEMALE,TEST,Name911,100,911
2016,FEMALE,TEST,Name912,100,912
2016,FEMALE,TEST,Name913,100,913
2016,FEMALE,TEST,Name914,100,914
2016,FEMALE,TEST,Name915,100,915
2016,FEMALE,TEST,Name916,100,916
2016,FEMALE,TEST,Name917,100,917
2016,FEMALE,TEST,Name918,100,918
2016,FEMALE,TEST,Name919,100,919
2016,FEMALE,TEST,Name920,100,920
2016,FEMALE,TEST,Name921,100,921
2016,FEMALE,TEST,Name922,100,922
2016,FEMALE,TEST,Name923,100,923
2016,FEMALE,TEST,Name924,100,924
2016,FEMALE,TEST,Name925,100,925
2016,FEMALE,TEST,Name926,100,926
2016,FEMALE,TEST,Name927,100,927
2016,FEMALE,TEST,Name928,100,928
2016,FEMALE,TEST,Name929,100,929
2016,FEMALE,TEST,Name930,100,930
2016,FEMALE,TEST,Name931,100,931
2016,FEMALE,TEST,Name932,100,932
2016,FEMALE,TEST,Name933,100,933
2016,FEMALE,TEST,Name934,100,934
2016,FEMALE,TEST,Name935,100,935
2016,FEMALE,TEST,Name936,100,936
2016,FEMALE,TEST,Name937,100,937
2016,FEMALE,TEST,Name938,100,938
2016,FEMALE,TEST,Name939,100,939
2016,FEMALE,TEST,Name940,100,940
2016,FEMALE,TEST,Name941,100,941
2016,FEMALE,TEST,Name942,100,942
2016,FEMALE,TEST,Name943,100,943
2016,FEMALE,TEST,Name944,100,944
2016,FEMALE,TEST,Name945,100,945
2016,FEMALE,TEST,Name946,100,946
2016,FEMALE,TEST,Name947,100,947
2016,FEMALE,TEST,Name948,100,948
2016,FEMALE,TEST,Name949,100,949
2016,FEMALE,TEST,Name950,100,950
2016,FEMALE,TEST,Name951,100,951
2016,FEMALE,TEST,Name952,100,952
2016,FEMALE,TEST,Name953,100,953
2016,FEMALE,TEST,Name954,100,954
2016,FEMALE,TEST,Name955,100,955
2016,FEMALE,TEST,Name956,100,956
2016,FEMALE,TEST,Name957,100,957
2016,FEMALE,TEST,Name958,100,958
2016,FEMALE,TEST,Name959,100,959
2016,FEMALE,TEST,Name960,100,960
2016,FEMALE,TEST,Name961,100,961
2016,FEMALE,TEST,Name962,100,962
2016,FEMALE,TEST,Name963,100,963
2016,FEMALE,TEST,Name964,100,964
2016,FEMALE,TEST,Name965,100,965
2016,FEMALE,TEST,Name966,100,966
2016,FEMALE,TEST,Name967,100,967
2016,FEMALE,TEST,Name968,100,968
2016,FEMALE,TEST,Name969,100,969
2016,FEMALE,TEST,Name970,100,970
2016,FEMALE,TEST,Name971,100,971
2016,FEMALE,TEST,Name972,100,972
2016,FEMALE,TEST,Name973,100,973
2016,FEMALE,TEST,Name974,100,974
2016,FEMALE,TEST,Name975,100,975
2016,FEMALE,TEST,Name976,100,976
2016,FEMALE,TEST,Name977,100,977
2016,FEMALE,TEST,Name978,100,978
2016,FEMALE,TEST,Name979,100,979
2016,FEMALE,TEST,Name980,100,980
2016,FEMALE,TEST,Name981,100,981
2016,FEMALE,TEST,Name982,100,982
2016,FEMALE,TEST,Name983,100,983
2016,FEMALE,TEST,Name984,100,984
2016,FEMALE,TEST,Name985,100,985
2016,FEMALE,TEST,Name986,100,986
2016,FEMALE,TEST,Name987,100,987
2016,FEMALE,TEST,Name988,100,988
2016,FEMALE,TEST,Name989,100,989
2016,FEMALE,TEST,Name990,100,990
2016,FEMALE,TEST,Name991,100,991
2016,FEMALE,TEST,Name992,100,992
2016,FEMALE,TEST,Name993,100,993
2016,FEMALE,TEST,Name994,100,994
2016,FEMALE,TEST,Name995,100,995
2016,FEMALE,TEST,Name996,100,996
2016,FEMALE,TEST,Name997,100,997
2016,FEMALE,TEST,Name998,100,998
2016,FEMALE,TEST,Name999,100,999
2016,FEMALE,TEST,Name1000,100,1000
2016,FEMALE,TEST,Name1001,100,1001
2016,FEMALE,TEST,Name1002,100,1002
2016,FEMALE,TEST,Name1003,100,1003
2016,FEMALE,TEST,Name1004,100,1004
2016,FEMALE,TEST,Name1005,100,1005
2016,FEMALE,TEST,Name1006,100,1006
2016,FEMALE,TEST,Name1007,100,1007
2016,FEMALE,TEST,Name1008,100,1008
2016,FEMALE,TEST,Name1009,100,1009
2016,FEMALE,TEST,Name1010,100,1010
2016,FEMALE,TEST,Name1011,100,1011
2016,FEMALE,TEST,Name1012,100,1012
2016,FEMALE,TEST,Name1013,100,1013
2016,FEMALE,TEST,Name1014,100,1014
2016,FEMALE,TEST,Name1015,100,1015
2016,FEMALE,TEST,Name1016,100,1016
2016,FEMALE,TEST,Name1017,100,1017
2016,FEMALE,TEST,Name1018,100,1018
2016,FEMALE,TEST,Name1019,100,1019
2016,FEMALE,TEST,Name1020,100,1020
2016,FEMALE,TEST,Name1021,100,1021
2016,FEMALE,TEST,Name1022,100,1022
2016,FEMALE,TEST,Name1023,100,1023
2016,FEMALE,TEST,Name1024,100,1024
2016,FEMALE,TEST,Name1025,100,1025
2016,FEMALE,TEST,Name1026,100,1026
2016,FEMALE,TEST,Name1027,100,1027
2016,FEMALE,TEST,Name1028,100,1028
2016,FEMALE,TEST,Name1029,100,1029
2016,FEMALE,TEST,Name1030,100,1030
2016,FEMALE,TEST,Name1031,100,1031
2016,FEMALE,TEST,Name1032,100,1032
2016,FEMALE,TEST,Name1033,100,1033
2016,FEMALE,TEST,Name1034,100,1034
2016,FEMALE,TEST,Name1035,100,1035
2016,FEMALE,TEST,Name1036,100,1036
2016,FEMALE,TEST,Name1037,100,1037
2016,FEMALE,TEST,Name1038,100,1038
2016,FEMALE,TEST,Name1039,100,1039
2016,FEMALE,TEST,Name1040,100,1040
2016,FEMALE,TEST,Name1041,100,1041
2016,FEMALE,TEST,Name1042,100,1042
2016,FEMALE,TEST,Name1043,100,1043
2016,FEMALE,TEST,Name1044,100,1044
2016,FEMALE,TEST,Name1045,100,1045
2016,FEMALE,TEST,Name1046,100,1046
2016,FEMALE,TEST,Name1047,100,1047
2016,FEMALE,TEST,Name1048,100,1048
2016,FEMALE,TEST,Name1049,100,1049
2016,FEMALE,TEST,Name1050,100,1050
2016,FEMALE,TEST,Name1051,100,1051
2016,FEMALE,TEST,Name1052,100,1052
2016,FEMALE,TEST,Name1053,100,1053
2016,FEMALE,TEST,Name1054,100,1054
2016,FEMALE,TEST,Name1055,100,1055
2016,FEMALE,TEST,Name1056,100,1056
2016,FEMALE,TEST,Name1057,100,1057
2016,FEMALE,TEST,Name1058,100,1058
2016,FEMALE,TEST,Name1059,100,1059
2016,FEMALE,TEST,Name1060,100,1060
2016,FEMALE,TEST,Name1061,100,1061
2016,FEMALE,TEST,Name1062,100,1062
2016,FEMALE,TEST,Name1063,100,1063
2016,FEMALE,TEST,Name1064,100,1064
2016,FEMALE,TEST,Name1065,100,1065
2016,FEMALE,TEST,Name1066,100,1066
2016,FEMALE,TEST,Name1067,100,1067
2016,FEMALE,TEST,Name1068,100,1068
2016,FEMALE,TEST,Name1069,100,1069
2016,FEMALE,TEST,Name1070,100,1070
2016,FEMALE,TEST,Name1071,100,1071
2016,FEMALE,TEST,Name1072,100,1072
2016,FEMALE,TEST,Name1073,100,1073
2016,FEMALE,TEST,Name1074,100,1074
2016,FEMALE,TEST,Name1075,100,1075
2016,FEMALE,TEST,Name1076,100,1076
2016,FEMALE,TEST,Name1077,100,1077
2016,FEMALE,TEST,Name1078,100,1078
2016,FEMALE,TEST,Name1079,100,1079
2016,FEMALE,TEST,Name1080,100,1080
2016,FEMALE,TEST,Name1081,100,1081
2016,FEMALE,TEST,Name1082,100,1082
2016,FEMALE,TEST,Name1083,100,1083
2016,FEMALE,TEST,Name1084,100,1084
2016,FEMALE,TEST,Name1085,100,1085
2016,FEMALE,TEST,Name1086,100,1086
2016,FEMALE,TEST,Name1087,100,1087
2016,FEMALE,TEST,Name1088,100,1088
2016,FEMALE,TEST,Name1089,100,1089
2016,FEMALE,TEST,Name1090,100,1090
2016,FEMALE,TEST,Name1091,100,1091
2016,FEMALE,TEST,Name1092,100,1092
2016,FEMALE,TEST,Name1093,100,1093
2016,FEMALE,TEST,Name1094,100,1094
2016,FEMALE,TEST,Name1095,100,1095
2016,FEMALE,TEST,Name1096,100,1096
2016,FEMALE,TEST,Name1097,100,1097
2016,FEMALE,TEST,Name1098,100,1098
2016,FEMALE,TEST,Name1099,100,1099
2016,FEMALE,TEST,Name1100,100,1100
2016,FEMALE,TEST,Name1101,100,1101
2016,FEMALE,TEST,Name1102,100,1102
2016,FEMALE,TEST,Name1103,100,1103
2016,FEMALE,TEST,Name1104,100,1104
2016,FEMALE,TEST,Name1105,100,1105
2016,FEMALE,TEST,Name1106,100,1106
2016,FEMALE,TEST,Name1107,100,1107
2016,FEMALE,TEST,Name1108,100,1108
2016,FEMALE,TEST,Name1109,100,1109
2016,FEMALE,TEST,Name1110,100,1110
2016,FEMALE,TEST,Name1111,100,1111
2016,FEMALE,TEST,Name1112,100,1112
2016,FEMALE,TEST,Name1113,100,1113
2016,FEMALE,TEST,Name1114,100,1114
2016,FEMALE,TEST,Name1115,100,1115
2016,FEMALE,TEST,Name1116,100,1116
2016,FEMALE,TEST,Name1117,100,1117
2016,FEMALE,TEST,Name1118,100,1118
2016,FEMALE,TEST,Name1119,100,1119
2016,FEMALE,TEST,Name1120,100,1120
2016,FEMALE,TEST,Name1121,100,1121
2016,FEMALE,TEST,Name1122,100,1122
2016,FEMALE,TEST,Name1123,100,1123
2016,FEMALE,TEST,Name1124,100,1124
2016,FEMALE,TEST,Name1125,100,1125
2016,FEMALE,TEST,Name1126,100,1126
2016,FEMALE,TEST,Name1127,100,1127
2016,FEMALE,TEST,Name1128,100,1128
2016,FEMALE,TEST,Name1129,100,1129
2016,FEMALE,TEST,Name1130,100,1130
2016,FEMALE,TEST,Name1131,100,1131
2016,FEMALE,TEST,Name1132,100,1132
2016,FEMALE,TEST,Name1133,100,1133
2016,FEMALE,TEST,Name1134,100,1134
2016,FEMALE,TEST,Name1135,100,1135
2016,FEMALE,TEST,Name1136,100,1136
2016,FEMALE,TEST,Name1137,100,1137
2016,FEMALE,TEST,Name1138,100,1138
2016,FEMALE,TEST,Name1139,100,1139
2016,FEMALE,TEST,Name1140,100,1140
2016,FEMALE,TEST,Name1141,100,1141
2016,FEMALE,TEST,Name1142,100,1142
2016,FEMALE,TEST,Name1143,100,1143
2016,FEMALE,TEST,Name1144,100,1144
2016,FEMALE,TEST,Name1145,100,1145
2016,FEMALE,TEST,Name1146,100,1146
2016,FEMALE,TEST,Name1147,100,1147
2016,FEMALE,TEST,Name1148,100,1148
2016,FEMALE,TEST,Name1149,100,1149
2016,FEMALE,TEST,Name1150,100,1150
2016,FEMALE,TEST,Name1151,100,1151
2016,FEMALE,TEST,Name1152,100,1152
2016,FEMALE,TEST,Name1153,100,1153
2016,FEMALE,TEST,Name1154,100,1154
2016,FEMALE,TEST,Name1155,100,1155
2016,FEMALE,TEST,Name1156,100,1156
2016,FEMALE,TEST,Name1157,100,1157
2016,FEMALE,TEST,Name1158,100,1158
2016,FEMALE,TEST,Name1159,100,1159
2016,FEMALE,TEST,Name1160,100,1160
2016,FEMALE,TEST,Name1161,100,1161
2016,FEMALE,TEST,Name1162,100,1162
2016,FEMALE,TEST,Name1163,100,1163
2016,FEMALE,TEST,Name1164,100,1164
2016,FEMALE,TEST,Name1165,100,1165
2016,FEMALE,TEST,Name1166,100,1166
2016,FEMALE,TEST,Name1167,100,1167
2016,FEMALE,TEST,Name1168,100,1168
2016,FEMALE,TEST,Name1169,100,1169
2016,FEMALE,TEST,Name1170,100,1170
2016,FEMALE,TEST,Name1171,100,1171
2016,FEMALE,TEST,Name1172,100,1172
2016,FEMALE,TEST,Name1173,100,1173
2016,FEMALE,TEST,Name1174,100,1174
2016,FEMALE,TEST,Name1175,100,1175
2016,FEMALE,TEST,Name1176,100,1176
2016,FEMALE,TEST,Name1177,100,1177
2016,FEMALE,TEST,Name1178,100,1178
2016,FEMALE,TEST,Name1179,100,1179
2016,FEMALE,TEST,Name1180,100,1180
2016,FEMALE,TEST,Name1181,100,1181
2016,FEMALE,TEST,Name1182,100,1182
2016,FEMALE,TEST,Name1183,100,1183
2016,FEMALE,TEST,Name1184,100,1184
2016,FEMALE,TEST,Name1185,100,1185
2016,FEMALE,TEST,Name1186,100,1186
2016,FEMALE,TEST,Name1187,100,1187
2016,FEMALE,TEST,Name1188,100,1188
2016,FEMALE,TEST,Name1189,100,1189
2016,FEMALE,TEST,Name1190,100,1190
2016,FEMALE,TEST,Name1191,100,1191
2016,FEMALE,TEST,Name1192,100,1192
2016,FEMALE,TEST,Name1193,100,1193
2016,FEMALE,TEST,Name1194,100,1194
2016,FEMALE,TEST,Name1195,100,1195
2016,FEMALE,TEST,Name1196,100,1196
2016,FEMALE,TEST,Name1197,100,1197
2016,FEMALE,TEST,Name1198,100,1198
2016,FEMALE,TEST,Name1199,100,1199
2016,FEMALE,TEST,Name1200,100,1200
2016,FEMALE,TEST,Name1201,100,1201
2016,FEMALE,TEST,Name1202,100,1202
2016,FEMALE,TEST,Name1203,100,1203
2016,FEMALE,TEST,Name1204,100,1204
2016,FEMALE,TEST,Name1205,100,1205
2016,FEMALE,TEST,Name1206,100,1206
2016,FEMALE,TEST,Name1207,100,1207
2016,FEMALE,TEST,Name1208,100,1208
2016,FEMALE,TEST,Name1209,100,1209
2016,FEMALE,TEST,Name1210,100,1210
2016,FEMALE,TEST,Name1211,100,1211
2016,FEMALE,TEST,Name1212,100,1212
2016,FEMALE,TEST,Name1213,100,1213
2016,FEMALE,TEST,Name1214,100,1214
2016,FEMALE,TEST,Name1215,100,1215
2016,FEMALE,TEST,Name1216,100,1216
2016,FEMALE,TEST,Name1217,100,1217
2016,FEMALE,TEST,Name1218,100,1218
2016,FEMALE,TEST,Name1219,100,1219
2016,FEMALE,TEST,Name1220,100,1220
2016,FEMALE,TEST,Name1221,100,1221
2016,FEMALE,TEST,Name1222,100,1222
2016,FEMALE,TEST,Name1223,100,1223
2016,FEMALE,TEST,Name1224,100,1224
2016,FEMALE,TEST,Name1225,100,1225
2016,FEMALE,TEST,Name1226,100,1226
2016,FEMALE,TEST,Name1227,100,1227
2016,FEMALE,TEST,Name1228,100,1228
2016,FEMALE,TEST,Name1229,100,1229
2016,FEMALE,TEST,Name1230,100,1230
2016,FEMALE,TEST,Name1231,100,1231
2016,FEMALE,TEST,Name1232,100,1232
2016,FEMALE,TEST,Name1233,100,1233
2016,FEMALE,TEST,Name1234,100,1234
2016,FEMALE,TEST,Name1235,100,1235
2016,FEMALE,TEST,Name1236,100,1236
2016,FEMALE,TEST,Name1237,100,1237
2016,FEMALE,TEST,Name1238,100,1238
2016,FEMALE,TEST,Name1239,100,1239
2016,FEMALE,TEST,Name1240,100,1240
2016,FEMALE,TEST,Name1241,100,1241
2016,FEMALE,TEST,Name1242,100,1242
2016,FEMALE,TEST,Name1243,100,1243
2016,FEMALE,TEST,Name1244,100,1244
2016,FEMALE,TEST,Name1245,100,1245
2016,FEMALE,TEST,Name1246,100,1246
2016,FEMALE,TEST,Name1247,100,1247
2016,FEMALE,TEST,Name1248,100,1248
2016,FEMALE,TEST,Name1249,100,1249
2016,FEMALE,TEST,Name1250,100,1250
2016,FEMALE,TEST,Name1251,100,1251
2016,FEMALE,TEST,Name1252,100,1252
2016,FEMALE,TEST,Name1253,100,1253
2016,FEMALE,TEST,Name1254,100,1254
2016,FEMALE,TEST,Name1255,100,1255
2016,FEMALE,TEST,Name1256,100,1256
2016,FEMALE,TEST,Name1257,100,1257
2016,FEMALE,TEST,Name1258,100,1258
2016,FEMALE,TEST,Name1259,100,1259
2016,FEMALE,TEST,Name1260,100,1260
2016,FEMALE,TEST,Name1261,100,1261
2016,FEMALE,TEST,Name1262,100,1262
2016,FEMALE,TEST,Name1263,100,1263
2016,FEMALE,TEST,Name1264,100,1264
2016,FEMALE,TEST,Name1265,100,1265
2016,FEMALE,TEST,Name1266,100,1266
2016,FEMALE,TEST,Name1267,100,1267
2016,FEMALE,TEST,Name1268,100,1268
2016,FEMALE,TEST,Name1269,100,1269
2016,FEMALE,TEST,Name1270,100,1270
2016,FEMALE,TEST,Name1271,100,1271
2016,FEMALE,TEST,Name1272,100,1272
2016,FEMALE,TEST,Name1273,100,1273
2016,FEMALE,TEST,Name1274,100,1274
2016,FEMALE,TEST,Name1275,100,1275
2016,FEMALE,TEST,Name1276,100,1276
2016,FEMALE,TEST,Name1277,100,1277
2016,FEMALE,TEST,Name1278,100,1278
2016,FEMALE,TEST,Name1279,100,1279
2016,FEMALE,TEST,Name1280,100,1280
2016,FEMALE,TEST,Name1281,100,1281
2016,FEMALE,TEST,Name1282,100,1282
2016,FEMALE,TEST,Name1283,100,1283
2016,FEMALE,TEST,Name1284,100,1284
2016,FEMALE,TEST,Name1285,100,1285
2016,FEMALE,TEST,Name1286,100,1286
2016,FEMALE,TEST,Name1287,100,1287
2016,FEMALE,TEST,Name1288,100,1288
2016,FEMALE,TEST,Name1289,100,1289
2016,FEMALE,TEST,Name1290,100,1290
2016,FEMALE,TEST,Name1291,100,1291
2016,FEMALE,TEST,Name1292,100,1292
2016,FEMALE,TEST,Name1293,100,1293
2016,FEMALE,TEST,Name1294,100,1294
2016,FEMALE,TEST,Name1295,100,1295
2016,FEMALE,TEST,Name1296,100,1296
2016,FEMALE,TEST,Name1297,100,1297
2016,FEMALE,TEST,Name1298,100,1298
2016,FEMALE,TEST,Name1299,100,1299
2016,FEMALE,TEST,Name1300,100,1300
2016,FEMALE,TEST,Name1301,100,1301
2016,FEMALE,TEST,Name1302,100,1302
2016,FEMALE,TEST,Name1303,100,1303
2016,FEMALE,TEST,Name1304,100,1304
2016,FEMALE,TEST,Name1305,100,1305
2016,FEMALE,TEST,Name1306,100,1306
2016,FEMALE,TEST,Name1307,100,1307
2016,FEMALE,TEST,Name1308,100,1308
2016,FEMALE,TEST,Name1309,100,1309
2016,FEMALE,TEST,Name1310,100,1310
2016,FEMALE,TEST,Name1311,100,1311
2016,FEMALE,TEST,Name1312,100,1312
2016,FEMALE,TEST,Name1313,100,1313
2016,FEMALE,TEST,Name1314,100,1314
2016,FEMALE,TEST,Name1315,100,1315
2016,FEMALE,TEST,Name1316,100,1316
2016,FEMALE,TEST,Name1317,100,1317
2016,FEMALE,TEST,Name1318,100,1318
2016,FEMALE,TEST,Name1319,100,1319
2016,FEMALE,TEST,Name1320,100,1320
2016,FEMALE,TEST,Name1321,100,1321
2016,FEMALE,TEST,Name1322,100,1322
2016,FEMALE,TEST,Name1323,100,1323
2016,FEMALE,TEST,Name1324,100,1324
2016,FEMALE,TEST,Name1325,100,1325
2016,FEMALE,TEST,Name1326,100,1326
2016,FEMALE,TEST,Name1327,100,1327
2016,FEMALE,TEST,Name1328,100,1328
2016,FEMALE,TEST,Name1329,100,1329
2016,FEMALE,TEST,Name1330,100,1330
2016,FEMALE,TEST,Name1331,100,1331
2016,FEMALE,TEST,Name1332,100,1332
2016,FEMALE,TEST,Name1333,100,1333
2016,FEMALE,TEST,Name1334,100,1334
2016,FEMALE,TEST,Name1335,100,1335
2016,FEMALE,TEST,Name1336,100,1336
2016,FEMALE,TEST,Name1337,100,1337
2016,FEMALE,TEST,Name1338,100,1338
2016,FEMALE,TEST,Name1339,100,1339
2016,FEMALE,TEST,Name1340,100,1340
2016,FEMALE,TEST,Name1341,100,1341
2016,FEMALE,TEST,Name1342,100,1342
2016,FEMALE,TEST,Name1343,100,1343
2016,FEMALE,TEST,Name1344,100,1344
2016,FEMALE,TEST,Name1345,100,1345
2016,FEMALE,TEST,Name1346,100,1346
2016,FEMALE,TEST,Name1347,100,1347
2016,FEMALE,TEST,Name1348,100,1348
2016,FEMALE,TEST,Name1349,100,1349
2016,FEMALE,TEST,Name1350,100,1350
2016,FEMALE,TEST,Name1351,100,1351
2016,FEMALE,TEST,Name1352,100,1352
2016,FEMALE,TEST,Name1353,100,1353
2016,FEMALE,TEST,Name1354,100,1354
2016,FEMALE,TEST,Name1355,100,1355
2016,FEMALE,TEST,Name1356,100,1356
2016,FEMALE,TEST,Name1357,100,1357
2016,FEMALE,TEST,Name1358,100,1358
2016,FEMALE,TEST,Name1359,100,1359
2016,FEMALE,TEST,Name1360,100,1360
2016,FEMALE,TEST,Name1361,100,1361
2016,FEMALE,TEST,Name1362,100,1362
2016,FEMALE,TEST,Name1363,100,1363
2016,FEMALE,TEST,Name1364,100,1364
2016,FEMALE,TEST,Name1365,100,1365
2016,FEMALE,TEST,Name1366,100,1366
2016,FEMALE,TEST,Name1367,100,1367
2016,FEMALE,TEST,Name1368,100,1368
2016,FEMALE,TEST,Name1369,100,1369
2016,FEMALE,TEST,Name1370,100,1370
2016,FEMALE,TEST,Name1371,100,1371
2016,FEMALE,TEST,Name1372,100,1372
2016,FEMALE,TEST,Name1373,100,1373
2016,FEMALE,TEST,Name1374,100,1374
2016,FEMALE,TEST,Name1375,100,1375
2016,FEMALE,TEST,Name1376,100,1376
2016,FEMALE,TEST,Name1377,100,1377
2016,FEMALE,TEST,Name1378,100,1378
2016,FEMALE,TEST,Name1379,100,1379
2016,FEMALE,TEST,Name1380,100,1380
2016,FEMALE,TEST,Name1381,100,1381
2016,FEMALE,TEST,Name1382,100,1382
2016,FEMALE,TEST,Name1383,100,1383
2016,FEMALE,TEST,Name1384,100,1384
2016,FEMALE,TEST,Name1385,100,1385
2016,FEMALE,TEST,Name1386,100,1386
2016,FEMALE,TEST,Name1387,100,1387
2016,FEMALE,TEST,Name1388,100,1388
2016,FEMALE,TEST,Name1389,100,1389
2016,FEMALE,TEST,Name1390,100,1390
2016,FEMALE,TEST,Name1391,100,1391
2016,FEMALE,TEST,Name1392,100,1392
2016,FEMALE,TEST,Name1393,100,1393
2016,FEMALE,TEST,Name1394,100,1394
2016,FEMALE,TEST,Name1395,100,1395
2016,FEMALE,TEST,Name1396,100,1396
2016,FEMALE,TEST,Name1397,100,1397
2016,FEMALE,TEST,Name1398,100,1398
2016,FEMALE,TEST,Name1399,100,1399
2016,FEMALE,TEST,Name1400,100,1400
2016,FEMALE,TEST,Name1401,100,1401
2016,FEMALE,TEST,Name1402,100,1402
2016,FEMALE,TEST,Name1403,100,1403
2016,FEMALE,TEST,Name1404,100,1404
2016,FEMALE,TEST,Name1405,100,1405
2016,FEMALE,TEST,Name1406,100,1406
2016,FEMALE,TEST,Name1407,100,1407
2016,FEMALE,TEST,Name1408,100,1408
2016,FEMALE,TEST,Name1409,100,1409
2016,FEMALE,TEST,Name1410,100,1410
2016,FEMALE,TEST,Name1411,100,1411
2016,FEMALE,TEST,Name1412,100,1412
2016,FEMALE,TEST,Name1413,100,1413
2016,FEMALE,TEST,Name1414,100,1414
2016,FEMALE,TEST,Name1415,100,1415
2016,FEMALE,TEST,Name1416,100,1416
2016,FEMALE,TEST,Name1417,100,1417
2016,FEMALE,TEST,Name1418,100,1418
2016,FEMALE,TEST,Name1419,100,1419
2016,FEMALE,TEST,Name1420,100,1420
2016,FEMALE,TEST,Name1421,100,1421
2016,FEMALE,TEST,Name1422,100,1422
2016,FEMALE,TEST,Name1423,100,1423
2016,FEMALE,TEST,Name1424,100,1424
2016,FEMALE,TEST,Name1425,100,1425
2016,FEMALE,TEST,Name1426,100,1426
2016,FEMALE,TEST,Name1427,100,1427
2016,FEMALE,TEST,Name1428,100,1428
2016,FEMALE,TEST,Name1429,100,1429
2016,FEMALE,TEST,Name1430,100,1430
2016,FEMALE,TEST,Name1431,100,1431
2016,FEMALE,TEST,Name1432,100,1432
2016,FEMALE,TEST,Name1433,100,1433
2016,FEMALE,TEST,Name1434,100,1434
2016,FEMALE,TEST,Name1435,100,1435
2016,FEMALE,TEST,Name1436,100,1436
2016,FEMALE,TEST,Name1437,100,1437
2016,FEMALE,TEST,Name1438,100,1438
2016,FEMALE,TEST,Name1439,100,1439
2016,FEMALE,TEST,Name1440,100,1440
2016,FEMALE,TEST,Name1441,100,1441
2016,FEMALE,TEST,Name1442,100,1442
2016,FEMALE,TEST,Name1443,100,1443
2016,FEMALE,TEST,Name1444,100,1444
2016,FEMALE,TEST,Name1445,100,1445
2016,FEMALE,TEST,Name1446,100,1446
2016,FEMALE,TEST,Name1447,100,1447
2016,FEMALE,TEST,Name1448,100,1448
2016,FEMALE,TEST,Name1449,100,1449
2016,FEMALE,TEST,Name1450,100,1450
2016,FEMALE,TEST,Name1451,100,1451
2016,FEMALE,TEST,Name1452,100,1452
2016,FEMALE,TEST,Name1453,100,1453
2016,FEMALE,TEST,Name1454,100,1454
2016,FEMALE,TEST,Name1455,100,1455
2016,FEMALE,TEST,Name1456,100,1456
2016,FEMALE,TEST,Name1457,100,1457
2016,FEMALE,TEST,Name1458,100,1458
2016,FEMALE,TEST,Name1459,100,1459
2016,FEMALE,TEST,Name1460,100,1460
2016,FEMALE,TEST,Name1461,100,1461
2016,FEMALE,TEST,Name1462,100,1462
2016,FEMALE,TEST,Name1463,100,1463
2016,FEMALE,TEST,Name1464,100,1464
2016,FEMALE,TEST,Name1465,100,1465
2016,FEMALE,TEST,Name1466,100,1466
2016,FEMALE,TEST,Name1467,100,1467
2016,FEMALE,TEST,Name1468,100,1468
2016,FEMALE,TEST,Name1469,100,1469
2016,FEMALE,TEST,Name1470,100,1470
2016,FEMALE,TEST,Name1471,100,1471
2016,FEMALE,TEST,Name1472,100,1472
2016,FEMALE,TEST,Name1473,100,1473
2016,FEMALE,TEST,Name1474,100,1474
2016,FEMALE,TEST,Name1475,100,1475
2016,FEMALE,TEST,Name1476,100,1476
2016,FEMALE,TEST,Name1477,100,1477
2016,FEMALE,TEST,Name1478,100,1478
2016,FEMALE,TEST,Name1479,100,1479
2016,FEMALE,TEST,Name1480,100,1480
2016,FEMALE,TEST,Name1481,100,1481
2016,FEMALE,TEST,Name1482,100,1482
2016,FEMALE,TEST,Name1483,100,1483
2016,FEMALE,TEST,Name1484,100,1484
2016,FEMALE,TEST,Name1485,100,1485
2016,FEMALE,TEST,Name1486,100,1486
2016,FEMALE,TEST,Name1487,100,1487
2016,FEMALE,TEST,Name1488,100,1488
2016,FEMALE,TEST,Name1489,100,1489
2016,FEMALE,TEST,Name1490,100,1490
2016,FEMALE,TEST,Name1491,100,1491
2016,FEMALE,TEST,Name1492,100,1492
2016,FEMALE,TEST,Name1493,100,1493
2016,FEMALE,TEST,Name1494,100,1494
2016,FEMALE,TEST,Name1495,100,1495
2016,FEMALE,TEST,Name1496,100,1496
2016,FEMALE,TEST,Name1497,100,1497
2016,FEMALE,TEST,Name1498,100,1498
2016,FEMALE,TEST,Name1499,100,1499
2016,FEMALE,TEST,Name1500,100,1500
2016,FEMALE,TEST,Name1501,100,1501
2016,FEMALE,TEST,Name1502,100,1502
2016,FEMALE,TEST,Name1503,100,1503
2016,FEMALE,TEST,Name1504,100,1504
2016,FEMALE,TEST,Name1505,100,1505
2016,FEMALE,TEST,Name1506,100,1506
2016,FEMALE,TEST,Name1507,100,1507
2016,FEMALE,TEST,Name1508,100,1508
2016,FEMALE,TEST,Name1509,100,1509
2016,FEMALE,TEST,Name1510,100,1510
2016,FEMALE,TEST,Name1511,100,1511
2016,FEMALE,TEST,Name1512,100,1512
2016,FEMALE,TEST,Name1513,100,1513
2016,FEMALE,TEST,Name1514,100,1514
2016,FEMALE,TEST,Name1515,100,1515
2016,FEMALE,TEST,Name1516,100,1516
2016,FEMALE,TEST,Name1517,100,1517
2016,FEMALE,TEST,Name1518,100,1518
2016,FEMALE,TEST,Name1519,100,1519
2016,FEMALE,TEST,Name1520,100,1520
2016,FEMALE,TEST,Name1521,100,1521
2016,FEMALE,TEST,Name1522,100,1522
2016,FEMALE,TEST,Name1523,100,1523
2016,FEMALE,TEST,Name1524,100,1524
2016,FEMALE,TEST,Name1525,100,1525
2016,FEMALE,TEST,Name1526,100,1526
2016,FEMALE,TEST,Name1527,100,1527
2016,FEMALE,TEST,Name1528,100,1528
2016,FEMALE,TEST,Name1529,100,1529
2016,FEMALE,TEST,Name1530,100,1530
2016,FEMALE,TEST,Name1531,100,1531
2016,FEMALE,TEST,Name1532,100,1532
2016,FEMALE,TEST,Name1533,100,1533
2016,FEMALE,TEST,Name1534,100,1534
2016,FEMALE,TEST,Name1535,100,1535
2016,FEMALE,TEST,Name1536,100,1536
2016,FEMALE,TEST,Name1537,100,1537
2016,FEMALE,TEST,Name1538,100,1538
2016,FEMALE,TEST,Name1539,100,1539
2016,FEMALE,TEST,Name1540,100,1540
2016,FEMALE,TEST,Name1541,100,1541
2016,FEMALE,TEST,Name1542,100,1542
2016,FEMALE,TEST,Name1543,100,1543
2016,FEMALE,TEST,Name1544,100,1544
2016,FEMALE,TEST,Name1545,100,1545
2016,FEMALE,TEST,Name1546,100,1546
2016,FEMALE,TEST,Name1547,100,1547
2016,FEMALE,TEST,Name1548,100,1548
2016,FEMALE,TEST,Name1549,100,1549
2016,FEMALE,TEST,Name1550,100,1550
2016,FEMALE,TEST,Name1551,100,1551
2016,FEMALE,TEST,Name1552,100,1552
2016,FEMALE,TEST,Name1553,100,1553
2016,FEMALE,TEST,Name1554,100,1554
2016,FEMALE,TEST,Name1555,100,1555
2016,FEMALE,TEST,Name1556,100,1556
2016,FEMALE,TEST,Name1557,100,1557
2016,FEMALE,TEST,Name1558,100,1558
2016,FEMALE,TEST,Name1559,100,1559
2016,FEMALE,TEST,Name1560,100,1560
2016,FEMALE,TEST,Name1561,100,1561
2016,FEMALE,TEST,Name1562,100,1562
2016,FEMALE,TEST,Name1563,100,1563
2016,FEMALE,TEST,Name1564,100,1564
2016,FEMALE,TEST,Name1565,100,1565
2016,FEMALE,TEST,Name1566,100,1566
2016,FEMALE,TEST,Name1567,100,1567
2016,FEMALE,TEST,Name1568,100,1568
2016,FEMALE,TEST,Name1569,100,1569
2016,FEMALE,TEST,Name1570,100,1570
2016,FEMALE,TEST,Name1571,100,1571
2016,FEMALE,TEST,Name1572,100,1572
2016,FEMALE,TEST,Name1573,100,1573
2016,FEMALE,TEST,Name1574,100,1574
2016,FEMALE,TEST,Name1575,100,1575
2016,FEMALE,TEST,Name1576,100,1576
2016,FEMALE,TEST,Name1577,100,1577
2016,FEMALE,TEST,Name1578,100,1578
2016,FEMALE,TEST,Name1579,100,1579
2016,FEMALE,TEST,Name1580,100,1580
2016,FEMALE,TEST,Name1581,100,1581
2016,FEMALE,TEST,Name1582,100,1582
2016,FEMALE,TEST,Name1583,100,1583
2016,FEMALE,TEST,Name1584,100,1584
2016,FEMALE,TEST,Name1585,100,1585
2016,FEMALE,TEST,Name1586,100,1586
2016,FEMALE,TEST,Name1587,100,1587
2016,FEMALE,TEST,Name1588,100,1588
2016,FEMALE,TEST,Name1589,100,1589
2016,FEMALE,TEST,Name1590,100,1590
2016,FEMALE,TEST,Name1591,100,1591
2016,FEMALE,TEST,Name1592,100,1592
2016,FEMALE,TEST,Name1593,100,1593
2016,FEMALE,TEST,Name1594,100,1594
2016,FEMALE,TEST,Name1595,100,1595
2016,FEMALE,TEST,Name1596,100,1596
2016,FEMALE,TEST,Name1597,100,1597
2016,FEMALE,TEST,Name1598,100,1598
2016,FEMALE,TEST,Name1599,100,1599
2016,FEMALE,TEST,Name1600,100,1600
2016,FEMALE,TEST,Name1601,100,1601
2016,FEMALE,TEST,Name1602,100,1602
2016,FEMALE,TEST,Name1603,100,1603
2016,FEMALE,TEST,Name1604,100,1604
2016,FEMALE,TEST,Name1605,100,1605
2016,FEMALE,TEST,Name1606,100,1606
2016,FEMALE,TEST,Name1607,100,1607
2016,FEMALE,TEST,Name1608,100,1608
2016,FEMALE,TEST,Name1609,100,1609
2016,FEMALE,TEST,Name1610,100,1610
2016,FEMALE,TEST,Name1611,100,1611
2016,FEMALE,TEST,Name1612,100,1612
2016,FEMALE,TEST,Name1613,100,1613
2016,FEMALE,TEST,Name1614,100,1614
2016,FEMALE,TEST,Name1615,100,1615
2016,FEMALE,TEST,Name1616,100,1616
2016,FEMALE,TEST,Name1617,100,1617
2016,FEMALE,TEST,Name1618,100,1618
2016,FEMALE,TEST,Name1619,100,1619
2016,FEMALE,TEST,Name1620,100,1620
2016,FEMALE,TEST,Name1621,100,1621
2016,FEMALE,TEST,Name1622,100,1622
2016,FEMALE,TEST,Name1623,100,1623
2016,FEMALE,TEST,Name1624,100,1624
2016,FEMALE,TEST,Name1625,100,1625
2016,FEMALE,TEST,Name1626,100,1626
2016,FEMALE,TEST,Name1627,100,1627
2016,FEMALE,TEST,Name1628,100,1628
2016,FEMALE,TEST,Name1629,100,1629
2016,FEMALE,TEST,Name1630,100,1630
2016,FEMALE,TEST,Name1631,100,1631
2016,FEMALE,TEST,Name1632,100,1632
2016,FEMALE,TEST,Name1633,100,1633
2016,FEMALE,TEST,Name1634,100,1634
2016,FEMALE,TEST,Name1635,100,1635
2016,FEMALE,TEST,Name1636,100,1636
2016,FEMALE,TEST,Name1637,100,1637
2016,FEMALE,TEST,Name1638,100,1638
2016,FEMALE,TEST,Name1639,100,1639
2016,FEMALE,TEST,Name1640,100,1640
2016,FEMALE,TEST,Name1641,100,1641
2016,FEMALE,TEST,Name1642,100,1642
2016,FEMALE,TEST,Name1643,100,1643
2016,FEMALE,TEST,Name1644,100,1644
2016,FEMALE,TEST,Name1645,100,1645
2016,FEMALE,TEST,Name1646,100,1646
2016,FEMALE,TEST,Name1647,100,1647
2016,FEMALE,TEST,Name1648,100,1648
2016,FEMALE,TEST,Name1649,100,1649
2016,FEMALE,TEST,Name1650,100,1650
2016,FEMALE,TEST,Name1651,100,1651
2016,FEMALE,TEST,Name1652,100,1652
2016,FEMALE,TEST,Name1653,100,1653
2016,FEMALE,TEST,Name1654,100,1654
2016,FEMALE,TEST,Name1655,100,1655
2016,FEMALE,TEST,Name1656,100,1656
2016,FEMALE,TEST,Name1657,100,1657
2016,FEMALE,TEST,Name1658,100,1658
2016,FEMALE,TEST,Name1659,100,1659
2016,FEMALE,TEST,Name1660,100,1660
2016,FEMALE,TEST,Name1661,100,1661
2016,FEMALE,TEST,Name1662,100,1662
2016,FEMALE,TEST,Name1663,100,1663
2016,FEMALE,TEST,Name1664,100,1664
2016,FEMALE,TEST,Name1665,100,1665
2016,FEMALE,TEST,Name1666,100,1666
2016,FEMALE,TEST,Name1667,100,1667
2016,FEMALE,TEST,Name1668,100,1668
2016,FEMALE,TEST,Name1669,100,1669
2016,FEMALE,TEST,Name1670,100,1670
2016,FEMALE,TEST,Name1671,100,1671
2016,FEMALE,TEST,Name1672,100,1672
2016,FEMALE,TEST,Name1673,100,1673
2016,FEMALE,TEST,Name1674,100,1674
2016,FEMALE,TEST,Name1675,100,1675
2016,FEMALE,TEST,Name1676,100,1676
2016,FEMALE,TEST,Name1677,100,1677
2016,FEMALE,TEST,Name1678,100,1678
2016,FEMALE,TEST,Name1679,100,1679
2016,FEMALE,TEST,Name1680,100,1680
2016,FEMALE,TEST,Name1681,100,1681
2016,FEMALE,TEST,Name1682,100,1682
2016,FEMALE,TEST,Name1683,100,1683
2016,FEMALE,TEST,Name1684,100,1684
2016,FEMALE,TEST,Name1685,100,1685
2016,FEMALE,TEST,Name1686,100,1686
2016,FEMALE,TEST,Name1687,100,1687
2016,FEMALE,TEST,Name1688,100,1688
2016,FEMALE,TEST,Name1689,100,1689
2016,FEMALE,TEST,Name1690,100,1690
2016,FEMALE,TEST,Name1691,100,1691
2016,FEMALE,TEST,Name1692,100,1692
2016,FEMALE,TEST,Name1693,100,1693
2016,FEMALE,TEST,Name1694,100,1694
2016,FEMALE,TEST,Name1695,100,1695
2016,FEMALE,TEST,Name1696,100,1696
2016,FEMALE,TEST,Name1697,100,1697
2016,FEMALE,TEST,Name1698,100,1698
2016,FEMALE,TEST,Name1699,100,1699
2016,FEMALE,TEST,Name1700,100,1700
2016,FEMALE,TEST,Name1701,100,1701
2016,FEMALE,TEST,Name1702,100,1702
2016,FEMALE,TEST,Name1703,100,1703
2016,FEMALE,TEST,Name1704,100,1704
2016,FEMALE,TEST,Name1705,100,1705
2016,FEMALE,TEST,Name1706,100,1706
2016,FEMALE,TEST,Name1707,100,1707
2016,FEMALE,TEST,Name1708,100,1708
2016,FEMALE,TEST,Name1709,100,1709
2016,FEMALE,TEST,Name1710,100,1710
2016,FEMALE,TEST,Name1711,100,1711
2016,FEMALE,TEST,Name1712,100,1712
2016,FEMALE,TEST,Name1713,100,1713
2016,FEMALE,TEST,Name1714,100,1714
2016,FEMALE,TEST,Name1715,100,1715
2016,FEMALE,TEST,Name1716,100,1716
2016,FEMALE,TEST,Name1717,100,1717
2016,FEMALE,TEST,Name1718,100,1718
2016,FEMALE,TEST,Name1719,100,1719
2016,FEMALE,TEST,Name1720,100,1720
2016,FEMALE,TEST,Name1721,100,1721
2016,FEMALE,TEST,Name1722,100,1722
2016,FEMALE,TEST,Name1723,100,1723
2016,FEMALE,TEST,Name1724,100,1724
2016,FEMALE,TEST,Name1725,100,1725
2016,FEMALE,TEST,Name1726,100,1726
2016,FEMALE,TEST,Name1727,100,1727
2016,FEMALE,TEST,Name1728,100,1728
2016,FEMALE,TEST,Name1729,100,1729
2016,FEMALE,TEST,Name1730,100,1730
2016,FEMALE,TEST,Name1731,100,1731
2016,FEMALE,TEST,Name1732,100,1732
2016,FEMALE,TEST,Name1733,100,1733
2016,FEMALE,TEST,Name1734,100,1734
2016,FEMALE,TEST,Name1735,100,1735
2016,FEMALE,TEST,Name1736,100,1736
2016,FEMALE,TEST,Name1737,100,1737
2016,FEMALE,TEST,Name1738,100,1738
2016,FEMALE,TEST,Name1739,100,1739
2016,FEMALE,TEST,Name1740,100,1740
2016,FEMALE,TEST,Name1741,100,1741
2016,FEMALE,TEST,Name1742,100,1742
2016,FEMALE,TEST,Name1743,100,1743
2016,FEMALE,TEST,Name1744,100,1744
2016,FEMALE,TEST,Name1745,100,1745
2016,FEMALE,TEST,Name1746,100,1746
2016,FEMALE,TEST,Name1747,100,1747
2016,FEMALE,TEST,Name1748,100,1748
2016,FEMALE,TEST,Name1749,100,1749
2016,FEMALE,TEST,Name1750,100,1750
2016,FEMALE,TEST,Name1751,100,1751
2016,FEMALE,TEST,Name1752,100,1752
2016,FEMALE,TEST,Name1753,100,1753
2016,FEMALE,TEST,Name1754,100,1754
2016,FEMALE,TEST,Name1755,100,1755
2016,FEMALE,TEST,Name1756,100,1756
2016,FEMALE,TEST,Name1757,100,1757
2016,FEMALE,TEST,Name1758,100,1758
2016,FEMALE,TEST,Name1759,100,1759
2016,FEMALE,TEST,Name1760,100,1760
2016,FEMALE,TEST,Name1761,100,1761
2016,FEMALE,TEST,Name1762,100,1762
2016,FEMALE,TEST,Name1763,100,1763
2016,FEMALE,TEST,Name1764,100,1764
2016,FEMALE,TEST,Name1765,100,1765
2016,FEMALE,TEST,Name1766,100,1766
2016,FEMALE,TEST,Name1767,100,1767
2016,FEMALE,TEST,Name1768,100,1768
2016,FEMALE,TEST,Name1769,100,1769
2016,FEMALE,TEST,Name1770,100,1770
2016,FEMALE,TEST,Name1771,100,1771
2016,FEMALE,TEST,Name1772,100,1772
2016,FEMALE,TEST,Name1773,100,1773
2016,FEMALE,TEST,Name1774,100,1774
2016,FEMALE,TEST,Name1775,100,1775
2016,FEMALE,TEST,Name1776,100,1776
2016,FEMALE,TEST,Name1777,100,1777
2016,FEMALE,TEST,Name1778,100,1778
2016,FEMALE,TEST,Name1779,100,1779
2016,FEMALE,TEST,Name1780,100,1780
2016,FEMALE,TEST,Name1781,100,1781
2016,FEMALE,TEST,Name1782,100,1782
2016,FEMALE,TEST,Name1783,100,1783
2016,FEMALE,TEST,Name1784,100,1784
2016,FEMALE,TEST,Name1785,100,1785
2016,FEMALE,TEST,Name1786,100,1786
2016,FEMALE,TEST,Name1787,100,1787
2016,FEMALE,TEST,Name1788,100,1788
2016,FEMALE,TEST,Name1789,100,1789
2016,FEMALE,TEST,Name1790,100,1790
2016,FEMALE,TEST,Name1791,100,1791
2016,FEMALE,TEST,Name1792,100,1792
2016,FEMALE,TEST,Name1793,100,1793
2016,FEMALE,TEST,Name1794,100,1794
2016,FEMALE,TEST,Name1795,100,1795
2016,FEMALE,TEST,Name1796,100,1796
2016,FEMALE,TEST,Name1797,100,1797
2016,FEMALE,TEST,Name1798,100,1798
2016,FEMALE,TEST,Name1799,100,1799
2016,FEMALE,TEST,Name1800,100,1800
2016,FEMALE,TEST,Name1801,100,1801
2016,FEMALE,TEST,Name1802,100,1802
2016,FEMALE,TEST,Name1803,100,1803
2016,FEMALE,TEST,Name1804,100,1804
2016,FEMALE,TEST,Name1805,100,1805
2016,FEMALE,TEST,Name1806,100,1806
2016,FEMALE,TEST,Name1807,100,1807
2016,FEMALE,TEST,Name1808,100,1808
2016,FEMALE,TEST,Name1809,100,1809
2016,FEMALE,TEST,Name1810,100,1810
2016,FEMALE,TEST,Name1811,100,1811
2016,FEMALE,TEST,Name1812,100,1812
2016,FEMALE,TEST,Name1813,100,1813
2016,FEMALE,TEST,Name1814,100,1814
2016,FEMALE,TEST,Name1815,100,1815
2016,FEMALE,TEST,Name1816,100,1816
2016,FEMALE,TEST,Name1817,100,1817
2016,FEMALE,TEST,Name1818,100,1818
2016,FEMALE,TEST,Name1819,100,1819
2016,FEMALE,TEST,Name1820,100,1820
2016,FEMALE,TEST,Name1821,100,1821
2016,FEMALE,TEST,Name1822,100,1822
2016,FEMALE,TEST,Name1823,100,1823
2016,FEMALE,TEST,Name1824,100,1824
2016,FEMALE,TEST,Name1825,100,1825
2016,FEMALE,TEST,Name1826,100,1826
2016,FEMALE,TEST,Name1827,100,1827
2016,FEMALE,TEST,Name1828,100,1828
2016,FEMALE,TEST,Name1829,100,1829
2016,FEMALE,TEST,Name1830,100,1830
2016,FEMALE,TEST,Name1831,100,1831
2016,FEMALE,TEST,Name1832,100,1832
2016,FEMALE,TEST,Name1833,100,1833
2016,FEMALE,TEST,Name1834,100,1834
2016,FEMALE,TEST,Name1835,100,1835
2016,FEMALE,TEST,Name1836,100,1836
2016,FEMALE,TEST,Name1837,100,1837
2016,FEMALE,TEST,Name1838,100,1838
2016,FEMALE,TEST,Name1839,100,1839
2016,FEMALE,TEST,Name1840,100,1840
2016,FEMALE,TEST,Name1841,100,1841
2016,FEMALE,TEST,Name1842,100,1842
2016,FEMALE,TEST,Name1843,100,1843
2016,FEMALE,TEST,Name1844,100,1844
2016,FEMALE,TEST,Name1845,100,1845
2016,FEMALE,TEST,Name1846,100,1846
2016,FEMALE,TEST,Name1847,100,1847
2016,FEMALE,TEST,Name1848,100,1848
2016,FEMALE,TEST,Name1849,100,1849
2016,FEMALE,TEST,Name1850,100,1850
2016,FEMALE,TEST,Name1851,100,1851
2016,FEMALE,TEST,Name1852,100,1852
2016,FEMALE,TEST,Name1853,100,1853
2016,FEMALE,TEST,Name1854,100,1854
2016,FEMALE,TEST,Name1855,100,1855
2016,FEMALE,TEST,Name1856,100,1856
2016,FEMALE,TEST,Name1857,100,1857
2016,FEMALE,TEST,Name1858,100,1858
2016,FEMALE,TEST,Name1859,100,1859
2016,FEMALE,TEST,Name1860,100,1860
2016,FEMALE,TEST,Name1861,100,1861
2016,FEMALE,TEST,Name1862,100,1862
2016,FEMALE,TEST,Name1863,100,1863
2016,FEMALE,TEST,Name1864,100,1864
2016,FEMALE,TEST,Name1865,100,1865
2016,FEMALE,TEST,Name1866,100,1866
2016,FEMALE,TEST,Name1867,100,1867
2016,FEMALE,TEST,Name1868,100,1868
2016,FEMALE,TEST,Name1869,100,1869
2016,FEMALE,TEST,Name1870,100,1870
2016,FEMALE,TEST,Name1871,100,1871
2016,FEMALE,TEST,Name1872,100,1872
2016,FEMALE,TEST,Name1873,100,1873
2016,FEMALE,TEST,Name1874,100,1874
2016,FEMALE,TEST,Name1875,100,1875
2016,FEMALE,TEST,Name1876,100,1876
2016,FEMALE,TEST,Name1877,100,1877
2016,FEMALE,TEST,Name1878,100,1878
2016,FEMALE,TEST,Name1879,100,1879
2016,FEMALE,TEST,Name1880,100,1880
2016,FEMALE,TEST,Name1881,100,1881
2016,FEMALE,TEST,Name1882,100,1882
2016,FEMALE,TEST,Name1883,100,1883
2016,FEMALE,TEST,Name1884,100,1884
2016,FEMALE,TEST,Name1885,100,1885
2016,FEMALE,TEST,Name1886,100,1886
2016,FEMALE,TEST,Name1887,100,1887
2016,FEMALE,TEST,Name1888,100,1888
2016,FEMALE,TEST,Name1889,100,1889
2016,FEMALE,TEST,Name1890,100,1890
2016,FEMALE,TEST,Name1891,100,1891
2016,FEMALE,TEST,Name1892,100,1892
2016,FEMALE,TEST,Name1893,100,1893
2016,FEMALE,TEST,Name1894,100,1894
2016,FEMALE,TEST,Name1895,100,1895
2016,FEMALE,TEST,Name1896,100,1896
2016,FEMALE,TEST,Name1897,100,1897
2016,FEMALE,TEST,Name1898,100,1898
2016,FEMALE,TEST,Name1899,100,1899
2016,FEMALE,TEST,Name1900,100,1900
2016,FEMALE,TEST,Name1901,100,1901
2016,FEMALE,TEST,Name1902,100,1902
2016,FEMALE,TEST,Name1903,100,1903
2016,FEMALE,TEST,Name1904,100,1904
2016,FEMALE,TEST,Name1905,100,1905
2016,FEMALE,TEST,Name1906,100,1906
2016,FEMALE,TEST,Name1907,100,1907
2016,FEMALE,TEST,Name1908,100,1908
2016,FEMALE,TEST,Name1909,100,1909
2016,FEMALE,TEST,Name1910,100,1910
2016,FEMALE,TEST,Name1911,100,1911
2016,FEMALE,TEST,Name1912,100,1912
2016,FEMALE,TEST,Name1913,100,1913
2016,FEMALE,TEST,Name1914,100,1914
2016,FEMALE,TEST,Name1915,100,1915
2016,FEMALE,TEST,Name1916,100,1916
2016,FEMALE,TEST,Name1917,100,1917
2016,FEMALE,TEST,Name1918,100,1918
2016,FEMALE,TEST,Name1919,100,1919
2016,FEMALE,TEST,Name1920,100,1920
2016,FEMALE,TEST,Name1921,100,1921
2016,FEMALE,TEST,Name1922,100,1922
2016,FEMALE,TEST,Name1923,100,1923
2016,FEMALE,TEST,Name1924,100,1924
2016,FEMALE,TEST,Name1925,100,1925
2016,FEMALE,TEST,Name1926,100,1926
2016,FEMALE,TEST,Name1927,100,1927
2016,FEMALE,TEST,Name1928,100,1928
2016,FEMALE,TEST,Name1929,100,1929
2016,FEMALE,TEST,Name1930,100,1930
2016,FEMALE,TEST,Name1931,100,1931
2016,FEMALE,TEST,Name1932,100,1932
2016,FEMALE,TEST,Name1933,100,1933
2016,FEMALE,TEST,Name1934,100,1934
2016,FEMALE,TEST,Name1935,100,1935
2016,FEMALE,TEST,Name1936,100,1936
2016,FEMALE,TEST,Name1937,100,1937
2016,FEMALE,TEST,Name1938,100,1938
2016,FEMALE,TEST,Name1939,100,1939
2016,FEMALE,TEST,Name1940,100,1940
2016,FEMALE,TEST,Name1941,100,1941
2016,FEMALE,TEST,Name1942,100,1942
2016,FEMALE,TEST,Name1943,100,1943
2016,FEMALE,TEST,Name1944,100,1944
2016,FEMALE,TEST,Name1945,100,1945
2016,FEMALE,TEST,Name1946,100,1946
2016,FEMALE,TEST,Name1947,100,1947
2016,FEMALE,TEST,Name1948,100,1948
2016,FEMALE,TEST,Name1949,100,1949
2016,FEMALE,TEST,Name1950,100,1950
2016,FEMALE,TEST,Name1951,100,1951
2016,FEMALE,TEST,Name1952,100,1952
2016,FEMALE,TEST,Name1953,100,1953
2016,FEMALE,TEST,Name1954,100,1954
2016,FEMALE,TEST,Name1955,100,1955
2016,FEMALE,TEST,Name1956,100,1956
2016,FEMALE,TEST,Name1957,100,1957
2016,FEMALE,TEST,Name1958,100,1958
2016,FEMALE,TEST,Name1959,100,1959
2016,FEMALE,TEST,Name1960,100,1960
2016,FEMALE,TEST,Name1961,100,1961
2016,FEMALE,TEST,Name1962,100,1962
2016,FEMALE,TEST,Name1963,100,1963
2016,FEMALE,TEST,Name1964,100,1964
2016,FEMALE,TEST,Name1965,100,1965
2016,FEMALE,TEST,Name1966,100,1966
2016,FEMALE,TEST,Name1967,100,1967
2016,FEMALE,TEST,Name1968,100,1968
2016,FEMALE,TEST,Name1969,100,1969
2016,FEMALE,TEST,Name1970,100,1970
2016,FEMALE,TEST,Name1971,100,1971
2016,FEMALE,TEST,Name1972,100,1972
2016,FEMALE,TEST,Name1973,100,1973
2016,FEMALE,TEST,Name1974,100,1974
2016,FEMALE,TEST,Name1975,100,1975
2016,FEMALE,TEST,Name1976,100,1976
2016,FEMALE,TEST,Name1977,100,1977
2016,FEMALE,TEST,Name1978,100,1978
2016,FEMALE,TEST,Name1979,100,1979
2016,FEMALE,TEST,Name1980,100,1980
2016,FEMALE,TEST,Name1981,100,1981
2016,FEMALE,TEST,Name1982,100,1982
2016,FEMALE,TEST,Name1983,100,1983
2016,FEMALE,TEST,Name1984,100,1984
2016,FEMALE,TEST,Name1985,100,1985
2016,FEMALE,TEST,Name1986,100,1986
2016,FEMALE,TEST,Name1987,100,1987
2016,FEMALE,TEST,Name1988,100,1988
2016,FEMALE,TEST,Name1989,100,1989
2016,FEMALE,TEST,Name1990,100,1990
2016,FEMALE,TEST,Name1991,100,1991
2016,FEMALE,TEST,Name1992,100,1992
2016,FEMALE,TEST,Name1993,100,1993
2016,FEMALE,TEST,Name1994,100,1994
2016,FEMALE,TEST,Name1995,100,1995
2016,FEMALE,TEST,Name1996,100,1996
2016,FEMALE,TEST,Name1997,100,1997
2016,FEMALE,TEST,Name1998,100,1998
2016,FEMALE,TEST,Name1999,100,1999
2016,FEMALE,TEST,Name2000,100,2000
2016,FEMALE,TEST,Name2001,100,2001
2016,FEMALE,TEST,Name2002,100,2002
2016,FEMALE,TEST,Name2003,100,2003
2016,FEMALE,TEST,Name2004,100,2004
2016,FEMALE,TEST,Name2005,100,2005
2016,FEMALE,TEST,Name2006,100,2006
2016,FEMALE,TEST,Name2007,100,2007
2016,FEMALE,TEST,Name2008,100,2008
2016,FEMALE,TEST,Name2009,100,2009
2016,FEMALE,TEST,Name2010,100,2010
2016,FEMALE,TEST,Name2011,100,2011
2016,FEMALE,TEST,Name2012,100,2012
2016,FEMALE,TEST,Name2013,100,2013
2016,FEMALE,TEST,Name2014,100,2014
2016,FEMALE,TEST,Name2015,100,2015
2016,FEMALE,TEST,Name2016,100,2016
2016,FEMALE,TEST,Name2017,100,2017
2016,FEMALE,TEST,Name2018,100,2018
2016,FEMALE,TEST,Name2019,100,2019
2016,FEMALE,TEST,Name2020,100,2020
2016,FEMALE,TEST,Name2021,100,2021
2016,FEMALE,TEST,Name2022,100,2022
2016,FEMALE,TEST,Name2023,100,2023
2016,FEMALE,TEST,Name2024,100,2024
2016,FEMALE,TEST,Name2025,100,2025
2016,FEMALE,TEST,Name2026,100,2026
2016,FEMALE,TEST,Name2027,100,2027
2016,FEMALE,TEST,Name2028,100,2028
2016,FEMALE,TEST,Name2029,100,2029
2016,FEMALE,TEST,Name2030,100,2030
2016,FEMALE,TEST,Name2031,100,2031
2016,FEMALE,TEST,Name2032,100,2032
2016,FEMALE,TEST,Name2033,100,2033
2016,FEMALE,TEST,Name2034,100,2034
2016,FEMALE,TEST,Name2035,100,2035
2016,FEMALE,TEST,Name2036,100,2036
2016,FEMALE,TEST,Name2037,100,2037
2016,FEMALE,TEST,Name2038,100,2038
2016,FEMALE,TEST,Name2039,100,2039
2016,FEMALE,TEST,Name2040,100,2040
2016,FEMALE,TEST,Name2041,100,2041
2016,FEMALE,TEST,Name2042,100,2042
2016,FEMALE,TEST,Name2043,100,2043
2016,FEMALE,TEST,Name2044,100,2044
2016,FEMALE,TEST,Name2045,100,2045
2016,FEMALE,TEST,Name2046,100,2046
2016,FEMALE,TEST,Name2047,100,2047
2016,FEMALE,TEST,Name2048,100,2048
2016,FEMALE,TEST,Name2049,100,2049
2016,FEMALE,TEST,Name2050,100,2050
2016,FEMALE,TEST,Name2051,100,2051
2016,FEMALE,TEST,Name2052,100,2052
2016,FEMALE,TEST,Name2053,100,2053
2016,FEMALE,TEST,Name2054,100,2054
2016,FEMALE,TEST,Name2055,100,2055
2016,FEMALE,TEST,Name2056,100,2056
2016,FEMALE,TEST,Name2057,100,2057
2016,FEMALE,TEST,Name2058,100,2058
2016,FEMALE,TEST,Name2059,100,2059
2016,FEMALE,TEST,Name2060,100,2060
2016,FEMALE,TEST,Name2061,100,2061
2016,FEMALE,TEST,Name2062,100,2062
2016,FEMALE,TEST,Name2063,100,2063
2016,FEMALE,TEST,Name2064,100,2064
2016,FEMALE,TEST,Name2065,100,2065
2016,FEMALE,TEST,Name2066,100,2066
2016,FEMALE,TEST,Name2067,100,2067
2016,FEMALE,TEST,Name2068,100,2068
2016,FEMALE,TEST,Name2069,100,2069
2016,FEMALE,TEST,Name2070,100,2070
2016,FEMALE,TEST,Name2071,100,2071
2016,FEMALE,TEST,Name2072,100,2072
2016,FEMALE,TEST,Name2073,100,2073
2016,FEMALE,TEST,Name2074,100,2074
2016,FEMALE,TEST,Name2075,100,2075
2016,FEMALE,TEST,Name2076,100,2076
2016,FEMALE,TEST,Name2077,100,2077
2016,FEMALE,TEST,Name2078,100,2078
2016,FEMALE,TEST,Name2079,100,2079
2016,FEMALE,TEST,Name2080,100,2080
2016,FEMALE,TEST,Name2081,100,2081
2016,FEMALE,TEST,Name2082,100,2082
2016,FEMALE,TEST,Name2083,100,2083
2016,FEMALE,TEST,Name2084,100,2084
2016,FEMALE,TEST,Name2085,100,2085
2016,FEMALE,TEST,Name2086,100,2086
2016,FEMALE,TEST,Name2087,100,2087
2016,FEMALE,TEST,Name2088,100,2088
2016,FEMALE,TEST,Name2089,100,2089
2016,FEMALE,TEST,Name2090,100,2090
2016,FEMALE,TEST,Name2091,100,2091
2016,FEMALE,TEST,Name2092,100,2092
2016,FEMALE,TEST,Name2093,100,2093
2016,FEMALE,TEST,Name2094,100,2094
2016,FEMALE,TEST,Name2095,100,2095
2016,FEMALE,TEST,Name2096,100,2096
2016,FEMALE,TEST,Name2097,100,2097
2016,FEMALE,TEST,Name2098,100,2098
2016,FEMALE,TEST,Name2099,100,2099
2016,FEMALE,TEST,Name2100,100,2100
2016,FEMALE,TEST,Name2101,100,2101
2016,FEMALE,TEST,Name2102,100,2102
2016,FEMALE,TEST,Name2103,100,2103
2016,FEMALE,TEST,Name2104,100,2104
2016,FEMALE,TEST,Name2105,100,2105
2016,FEMALE,TEST,Name2106,100,2106
2016,FEMALE,TEST,Name2107,100,2107
2016,FEMALE,TEST,Name2108,100,2108
2016,FEMALE,TEST,Name2109,100,2109
2016,FEMALE,TEST,Name2110,100,2110
2016,FEMALE,TEST,Name2111,100,2111
2016,FEMALE,TEST,Name2112,100,2112
2016,FEMALE,TEST,Name2113,100,2113
2016,FEMALE,TEST,Name2114,100,2114
2016,FEMALE,TEST,Name2115,100,2115
2016,FEMALE,TEST,Name2116,100,2116
2016,FEMALE,TEST,Name2117,100,2117
2016,FEMALE,TEST,Name2118,100,2118
2016,FEMALE,TEST,Name2119,100,2119
2016,FEMALE,TEST,Name2120,100,2120
2016,FEMALE,TEST,Name2121,100,2121
2016,FEMALE,TEST,Name2122,100,2122
2016,FEMALE,TEST,Name2123,100,2123
2016,FEMALE,TEST,Name2124,100,2124
2016,FEMALE,TEST,Name2125,100,2125
2016,FEMALE,TEST,Name2126,100,2126
2016,FEMALE,TEST,Name2127,100,2127
2016,FEMALE,TEST,Name2128,100,2128
2016,FEMALE,TEST,Name2129,100,2129
2016,FEMALE,TEST,Name2130,100,2130
2016,FEMALE,TEST,Name2131,100,2131
2016,FEMALE,TEST,Name2132,100,2132
2016,FEMALE,TEST,Name2133,100,2133
2016,FEMALE,TEST,Name2134,100,2134
2016,FEMALE,TEST,Name2135,100,2135
2016,FEMALE,TEST,Name2136,100,2136
2016,FEMALE,TEST,Name2137,100,2137
2016,FEMALE,TEST,Name2138,100,2138
2016,FEMALE,TEST,Name2139,100,2139
2016,FEMALE,TEST,Name2140,100,2140
2016,FEMALE,TEST,Name2141,100,2141
2016,FEMALE,TEST,Name2142,100,2142
2016,FEMALE,TEST,Name2143,100,2143
2016,FEMALE,TEST,Name2144,100,2144
2016,FEMALE,TEST,Name2145,100,2145
2016,FEMALE,TEST,Name2146,100,2146
2016,FEMALE,TEST,Name2147,100,2147
2016,FEMALE,TEST,Name2148,100,2148
2016,FEMALE,TEST,Name2149,100,2149
2016,FEMALE,TEST,Name2150,100,2150
2016,FEMALE,TEST,Name2151,100,2151
2016,FEMALE,TEST,Name2152,100,2152
2016,FEMALE,TEST,Name2153,100,2153
2016,FEMALE,TEST,Name2154,100,2154
2016,FEMALE,TEST,Name2155,100,2155
2016,FEMALE,TEST,Name2156,100,2156
2016,FEMALE,TEST,Name2157,100,2157
2016,FEMALE,TEST,Name2158,100,2158
2016,FEMALE,TEST,Name2159,100,2159
2016,FEMALE,TEST,Name2160,100,2160
2016,FEMALE,TEST,Name2161,100,2161
2016,FEMALE,TEST,Name2162,100,2162
2016,FEMALE,TEST,Name2163,100,2163
2016,FEMALE,TEST,Name2164,100,2164
2016,FEMALE,TEST,Name2165,100,2165
2016,FEMALE,TEST,Name2166,100,2166
2016,FEMALE,TEST,Name2167,100,2167
2016,FEMALE,TEST,Name2168,100,2168
2016,FEMALE,TEST,Name2169,100,2169
2016,FEMALE,TEST,Name2170,100,2170
2016,FEMALE,TEST,Name2171,100,2171
2016,FEMALE,TEST,Name2172,100,2172
2016,FEMALE,TEST,Name2173,100,2173
2016,FEMALE,TEST,Name2174,100,2174
2016,FEMALE,TEST,Name2175,100,2175
2016,FEMALE,TEST,Name2176,100,2176
2016,FEMALE,TEST,Name2177,100,2177
2016,FEMALE,TEST,Name2178,100,2178
2016,FEMALE,TEST,Name2179,100,2179
2016,FEMALE,TEST,Name2180,100,2180
2016,FEMALE,TEST,Name2181,100,2181
2016,FEMALE,TEST,Name2182,100,2182
2016,FEMALE,TEST,Name2183,100,2183
2016,FEMALE,TEST,Name2184,100,2184
2016,FEMALE,TEST,Name2185,100,2185
2016,FEMALE,TEST,Name2186,100,2186
2016,FEMALE,TEST,Name2187,100,2187
2016,FEMALE,TEST,Name2188,100,2188
2016,FEMALE,TEST,Name2189,100,2189
2016,FEMALE,TEST,Name2190,100,2190
2016,FEMALE,TEST,Name2191,100,2191
2016,FEMALE,TEST,Name2192,100,2192
2016,FEMALE,TEST,Name2193,100,2193
2016,FEMALE,TEST,Name2194,100,2194
2016,FEMALE,TEST,Name2195,100,2195
2016,FEMALE,TEST,Name2196,100,2196
2016,FEMALE,TEST,Name2197,100,2197
2016,FEMALE,TEST,Name2198,100,2198
2016,FEMALE,TEST,Name2199,100,2199
2016,FEMALE,TEST,Name2200,100,2200
2016,FEMALE,TEST,Name2201,100,2201
2016,FEMALE,TEST,Name2202,100,2202
2016,FEMALE,TEST,Name2203,100,2203
2016,FEMALE,TEST,Name2204,100,2204
2016,FEMALE,TEST,Name2205,100,2205
2016,FEMALE,TEST,Name2206,100,2206
2016,FEMALE,TEST,Name2207,100,2207
2016,FEMALE,TEST,Name2208,100,2208
2016,FEMALE,TEST,Name2209,100,2209
2016,FEMALE,TEST,Name2210,100,2210
2016,FEMALE,TEST,Name2211,100,2211
2016,FEMALE,TEST,Name2212,100,2212
2016,FEMALE,TEST,Name2213,100,2213
2016,FEMALE,TEST,Name2214,100,2214
2016,FEMALE,TEST,Name2215,100,2215
2016,FEMALE,TEST,Name2216,100,2216
2016,FEMALE,TEST,Name2217,100,2217
2016,FEMALE,TEST,Name2218,100,2218
2016,FEMALE,TEST,Name2219,100,2219
2016,FEMALE,TEST,Name2220,100,2220
2016,FEMALE,TEST,Name2221,100,2221
2016,FEMALE,TEST,Name2222,100,2222
2016,FEMALE,TEST,Name2223,100,2223
2016,FEMALE,TEST,Name2224,100,2224
2016,FEMALE,TEST,Name2225,100,2225
2016,FEMALE,TEST,Name2226,100,2226
2016,FEMALE,TEST,Name2227,100,2227
2016,FEMALE,TEST,Name2228,100,2228
2016,FEMALE,TEST,Name2229,100,2229
2016,FEMALE,TEST,Name2230,100,2230
2016,FEMALE,TEST,Name2231,100,2231
2016,FEMALE,TEST,Name2232,100,2232
2016,FEMALE,TEST,Name2233,100,2233
2016,FEMALE,TEST,Name2234,100,2234
2016,FEMALE,TEST,Name2235,100,2235
2016,FEMALE,TEST,Name2236,100,2236
2016,FEMALE,TEST,Name2237,100,2237
2016,FEMALE,TEST,Name2238,100,2238
2016,FEMALE,TEST,Name2239,100,2239
2016,FEMALE,TEST,Name2240,100,2240
2016,FEMALE,TEST,Name2241,100,2241
2016,FEMALE,TEST,Name2242,100,2242
2016,FEMALE,TEST,Name2243,100,2243
2016,FEMALE,TEST,Name2244,100,2244
2016,FEMALE,TEST,Name2245,100,2245
2016,FEMALE,TEST,Name2246,100,2246
2016,FEMALE,TEST,Name2247,100,2247
2016,FEMALE,TEST,Name2248,100,2248
2016,FEMALE,TEST,Name2249,100,2249
2016,FEMALE,TEST,Name2250,100,2250
2016,FEMALE,TEST,Name2251,100,2251
2016,FEMALE,TEST,Name2252,100,2252
2016,FEMALE,TEST,Name2253,100,2253
2016,FEMALE,TEST,Name2254,100,2254
2016,FEMALE,TEST,Name2255,100,2255
2016,FEMALE,TEST,Name2256,100,2256
2016,FEMALE,TEST,Name2257,100,2257
2016,FEMALE,TEST,Name2258,100,2258
2016,FEMALE,TEST,Name2259,100,2259
2016,FEMALE,TEST,Name2260,100,2260
2016,FEMALE,TEST,Name2261,100,2261
2016,FEMALE,TEST,Name2262,100,2262
2016,FEMALE,TEST,Name2263,100,2263
2016,FEMALE,TEST,Name2264,100,2264
2016,FEMALE,TEST,Name2265,100,2265
2016,FEMALE,TEST,Name2266,100,2266
2016,FEMALE,TEST,Name2267,100,2267
2016,FEMALE,TEST,Name2268,100,2268
2016,FEMALE,TEST,Name2269,100,2269
2016,FEMALE,TEST,Name2270,100,2270
2016,FEMALE,TEST,Name2271,100,2271
2016,FEMALE,TEST,Name2272,100,2272
2016,FEMALE,TEST,Name2273,100,2273
2016,FEMALE,TEST,Name2274,100,2274
2016,FEMALE,TEST,Name2275,100,2275
2016,FEMALE,TEST,Name2276,100,2276
2016,FEMALE,TEST,Name2277,100,2277
2016,FEMALE,TEST,Name2278,100,2278
2016,FEMALE,TEST,Name2279,100,2279
2016,FEMALE,TEST,Name2280,100,2280
2016,FEMALE,TEST,Name2281,100,2281
2016,FEMALE,TEST,Name2282,100,2282
2016,FEMALE,TEST,Name2283,100,2283
2016,FEMALE,TEST,Name2284,100,2284
2016,FEMALE,TEST,Name2285,100,2285
2016,FEMALE,TEST,Name2286,100,2286
2016,FEMALE,TEST,Name2287,100,2287
2016,FEMALE,TEST,Name2288,100,2288
2016,FEMALE,TEST,Name2289,100,2289
2016,FEMALE,TEST,Name2290,100,2290
2016,FEMALE,TEST,Name2291,100,2291
2016,FEMALE,TEST,Name2292,100,2292
2016,FEMALE,TEST,Name2293,100,2293
2016,FEMALE,TEST,Name2294,100,2294
2016,FEMALE,TEST,Name2295,100,2295
2016,FEMALE,TEST,Name2296,100,2296
2016,FEMALE,TEST,Name2297,100,2297
2016,FEMALE,TEST,Name2298,100,2298
2016,FEMALE,TEST,Name2299,100,2299
2016,FEMALE,TEST,Name2300,100,2300
2016,FEMALE,TEST,Name2301,100,2301
2016,FEMALE,TEST,Name2302,100,2302
2016,FEMALE,TEST,Name2303,100,2303
2016,FEMALE,TEST,Name2304,100,2304
2016,FEMALE,TEST,Name2305,100,2305
2016,FEMALE,TEST,Name2306,100,2306
2016,FEMALE,TEST,Name2307,100,2307
2016,FEMALE,TEST,Name2308,100,2308
2016,FEMALE,TEST,Name2309,100,2309
2016,FEMALE,TEST,Name2310,100,2310
2016,FEMALE,TEST,Name2311,100,2311
2016,FEMALE,TEST,Name2312,100,2312
2016,FEMALE,TEST,Name2313,100,2313
2016,FEMALE,TEST,Name2314,100,2314
2016,FEMALE,TEST,Name2315,100,2315
2016,FEMALE,TEST,Name2316,100,2316
2016,FEMALE,TEST,Name2317,100,2317
2016,FEMALE,TEST,Name2318,100,2318
2016,FEMALE,TEST,Name2319,100,2319
2016,FEMALE,TEST,Name2320,100,2320
2016,FEMALE,TEST,Name2321,100,2321
2016,FEMALE,TEST,Name2322,100,2322
2016,FEMALE,TEST,Name2323,100,2323
2016,FEMALE,TEST,Name2324,100,2324
2016,FEMALE,TEST,Name2325,100,2325
2016,FEMALE,TEST,Name2326,100,2326
2016,FEMALE,TEST,Name2327,100,2327
2016,FEMALE,TEST,Name2328,100,2328
2016,FEMALE,TEST,Name2329,100,2329
2016,FEMALE,TEST,Name2330,100,2330
2016,FEMALE,TEST,Name2331,100,2331
2016,FEMALE,TEST,Name2332,100,2332
2016,FEMALE,TEST,Name2333,100,2333
2016,FEMALE,TEST,Name2334,100,2334
2016,FEMALE,TEST,Name2335,100,2335
2016,FEMALE,TEST,Name2336,100,2336
2016,FEMALE,TEST,Name2337,100,2337
2016,FEMALE,TEST,Name2338,100,2338
2016,FEMALE,TEST,Name2339,100,2339
2016,FEMALE,TEST,Name2340,100,2340
2016,FEMALE,TEST,Name2341,100,2341
2016,FEMALE,TEST,Name2342,100,2342
2016,FEMALE,TEST,Name2343,100,2343
2016,FEMALE,TEST,Name2344,100,2344
2016,FEMALE,TEST,Name2345,100,2345
2016,FEMALE,TEST,Name2346,100,2346
2016,FEMALE,TEST,Name2347,100,2347
2016,FEMALE,TEST,Name2348,100,2348
2016,FEMALE,TEST,Name2349,100,2349
2016,FEMALE,TEST,Name2350,100,2350
2016,FEMALE,TEST,Name2351,100,2351
2016,FEMALE,TEST,Name2352,100,2352
2016,FEMALE,TEST,Name2353,100,2353
2016,FEMALE,TEST,Name2354,100,2354
2016,FEMALE,TEST,Name2355,100,2355
2016,FEMALE,TEST,Name2356,100,2356
2016,FEMALE,TEST,Name2357,100,2357
2016,FEMALE,TEST,Name2358,100,2358
2016,FEMALE,TEST,Name2359,100,2359
2016,FEMALE,TEST,Name2360,100,2360
2016,FEMALE,TEST,Name2361,100,2361
2016,FEMALE,TEST,Name2362,100,2362
2016,FEMALE,TEST,Name2363,100,2363
2016,FEMALE,TEST,Name2364,100,2364
2016,FEMALE,TEST,Name2365,100,2365
2016,FEMALE,TEST,Name2366,100,2366
2016,FEMALE,TEST,Name2367,100,2367
2016,FEMALE,TEST,Name2368,100,2368
2016,FEMALE,TEST,Name2369,100,2369
2016,FEMALE,TEST,Name2370,100,2370
2016,FEMALE,TEST,Name2371,100,2371
2016,FEMALE,TEST,Name2372,100,2372
2016,FEMALE,TEST,Name2373,100,2373
2016,FEMALE,TEST,Name2374,100,2374
2016,FEMALE,TEST,Name2375,100,2375
2016,FEMALE,TEST,Name2376,100,2376
2016,FEMALE,TEST,Name2377,100,2377
2016,FEMALE,TEST,Name2378,100,2378
2016,FEMALE,TEST,Name2379,100,2379
2016,FEMALE,TEST,Name2380,100,2380
2016,FEMALE,TEST,Name2381,100,2381
2016,FEMALE,TEST,Name2382,100,2382
2016,FEMALE,TEST,Name2383,100,2383
2016,FEMALE,TEST,Name2384,100,2384
2016,FEMALE,TEST,Name2385,100,2385
2016,FEMALE,TEST,Name2386,100,2386
2016,FEMALE,TEST,Name2387,100,2387
2016,FEMALE,TEST,Name2388,100,2388
2016,FEMALE,TEST,Name2389,100,2389
2016,FEMALE,TEST,Name2390,100,2390
2016,FEMALE,TEST,Name2391,100,2391
2016,FEMALE,TEST,Name2392,100,2392
2016,FEMALE,TEST,Name2393,100,2393
2016,FEMALE,TEST,Name2394,100,2394
2016,FEMALE,TEST,Name2395,100,2395
2016,FEMALE,TEST,Name2396,100,2396
2016,FEMALE,TEST,Name2397,100,2397
2016,FEMALE,TEST,Name2398,100,2398
2016,FEMALE,TEST,Name2399,100,2399
2016,FEMALE,TEST,Name2400,100,2400
2016,FEMALE,TEST,Name2401,100,2401
2016,FEMALE,TEST,Name2402,100,2402
2016,FEMALE,TEST,Name2403,100,2403
2016,FEMALE,TEST,Name2404,100,2404
2016,FEMALE,TEST,Name2405,100,2405
2016,FEMALE,TEST,Name2406,100,2406
2016,FEMALE,TEST,Name2407,100,2407
2016,FEMALE,TEST,Name2408,100,2408
2016,FEMALE,TEST,Name2409,100,2409
2016,FEMALE,TEST,Name2410,100,2410
2016,FEMALE,TEST,Name2411,100,2411
2016,FEMALE,TEST,Name2412,100,2412
2016,FEMALE,TEST,Name2413,100,2413
2016,FEMALE,TEST,Name2414,100,2414
2016,FEMALE,TEST,Name2415,100,2415
2016,FEMALE,TEST,Name2416,100,2416
2016,FEMALE,TEST,Name2417,100,2417
2016,FEMALE,TEST,Name2418,100,2418
2016,FEMALE,TEST,Name2419,100,2419
2016,FEMALE,TEST,Name2420,100,2420
2016,FEMALE,TEST,Name2421,100,2421
2016,FEMALE,TEST,Name2422,100,2422
2016,FEMALE,TEST,Name2423,100,2423
2016,FEMALE,TEST,Name2424,100,2424
2016,FEMALE,TEST,Name2425,100,2425
2016,FEMALE,TEST,Name2426,100,2426
2016,FEMALE,TEST,Name2427,100,2427
2016,FEMALE,TEST,Name2428,100,2428
2016,FEMALE,TEST,Name2429,100,2429
2016,FEMALE,TEST,Name2430,100,2430
2016,FEMALE,TEST,Name2431,100,2431
2016,FEMALE,TEST,Name2432,100,2432
2016,FEMALE,TEST,Name2433,100,2433
2016,FEMALE,TEST,Name2434,100,2434
2016,FEMALE,TEST,Name2435,100,2435
2016,FEMALE,TEST,Name2436,100,2436
2016,FEMALE,TEST,Name2437,100,2437
2016,FEMALE,TEST,Name2438,100,2438
2016,FEMALE,TEST,Name2439,100,2439
2016,FEMALE,TEST,Name2440,100,2440
2016,FEMALE,TEST,Name2441,100,2441
2016,FEMALE,TEST,Name2442,100,2442
2016,FEMALE,TEST,Name2443,100,2443
2016,FEMALE,TEST,Name2444,100,2444
2016,FEMALE,TEST,Name2445,100,2445
2016,FEMALE,TEST,Name2446,100,2446
2016,FEMALE,TEST,Name2447,100,2447
2016,FEMALE,TEST,Name2448,100,2448
2016,FEMALE,TEST,Name2449,100,2449
2016,FEMALE,TEST,Name2450,100,2450
2016,FEMALE,TEST,Name2451,100,2451
2016,FEMALE,TEST,Name2452,100,2452
2016,FEMALE,TEST,Name2453,100,2453
2016,FEMALE,TEST,Name2454,100,2454
2016,FEMALE,TEST,Name2455,100,2455
2016,FEMALE,TEST,Name2456,100,2456
2016,FEMALE,TEST,Name2457,100,2457
2016,FEMALE,TEST,Name2458,100,2458
2016,FEMALE,TEST,Name2459,100,2459
2016,FEMALE,TEST,Name2460,100,2460
2016,FEMALE,TEST,Name2461,100,2461
2016,FEMALE,TEST,Name2462,100,2462
2016,FEMALE,TEST,Name2463,100,2463
2016,FEMALE,TEST,Name2464,100,2464
2016,FEMALE,TEST,Name2465,100,2465
2016,FEMALE,TEST,Name2466,100,2466
2016,FEMALE,TEST,Name2467,100,2467
2016,FEMALE,TEST,Name2468,100,2468
2016,FEMALE,TEST,Name2469,100,2469
2016,FEMALE,TEST,Name2470,100,2470
2016,FEMALE,TEST,Name2471,100,2471
2016,FEMALE,TEST,Name2472,100,2472
2016,FEMALE,TEST,Name2473,100,2473
2016,FEMALE,TEST,Name2474,100,2474
2016,FEMALE,TEST,Name2475,100,2475
2016,FEMALE,TEST,Name2476,100,2476
2016,FEMALE,TEST,Name2477,100,2477
2016,FEMALE,TEST,Name2478,100,2478
2016,FEMALE,TEST,Name2479,100,2479
2016,FEMALE,TEST,Name2480,100,2480
2016,FEMALE,TEST,Name2481,100,2481
2016,FEMALE,TEST,Name2482,100,2482
2016,FEMALE,TEST,Name2483,100,2483
2016,FEMALE,TEST,Name2484,100,2484
2016,FEMALE,TEST,Name2485,100,2485
2016,FEMALE,TEST,Name2486,100,2486
2016,FEMALE,TEST,Name2487,100,2487
2016,FEMALE,TEST,Name2488,100,2488
2016,FEMALE,TEST,Name2489,100,2489
2016,FEMALE,TEST,Name2490,100,2490
2016,FEMALE,TEST,Name2491,100,2491
2016,FEMALE,TEST,Name2492,100,2492
2016,FEMALE,TEST,Name2493,100,2493
2016,FEMALE,TEST,Name2494,100,2494
2016,FEMALE,TEST,Name2495,100,2495
2016,FEMALE,TEST,Name2496,100,2496
2016,FEMALE,TEST,Name2497,100,2497
2016,FEMALE,TEST,Name2498,100,2498
2016,FEMALE,TEST,Name2499,100,2499
2016,FEMALE,TEST,Name2500,100,2500
2016,FEMALE,TEST,Name2501,100,2501
2016,FEMALE,TEST,Name2502,100,2502
2016,FEMALE,TEST,Name2503,100,2503
2016,FEMALE,TEST,Name2504,100,2504
2016,FEMALE,TEST,Name2505,100,2505
2016,FEMALE,TEST,Name2506,100,2506
2016,FEMALE,TEST,Name2507,100,2507
2016,FEMALE,TEST,Name2508,100,2508
2016,FEMALE,TEST,Name2509,100,2509
2016,FEMALE,TEST,Name2510,100,2510
2016,FEMALE,TEST,Name2511,100,2511
2016,FEMALE,TEST,Name2512,100,2512
2016,FEMALE,TEST,Name2513,100,2513
2016,FEMALE,TEST,Name2514,100,2514
2016,FEMALE,TEST,Name2515,100,2515
2016,FEMALE,TEST,Name2516,100,2516
2016,FEMALE,TEST,Name2517,100,2517
2016,FEMALE,TEST,Name2518,100,2518
2016,FEMALE,TEST,Name2519,100,2519
2016,FEMALE,TEST,Name2520,100,2520
2016,FEMALE,TEST,Name2521,100,2521
2016,FEMALE,TEST,Name2522,100,2522
2016,FEMALE,TEST,Name2523,100,2523
2016,FEMALE,TEST,Name2524,100,2524
2016,FEMALE,TEST,Name2525,100,2525
2016,FEMALE,TEST,Name2526,100,2526
2016,FEMALE,TEST,Name2527,100,2527
2016,FEMALE,TEST,Name2528,100,2528
2016,FEMALE,TEST,Name2529,100,2529
2016,FEMALE,TEST,Name2530,100,2530
2016,FEMALE,TEST,Name2531,100,2531
2016,FEMALE,TEST,Name2532,100,2532
2016,FEMALE,TEST,Name2533,100,2533
2016,FEMALE,TEST,Name2534,100,2534
2016,FEMALE,TEST,Name2535,100,2535
2016,FEMALE,TEST,Name2536,100,2536
2016,FEMALE,TEST,Name2537,100,2537
2016,FEMALE,TEST,Name2538,100,2538
2016,FEMALE,TEST,Name2539,100,2539
2016,FEMALE,TEST,Name2540,100,2540
2016,FEMALE,TEST,Name2541,100,2541
2016,FEMALE,TEST,Name2542,100,2542
2016,FEMALE,TEST,Name2543,100,2543
2016,FEMALE,TEST,Name2544,100,2544
2016,FEMALE,TEST,Name2545,100,2545
2016,FEMALE,TEST,Name2546,100,2546
2016,FEMALE,TEST,Name2547,100,2547
2016,FEMALE,TEST,Name2548,100,2548
2016,FEMALE,TEST,Name2549,100,2549
2016,FEMALE,TEST,Name2550,100,2550
2016,FEMALE,TEST,Name2551,100,2551
2016,FEMALE,TEST,Name2552,100,2552
2016,FEMALE,TEST,Name2553,100,2553
2016,FEMALE,TEST,Name2554,100,2554
2016,FEMALE,TEST,Name2555,100,2555
2016,FEMALE,TEST,Name2556,100,2556
2016,FEMALE,TEST,Name2557,100,2557
2016,FEMALE,TEST,Name2558,100,2558
2016,FEMALE,TEST,Name2559,100,2559
2016,FEMALE,TEST,Name2560,100,2560
2016,FEMALE,TEST,Name2561,100,2561
2016,FEMALE,TEST,Name2562,100,2562
2016,FEMALE,TEST,Name2563,100,2563
2016,FEMALE,TEST,Name2564,100,2564
2016,FEMALE,TEST,Name2565,100,2565
2016,FEMALE,TEST,Name2566,100,2566
2016,FEMALE,TEST,Name2567,100,2567
2016,FEMALE,TEST,Name2568,100,2568
2016,FEMALE,TEST,Name2569,100,2569
2016,FEMALE,TEST,Name2570,100,2570
2016,FEMALE,TEST,Name2571,100,2571
2016,FEMALE,TEST,Name2572,100,2572
2016,FEMALE,TEST,Name2573,100,2573
2016,FEMALE,TEST,Name2574,100,2574
2016,FEMALE,TEST,Name2575,100,2575
2016,FEMALE,TEST,Name2576,100,2576
2016,FEMALE,TEST,Name2577,100,2577
2016,FEMALE,TEST,Name2578,100,2578
2016,FEMALE,TEST,Name2579,100,2579
2016,FEMALE,TEST,Name2580,100,2580
2016,FEMALE,TEST,Name2581,100,2581
2016,FEMALE,TEST,Name2582,100,2582
2016,FEMALE,TEST,Name2583,100,2583
2016,FEMALE,TEST,Name2584,100,2584
2016,FEMALE,TEST,Name2585,100,2585
2016,FEMALE,TEST,Name2586,100,2586
2016,FEMALE,TEST,Name2587,100,2587
2016,FEMALE,TEST,Name2588,100,2588
2016,FEMALE,TEST,Name2589,100,2589
2016,FEMALE,TEST,Name2590,100,2590
2016,FEMALE,TEST,Name2591,100,2591
2016,FEMALE,TEST,Name2592,100,2592
2016,FEMALE,TEST,Name2593,100,2593
2016,FEMALE,TEST,Name2594,100,2594
2016,FEMALE,TEST,Name2595,100,2595
2016,FEMALE,TEST,Name2596,100,2596
2016,FEMALE,TEST,Name2597,100,2597
2016,FEMALE,TEST,Name2598,100,2598
2016,FEMALE,TEST,Name2599,100,2599
2016,FEMALE,TEST,Name2600,100,2600
2016,FEMALE,TEST,Name2601,100,2601
2016,FEMALE,TEST,Name2602,100,2602
2016,FEMALE,TEST,Name2603,100,2603
2016,FEMALE,TEST,Name2604,100,2604
2016,FEMALE,TEST,Name2605,100,2605
2016,FEMALE,TEST,Name2606,100,2606
2016,FEMALE,TEST,Name2607,100,2607
2016,FEMALE,TEST,Name2608,100,2608
2016,FEMALE,TEST,Name2609,100,2609
2016,FEMALE,TEST,Name2610,100,2610
2016,FEMALE,TEST,Name2611,100,2611
2016,FEMALE,TEST,Name2612,100,2612
2016,FEMALE,TEST,Name2613,100,2613
2016,FEMALE,TEST,Name2614,100,2614
2016,FEMALE,TEST,Name2615,100,2615
2016,FEMALE,TEST,Name2616,100,2616
2016,FEMALE,TEST,Name2617,100,2617
2016,FEMALE,TEST,Name2618,100,2618
2016,FEMALE,TEST,Name2619,100,2619
2016,FEMALE,TEST,Name2620,100,2620
2016,FEMALE,TEST,Name2621,100,2621
2016,FEMALE,TEST,Name2622,100,2622
2016,FEMALE,TEST,Name2623,100,2623
2016,FEMALE,TEST,Name2624,100,2624
2016,FEMALE,TEST,Name2625,100,2625
2016,FEMALE,TEST,Name2626,100,2626
2016,FEMALE,TEST,Name2627,100,2627
2016,FEMALE,TEST,Name2628,100,2628
2016,FEMALE,TEST,Name2629,100,2629
2016,FEMALE,TEST,Name2630,100,2630
2016,FEMALE,TEST,Name2631,100,2631
2016,FEMALE,TEST,Name2632,100,2632
2016,FEMALE,TEST,Name2633,100,2633
2016,FEMALE,TEST,Name2634,100,2634
2016,FEMALE,TEST,Name2635,100,2635
2016,FEMALE,TEST,Name2636,100,2636
2016,FEMALE,TEST,Name2637,100,2637
2016,FEMALE,TEST,Name2638,100,2638
2016,FEMALE,TEST,Name2639,100,2639
2016,FEMALE,TEST,Name2640,100,2640
2016,FEMALE,TEST,Name2641,100,2641
2016,FEMALE,TEST,Name2642,100,2642
2016,FEMALE,TEST,Name2643,100,2643
2016,FEMALE,TEST,Name2644,100,2644
2016,FEMALE,TEST,Name2645,100,2645
2016,FEMALE,TEST,Name2646,100,2646
2016,FEMALE,TEST,Name2647,100,2647
2016,FEMALE,TEST,Name2648,100,2648
2016,FEMALE,TEST,Name2649,100,2649
2016,FEMALE,TEST,Name2650,100,2650
2016,FEMALE,TEST,Name2651,100,2651
2016,FEMALE,TEST,Name2652,100,2652
2016,FEMALE,TEST,Name2653,100,2653
2016,FEMALE,TEST,Name2654,100,2654
2016,FEMALE,TEST,Name2655,100,2655
2016,FEMALE,TEST,Name2656,100,2656
2016,FEMALE,TEST,Name2657,100,2657
2016,FEMALE,TEST,Name2658,100,2658
2016,FEMALE,TEST,Name2659,100,2659
2016,FEMALE,TEST,Name2660,100,2660
2016,FEMALE,TEST,Name2661,100,2661
2016,FEMALE,TEST,Name2662,100,2662
2016,FEMALE,TEST,Name2663,100,2663
2016,FEMALE,TEST,Name2664,100,2664
2016,FEMALE,TEST,Name2665,100,2665
2016,FEMALE,TEST,Name2666,100,2666
2016,FEMALE,TEST,Name2667,100,2667
2016,FEMALE,TEST,Name2668,100,2668
2016,FEMALE,TEST,Name2669,100,2669
2016,FEMALE,TEST,Name2670,100,2670
2016,FEMALE,TEST,Name2671,100,2671
2016,FEMALE,TEST,Name2672,100,2672
2016,FEMALE,TEST,Name2673,100,2673
2016,FEMALE,TEST,Name2674,100,2674
2016,FEMALE,TEST,Name2675,100,2675
2016,FEMALE,TEST,Name2676,100,2676
2016,FEMALE,TEST,Name2677,100,2677
2016,FEMALE,TEST,Name2678,100,2678
2016,FEMALE,TEST,Name2679,100,2679
2016,FEMALE,TEST,Name2680,100,2680
2016,FEMALE,TEST,Name2681,100,2681
2016,FEMALE,TEST,Name2682,100,2682
2016,FEMALE,TEST,Name2683,100,2683
2016,FEMALE,TEST,Name2684,100,2684
2016,FEMALE,TEST,Name2685,100,2685
2016,FEMALE,TEST,Name2686,100,2686
2016,FEMALE,TEST,Name2687,100,2687
2016,FEMALE,TEST,Name2688,100,2688
2016,FEMALE,TEST,Name2689,100,2689
2016,FEMALE,TEST,Name2690,100,2690
2016,FEMALE,TEST,Name2691,100,2691
2016,FEMALE,TEST,Name2692,100,2692
2016,FEMALE,TEST,Name2693,100,2693
2016,FEMALE,TEST,Name2694,100,2694
2016,FEMALE,TEST,Name2695,100,2695
2016,FEMALE,TEST,Name2696,100,2696
2016,FEMALE,TEST,Name2697,100,2697
2016,FEMALE,TEST,Name2698,100,2698
2016,FEMALE,TEST,Name2699,100,2699
2016,FEMALE,TEST,Name2700,100,2700
2016,FEMALE,TEST,Name2701,100,2701
2016,FEMALE,TEST,Name2702,100,2702
2016,FEMALE,TEST,Name2703,100,2703
2016,FEMALE,TEST,Name2704,100,2704
2016,FEMALE,TEST,Name2705,100,2705
2016,FEMALE,TEST,Name2706,100,2706
2016,FEMALE,TEST,Name2707,100,2707
2016,FEMALE,TEST,Name2708,100,2708
2016,FEMALE,TEST,Name2709,100,2709
2016,FEMALE,TEST,Name2710,100,2710
2016,FEMALE,TEST,Name2711,100,2711
2016,FEMALE,TEST,Name2712,100,2712
2016,FEMALE,TEST,Name2713,100,2713
2016,FEMALE,TEST,Name2714,100,2714
2016,FEMALE,TEST,Name2715,100,2715
2016,FEMALE,TEST,Name2716,100,2716
2016,FEMALE,TEST,Name2717,100,2717
2016,FEMALE,TEST,Name2718,100,2718
2016,FEMALE,TEST,Name2719,100,2719
2016,FEMALE,TEST,Name2720,100,2720
2016,FEMALE,TEST,Name2721,100,2721
2016,FEMALE,TEST,Name2722,100,2722
2016,FEMALE,TEST,Name2723,100,2723
2016,FEMALE,TEST,Name2724,100,2724
2016,FEMALE,TEST,Name2725,100,2725
2016,FEMALE,TEST,Name2726,100,2726
2016,FEMALE,TEST,Name2727,100,2727
2016,FEMALE,TEST,Name2728,100,2728
2016,FEMALE,TEST,Name2729,100,2729
2016,FEMALE,TEST,Name2730,100,2730
2016,FEMALE,TEST,Name2731,100,2731
2016,FEMALE,TEST,Name2732,100,2732
2016,FEMALE,TEST,Name2733,100,2733
2016,FEMALE,TEST,Name2734,100,2734
2016,FEMALE,TEST,Name2735,100,2735
2016,FEMALE,TEST,Name2736,100,2736
2016,FEMALE,TEST,Name2737,100,2737
2016,FEMALE,TEST,Name2738,100,2738
2016,FEMALE,TEST,Name2739,100,2739
2016,FEMALE,TEST,Name2740,100,2740
2016,FEMALE,TEST,Name2741,100,2741
2016,FEMALE,TEST,Name2742,100,2742
2016,FEMALE,TEST,Name2743,100,2743
2016,FEMALE,TEST,Name2744,100,2744
2016,FEMALE,TEST,Name2745,100,2745
2016,FEMALE,TEST,Name2746,100,2746
2016,FEMALE,TEST,Name2747,100,2747
2016,FEMALE,TEST,Name2748,100,2748
2016,FEMALE,TEST,Name2749,100,2749
2016,FEMALE,TEST,Name2750,100,2750
2016,FEMALE,TEST,Name2751,100,2751
2016,FEMALE,TEST,Name2752,100,2752
2016,FEMALE,TEST,Name2753,100,2753
2016,FEMALE,TEST,Name2754,100,2754
2016,FEMALE,TEST,Name2755,100,2755
2016,FEMALE,TEST,Name2756,100,2756
2016,FEMALE,TEST,Name2757,100,2757
2016,FEMALE,TEST,Name2758,100,2758
2016,FEMALE,TEST,Name2759,100,2759
2016,FEMALE,TEST,Name2760,100,2760
2016,FEMALE,TEST,Name2761,100,2761
2016,FEMALE,TEST,Name2762,100,2762
2016,FEMALE,TEST,Name2763,100,2763
2016,FEMALE,TEST,Name2764,100,2764
2016,FEMALE,TEST,Name2765,100,2765
2016,FEMALE,TEST,Name2766,100,2766
2016,FEMALE,TEST,Name2767,100,2767
2016,FEMALE,TEST,Name2768,100,2768
2016,FEMALE,TEST,Name2769,100,2769
2016,FEMALE,TEST,Name2770,100,2770
2016,FEMALE,TEST,Name2771,100,2771
2016,FEMALE,TEST,Name2772,100,2772
2016,FEMALE,TEST,Name2773,100,2773
2016,FEMALE,TEST,Name2774,100,2774
2016,FEMALE,TEST,Name2775,100,2775
2016,FEMALE,TEST,Name2776,100,2776
2016,FEMALE,TEST,Name2777,100,2777
2016,FEMALE,TEST,Name2778,100,2778
2016,FEMALE,TEST,Name2779,100,2779
2016,FEMALE,TEST,Name2780,100,2780
2016,FEMALE,TEST,Name2781,100,2781
2016,FEMALE,TEST,Name2782,100,2782
2016,FEMALE,TEST,Name2783,100,2783
2016,FEMALE,TEST,Name2784,100,2784
2016,FEMALE,TEST,Name2785,100,2785
2016,FEMALE,TEST,Name2786,100,2786
2016,FEMALE,TEST,Name2787,100,2787
2016,FEMALE,TEST,Name2788,100,2788
2016,FEMALE,TEST,Name2789,100,2789
2016,FEMALE,TEST,Name2790,100,2790
2016,FEMALE,TEST,Name2791,100,2791
2016,FEMALE,TEST,Name2792,100,2792
2016,FEMALE,TEST,Name2793,100,2793
2016,FEMALE,TEST,Name2794,100,2794
2016,FEMALE,TEST,Name2795,100,2795
2016,FEMALE,TEST,Name2796,100,2796
2016,FEMALE,TEST,Name2797,100,2797
2016,FEMALE,TEST,Name2798,100,2798
2016,FEMALE,TEST,Name2799,100,2799
2016,FEMALE,TEST,Name2800,100,2800
2016,FEMALE,TEST,Name2801,100,2801
2016,FEMALE,TEST,Name2802,100,2802
2016,FEMALE,TEST,Name2803,100,2803
2016,FEMALE,TEST,Name2804,100,2804
2016,FEMALE,TEST,Name2805,100,2805
2016,FEMALE,TEST,Name2806,100,2806
2016,FEMALE,TEST,Name2807,100,2807
2016,FEMALE,TEST,Name2808,100,2808
2016,FEMALE,TEST,Name2809,100,2809
2016,FEMALE,TEST,Name2810,100,2810
2016,FEMALE,TEST,Name2811,100,2811
2016,FEMALE,TEST,Name2812,100,2812
2016,FEMALE,TEST,Name2813,100,2813
2016,FEMALE,TEST,Name2814,100,2814
2016,FEMALE,TEST,Name2815,100,2815
2016,FEMALE,TEST,Name2816,100,2816
2016,FEMALE,TEST,Name2817,100,2817
2016,FEMALE,TEST,Name2818,100,2818
2016,FEMALE,TEST,Name2819,100,2819
2016,FEMALE,TEST,Name2820,100,2820
2016,FEMALE,TEST,Name2821,100,2821
2016,FEMALE,TEST,Name2822,100,2822
2016,FEMALE,TEST,Name2823,100,2823
2016,FEMALE,TEST,Name2824,100,2824
2016,FEMALE,TEST,Name2825,100,2825
2016,FEMALE,TEST,Name2826,100,2826
2016,FEMALE,TEST,Name2827,100,2827
2016,FEMALE,TEST,Name2828,100,2828
2016,FEMALE,TEST,Name2829,100,2829
2016,FEMALE,TEST,Name2830,100,2830
2016,FEMALE,TEST,Name2831,100,2831
2016,FEMALE,TEST,Name2832,100,2832
2016,FEMALE,TEST,Name2833,100,2833
2016,FEMALE,TEST,Name2834,100,2834
2016,FEMALE,TEST,Name2835,100,2835
2016,FEMALE,TEST,Name2836,100,2836
2016,FEMALE,TEST,Name2837,100,2837
2016,FEMALE,TEST,Name2838,100,2838
2016,FEMALE,TEST,Name2839,100,2839
2016,FEMALE,TEST,Name2840,100,2840
2016,FEMALE,TEST,Name2841,100,2841
2016,FEMALE,TEST,Name2842,100,2842
2016,FEMALE,TEST,Name2843,100,2843
2016,FEMALE,TEST,Name2844,100,2844
2016,FEMALE,TEST,Name2845,100,2845
2016,FEMALE,TEST,Name2846,100,2846
2016,FEMALE,TEST,Name2847,100,2847
2016,FEMALE,TEST,Name2848,100,2848
2016,FEMALE,TEST,Name2849,100,2849
2016,FEMALE,TEST,Name2850,100,2850
2016,FEMALE,TEST,Name2851,100,2851
2016,FEMALE,TEST,Name2852,100,2852
2016,FEMALE,TEST,Name2853,100,2853
2016,FEMALE,TEST,Name2854,100,2854
2016,FEMALE,TEST,Name2855,100,2855
2016,FEMALE,TEST,Name2856,100,2856
2016,FEMALE,TEST,Name2857,100,2857
2016,FEMALE,TEST,Name2858,100,2858
2016,FEMALE,TEST,Name2859,100,2859
2016,FEMALE,TEST,Name2860,100,2860
2016,FEMALE,TEST,Name2861,100,2861
2016,FEMALE,TEST,Name2862,100,2862
2016,FEMALE,TEST,Name2863,100,2863
2016,FEMALE,TEST,Name2864,100,2864
2016,FEMALE,TEST,Name2865,100,2865
2016,FEMALE,TEST,Name2866,100,2866
2016,FEMALE,TEST,Name2867,100,2867
2016,FEMALE,TEST,Name2868,100,2868
2016,FEMALE,TEST,Name2869,100,2869
2016,FEMALE,TEST,Name2870,100,2870
2016,FEMALE,TEST,Name2871,100,2871
2016,FEMALE,TEST,Name2872,100,2872
2016,FEMALE,TEST,Name2873,100,2873
2016,FEMALE,TEST,Name2874,100,2874
2016,FEMALE,TEST,Name2875,100,2875
2016,FEMALE,TEST,Name2876,100,2876
2016,FEMALE,TEST,Name2877,100,2877
2016,FEMALE,TEST,Name2878,100,2878
2016,FEMALE,TEST,Name2879,100,2879
2016,FEMALE,TEST,Name2880,100,2880
2016,FEMALE,TEST,Name2881,100,2881
2016,FEMALE,TEST,Name2882,100,2882
2016,FEMALE,TEST,Name2883,100,2883
2016,FEMALE,TEST,Name2884,100,2884
2016,FEMALE,TEST,Name2885,100,2885
2016,FEMALE,TEST,Name2886,100,2886
2016,FEMALE,TEST,Name2887,100,2887
2016,FEMALE,TEST,Name2888,100,2888
2016,FEMALE,TEST,Name2889,100,2889
2016,FEMALE,TEST,Name2890,100,2890
2016,FEMALE,TEST,Name2891,100,2891
2016,FEMALE,TEST,Name2892,100,2892
2016,FEMALE,TEST,Name2893,100,2893
2016,FEMALE,TEST,Name2894,100,2894
2016,FEMALE,TEST,Name2895,100,2895
2016,FEMALE,TEST,Name2896,100,2896
2016,FEMALE,TEST,Name2897,100,2897
2016,FEMALE,TEST,Name2898,100,2898
2016,FEMALE,TEST,Name2899,100,2899
2016,FEMALE,TEST,Name2900,100,2900
2016,FEMALE,TEST,Name2901,100,2901
2016,FEMALE,TEST,Name2902,100,2902
2016,FEMALE,TEST,Name2903,100,2903
2016,FEMALE,TEST,Name2904,100,2904
2016,FEMALE,TEST,Name2905,100,2905
2016,FEMALE,TEST,Name2906,100,2906
2016,FEMALE,TEST,Name2907,100,2907
2016,FEMALE,TEST,Name2908,100,2908
2016,FEMALE,TEST,Name2909,100,2909
2016,FEMALE,TEST,Name2910,100,2910
2016,FEMALE,TEST,Name2911,100,2911
2016,FEMALE,TEST,Name2912,100,2912
2016,FEMALE,TEST,Name2913,100,2913
2016,FEMALE,TEST,Name2914,100,2914
2016,FEMALE,TEST,Name2915,100,2915
2016,FEMALE,TEST,Name2916,100,2916
2016,FEMALE,TEST,Name2917,100,2917
2016,FEMALE,TEST,Name2918,100,2918
2016,FEMALE,TEST,Name2919,100,2919
2016,FEMALE,TEST,Name2920,100,2920
2016,FEMALE,TEST,Name2921,100,2921
2016,FEMALE,TEST,Name2922,100,2922
2016,FEMALE,TEST,Name2923,100,2923
2016,FEMALE,TEST,Name2924,100,2924
2016,FEMALE,TEST,Name2925,100,2925
2016,FEMALE,TEST,Name2926,100,2926
2016,FEMALE,TEST,Name2927,100,2927
2016,FEMALE,TEST,Name2928,100,2928
2016,FEMALE,TEST,Name2929,100,2929
2016,FEMALE,TEST,Name2930,100,2930
2016,FEMALE,TEST,Name2931,100,2931
2016,FEMALE,TEST,Name2932,100,2932
2016,FEMALE,TEST,Name2933,100,2933
2016,FEMALE,TEST,Name2934,100,2934
2016,FEMALE,TEST,Name2935,100,2935
2016,FEMALE,TEST,Name2936,100,2936
2016,FEMALE,TEST,Name2937,100,2937
2016,FEMALE,TEST,Name2938,100,2938
2016,FEMALE,TEST,Name2939,100,2939
2016,FEMALE,TEST,Name2940,100,2940
2016,FEMALE,TEST,Name2941,100,2941
2016,FEMALE,TEST,Name2942,100,2942
2016,FEMALE,TEST,Name2943,100,2943
2016,FEMALE,TEST,Name2944,100,2944
2016,FEMALE,TEST,Name2945,100,2945
2016,FEMALE,TEST,Name2946,100,2946
2016,FEMALE,TEST,Name2947,100,2947
2016,FEMALE,TEST,Name2948,100,2948
2016,FEMALE,TEST,Name2949,100,2949
2016,FEMALE,TEST,Name2950,100,2950
2016,FEMALE,TEST,Name2951,100,2951
2016,FEMALE,TEST,Name2952,100,2952
2016,FEMALE,TEST,Name2953,100,2953
2016,FEMALE,TEST,Name2954,100,2954
2016,FEMALE,TEST,Name2955,100,2955
2016,FEMALE,TEST,Name2956,100,2956
2016,FEMALE,TEST,Name2957,100,2957
2016,FEMALE,TEST,Name2958,100,2958
2016,FEMALE,TEST,Name2959,100,2959
2016,FEMALE,TEST,Name2960,100,2960
2016,FEMALE,TEST,Name2961,100,2961
2016,FEMALE,TEST,Name2962,100,2962
2016,FEMALE,TEST,Name2963,100,2963
2016,FEMALE,TEST,Name2964,100,2964
2016,FEMALE,TEST,Name2965,100,2965
2016,FEMALE,TEST,Name2966,100,2966
2016,FEMALE,TEST,Name2967,100,2967
2016,FEMALE,TEST,Name2968,100,2968
2016,FEMALE,TEST,Name2969,100,2969
2016,FEMALE,TEST,Name2970,100,2970
2016,FEMALE,TEST,Name2971,100,2971
2016,FEMALE,TEST,Name2972,100,2972
2016,FEMALE,TEST,Name2973,100,2973
2016,FEMALE,TEST,Name2974,100,2974
2016,FEMALE,TEST,Name2975,100,2975
2016,FEMALE,TEST,Name2976,100,2976
2016,FEMALE,TEST,Name2977,100,2977
2016,FEMALE,TEST,Name2978,100,2978
2016,FEMALE,TEST,Name2979,100,2979
2016,FEMALE,TEST,Name2980,100,2980
2016,FEMALE,TEST,Name2981,100,2981
2016,FEMALE,TEST,Name2982,100,2982
2016,FEMALE,TEST,Name2983,100,2983
2016,FEMALE,TEST,Name2984,100,2984
2016,FEMALE,TEST,Name2985,100,2985
2016,FEMALE,TEST,Name2986,100,2986
2016,FEMALE,TEST,Name2987,100,2987
2016,FEMALE,TEST,Name2988,100,2988
2016,FEMALE,TEST,Name2989,100,2989
2016,FEMALE,TEST,Name2990,100,2990
2016,FEMALE,TEST,Name2991,100,2991
2016,FEMALE,TEST,Name2992,100,2992
2016,FEMALE,TEST,Name2993,100,2993
2016,FEMALE,TEST,Name2994,100,2994
2016,FEMALE,TEST,Name2995,100,2995
2016,FEMALE,TEST,Name2996,100,2996
2016,FEMALE,TEST,Name2997,100,2997
2016,FEMALE,TEST,Name2998,100,2998
2016,FEMALE,TEST,Name2999,100,2999
2016,FEMALE,TEST,Name3000,100,3000
2016,FEMALE,TEST,Name3001,100,3001
2016,FEMALE,TEST,Name3002,100,3002
2016,FEMALE,TEST,Name3003,100,3003
2016,FEMALE,TEST,Name3004,100,3004
2016,FEMALE,TEST,Name3005,100,3005
2016,FEMALE,TEST,Name3006,100,3006
2016,FEMALE,TEST,Name3007,100,3007
2016,FEMALE,TEST,Name3008,100,3008
2016,FEMALE,TEST,Name3009,100,3009
2016,FEMALE,TEST,Name3010,100,3010
2016,FEMALE,TEST,Name3011,100,3011
2016,FEMALE,TEST,Name3012,100,3012
2016,FEMALE,TEST,Name3013,100,3013
2016,FEMALE,TEST,Name3014,100,3014
2016,FEMALE,TEST,Name3015,100,3015
2016,FEMALE,TEST,Name3016,100,3016
2016,FEMALE,TEST,Name3017,100,3017
2016,FEMALE,TEST,Name3018,100,3018
2016,FEMALE,TEST,Name3019,100,3019
2016,FEMALE,TEST,Name3020,100,3020
2016,FEMALE,TEST,Name3021,100,3021
2016,FEMALE,TEST,Name3022,100,3022
2016,FEMALE,TEST,Name3023,100,3023
2016,FEMALE,TEST,Name3024,100,3024
2016,FEMALE,TEST,Name3025,100,3025
2016,FEMALE,TEST,Name3026,100,3026
2016,FEMALE,TEST,Name3027,100,3027
2016,FEMALE,TEST,Name3028,100,3028
2016,FEMALE,TEST,Name3029,100,3029
2016,FEMALE,TEST,Name3030,100,3030
2016,FEMALE,TEST,Name3031,100,3031
2016,FEMALE,TEST,Name3032,100,3032
2016,FEMALE,TEST,Name3033,100,3033
2016,FEMALE,TEST,Name3034,100,3034
2016,FEMALE,TEST,Name3035,100,3035
2016,FEMALE,TEST,Name3036,100,3036
2016,FEMALE,TEST,Name3037,100,3037
2016,FEMALE,TEST,Name3038,100,3038
2016,FEMALE,TEST,Name3039,100,3039
2016,FEMALE,TEST,Name3040,100,3040
2016,FEMALE,TEST,Name3041,100,3041
2016,FEMALE,TEST,Name3042,100,3042
2016,FEMALE,TEST,Name3043,100,3043
2016,FEMALE,TEST,Name3044,100,3044
2016,FEMALE,TEST,Name3045,100,3045
2016,FEMALE,TEST,Name3046,100,3046
2016,FEMALE,TEST,Name3047,100,3047
2016,FEMALE,TEST,Name3048,100,3048
2016,FEMALE,TEST,Name3049,100,3049
2016,FEMALE,TEST,Name3050,100,3050
2016,FEMALE,TEST,Name3051,100,3051
2016,FEMALE,TEST,Name3052,100,3052
2016,FEMALE,TEST,Name3053,100,3053
2016,FEMALE,TEST,Name3054,100,3054
2016,FEMALE,TEST,Name3055,100,3055
2016,FEMALE,TEST,Name3056,100,3056
2016,FEMALE,TEST,Name3057,100,3057
2016,FEMALE,TEST,Name3058,100,3058
2016,FEMALE,TEST,Name3059,100,3059
2016,FEMALE,TEST,Name3060,100,3060
2016,FEMALE,TEST,Name3061,100,3061
2016,FEMALE,TEST,Name3062,100,3062
2016,FEMALE,TEST,Name3063,100,3063
2016,FEMALE,TEST,Name3064,100,3064
2016,FEMALE,TEST,Name3065,100,3065
2016,FEMALE,TEST,Name3066,100,3066
2016,FEMALE,TEST,Name3067,100,3067
2016,FEMALE,TEST,Name3068,100,3068
2016,FEMALE,TEST,Name3069,100,3069
2016,FEMALE,TEST,Name3070,100,3070
2016,FEMALE,TEST,Name3071,100,3071
2016,FEMALE,TEST,Name3072,100,3072
2016,FEMALE,TEST,Name3073,100,3073
2016,FEMALE,TEST,Name3074,100,3074
2016,FEMALE,TEST,Name3075,100,3075
2016,FEMALE,TEST,Name3076,100,3076
2016,FEMALE,TEST,Name3077,100,3077
2016,FEMALE,TEST,Name3078,100,3078
2016,FEMALE,TEST,Name3079,100,3079
2016,FEMALE,TEST,Name3080,100,3080
2016,FEMALE,TEST,Name3081,100,3081
2016,FEMALE,TEST,Name3082,100,3082
2016,FEMALE,TEST,Name3083,100,3083
2016,FEMALE,TEST,Name3084,100,3084
2016,FEMALE,TEST,Name3085,100,3085
2016,FEMALE,TEST,Name3086,100,3086
2016,FEMALE,TEST,Name3087,100,3087
2016,FEMALE,TEST,Name3088,100,3088
2016,FEMALE,TEST,Name3089,100,3089
2016,FEMALE,TEST,Name3090,100,3090
2016,FEMALE,TEST,Name3091,100,3091
2016,FEMALE,TEST,Name3092,100,3092
2016,FEMALE,TEST,Name3093,100,3093
2016,FEMALE,TEST,Name3094,100,3094
2016,FEMALE,TEST,Name3095,100,3095
2016,FEMALE,TEST,Name3096,100,3096
2016,FEMALE,TEST,Name3097,100,3097
2016,FEMALE,TEST,Name3098,100,3098
2016,FEMALE,TEST,Name3099,100,3099
2016,FEMALE,TEST,Name3100,100,3100
2016,FEMALE,TEST,Name3101,100,3101
2016,FEMALE,TEST,Name3102,100,3102
2016,FEMALE,TEST,Name3103,100,3103
2016,FEMALE,TEST,Name3104,100,3104
2016,FEMALE,TEST,Name3105,100,3105
2016,FEMALE,TEST,Name3106,100,3106
2016,FEMALE,TEST,Name3107,100,3107
2016,FEMALE,TEST,Name3108,100,3108
2016,FEMALE,TEST,Name3109,100,3109
2016,FEMALE,TEST,Name3110,100,3110
2016,FEMALE,TEST,Name3111,100,3111
2016,FEMALE,TEST,Name3112,100,3112
2016,FEMALE,TEST,Name3113,100,3113
2016,FEMALE,TEST,Name3114,100,3114
2016,FEMALE,TEST,Name3115,100,3115
2016,FEMALE,TEST,Name3116,100,3116
2016,FEMALE,TEST,Name3117,100,3117
2016,FEMALE,TEST,Name3118,100,3118
2016,FEMALE,TEST,Name3119,100,3119
2016,FEMALE,TEST,Name3120,100,3120
2016,FEMALE,TEST,Name3121,100,3121
2016,FEMALE,TEST,Name3122,100,3122
2016,FEMALE,TEST,Name3123,100,3123
2016,FEMALE,TEST,Name3124,100,3124
2016,FEMALE,TEST,Name3125,100,3125
2016,FEMALE,TEST,Name3126,100,3126
2016,FEMALE,TEST,Name3127,100,3127
2016,FEMALE,TEST,Name3128,100,3128
2016,FEMALE,TEST,Name3129,100,3129
2016,FEMALE,TEST,Name3130,100,3130
2016,FEMALE,TEST,Name3131,100,3131
2016,FEMALE,TEST,Name3132,100,3132
2016,FEMALE,TEST,Name3133,100,3133
2016,FEMALE,TEST,Name3134,100,3134
2016,FEMALE,TEST,Name3135,100,3135
2016,FEMALE,TEST,Name3136,100,3136
2016,FEMALE,TEST,Name3137,100,3137
2016,FEMALE,TEST,Name3138,100,3138
2016,FEMALE,TEST,Name3139,100,3139
2016,FEMALE,TEST,Name3140,100,3140
2016,FEMALE,TEST,Name3141,100,3141
2016,FEMALE,TEST,Name3142,100,3142
2016,FEMALE,TEST,Name3143,100,3143
2016,FEMALE,TEST,Name3144,100,3144
2016,FEMALE,TEST,Name3145,100,3145
2016,FEMALE,TEST,Name3146,100,3146
2016,FEMALE,TEST,Name3147,100,3147
2016,FEMALE,TEST,Name3148,100,3148
2016,FEMALE,TEST,Name3149,100,3149
2016,FEMALE,TEST,Name3150,100,3150
2016,FEMALE,TEST,Name3151,100,3151
2016,FEMALE,TEST,Name3152,100,3152
2016,FEMALE,TEST,Name3153,100,3153
2016,FEMALE,TEST,Name3154,100,3154
2016,FEMALE,TEST,Name3155,100,3155
2016,FEMALE,TEST,Name3156,100,3156
2016,FEMALE,TEST,Name3157,100,3157
2016,FEMALE,TEST,Name3158,100,3158
2016,FEMALE,TEST,Name3159,100,3159
2016,FEMALE,TEST,Name3160,100,3160
2016,FEMALE,TEST,Name3161,100,3161
2016,FEMALE,TEST,Name3162,100,3162
2016,FEMALE,TEST,Name3163,100,3163
2016,FEMALE,TEST,Name3164,100,3164
2016,FEMALE,TEST,Name3165,100,3165
2016,FEMALE,TEST,Name3166,100,3166
2016,FEMALE,TEST,Name3167,100,3167
2016,FEMALE,TEST,Name3168,100,3168
2016,FEMALE,TEST,Name3169,100,3169
2016,FEMALE,TEST,Name3170,100,3170
2016,FEMALE,TEST,Name3171,100,3171
2016,FEMALE,TEST,Name3172,100,3172
2016,FEMALE,TEST,Name3173,100,3173
2016,FEMALE,TEST,Name3174,100,3174
2016,FEMALE,TEST,Name3175,100,3175
2016,FEMALE,TEST,Name3176,100,3176
2016,FEMALE,TEST,Name3177,100,3177
2016,FEMALE,TEST,Name3178,100,3178
2016,FEMALE,TEST,Name3179,100,3179
2016,FEMALE,TEST,Name3180,100,3180
2016,FEMALE,TEST,Name3181,100,3181
2016,FEMALE,TEST,Name3182,100,3182
2016,FEMALE,TEST,Name3183,100,3183
2016,FEMALE,TEST,Name3184,100,3184
2016,FEMALE,TEST,Name3185,100,3185
2016,FEMALE,TEST,Name3186,100,3186
2016,FEMALE,TEST,Name3187,100,3187
2016,FEMALE,TEST,Name3188,100,3188
2016,FEMALE,TEST,Name3189,100,3189
2016,FEMALE,TEST,Name3190,100,3190
2016,FEMALE,TEST,Name3191,100,3191
2016,FEMALE,TEST,Name3192,100,3192
2016,FEMALE,TEST,Name3193,100,3193
2016,FEMALE,TEST,Name3194,100,3194
2016,FEMALE,TEST,Name3195,100,3195
2016,FEMALE,TEST,Name3196,100,3196
2016,FEMALE,TEST,Name3197,100,3197
2016,FEMALE,TEST,Name3198,100,3198
2016,FEMALE,TEST,Name3199,100,3199
2016,FEMALE,TEST,Name3200,100,3200
2016,FEMALE,TEST,Name3201,100,3201
2016,FEMALE,TEST,Name3202,100,3202
2016,FEMALE,TEST,Name3203,100,3203
2016,FEMALE,TEST,Name3204,100,3204
2016,FEMALE,TEST,Name3205,100,3205
2016,FEMALE,TEST,Name3206,100,3206
2016,FEMALE,TEST,Name3207,100,3207
2016,FEMALE,TEST,Name3208,100,3208
2016,FEMALE,TEST,Name3209,100,3209
2016,FEMALE,TEST,Name3210,100,3210
2016,FEMALE,TEST,Name3211,100,3211
2016,FEMALE,TEST,Name3212,100,3212
2016,FEMALE,TEST,Name3213,100,3213
2016,FEMALE,TEST,Name3214,100,3214
2016,FEMALE,TEST,Name3215,100,3215
2016,FEMALE,TEST,Name3216,100,3216
2016,FEMALE,TEST,Name3217,100,3217
2016,FEMALE,TEST,Name3218,100,3218
2016,FEMALE,TEST,Name3219,100,3219
2016,FEMALE,TEST,Name3220,100,3220
2016,FEMALE,TEST,Name3221,100,3221
2016,FEMALE,TEST,Name3222,100,3222
2016,FEMALE,TEST,Name3223,100,3223
2016,FEMALE,TEST,Name3224,100,3224
2016,FEMALE,TEST,Name3225,100,3225
2016,FEMALE,TEST,Name3226,100,3226
2016,FEMALE,TEST,Name3227,100,3227
2016,FEMALE,TEST,Name3228,100,3228
2016,FEMALE,TEST,Name3229,100,3229
2016,FEMALE,TEST,Name3230,100,3230
2016,FEMALE,TEST,Name3231,100,3231
2016,FEMALE,TEST,Name3232,100,3232
2016,FEMALE,TEST,Name3233,100,3233
2016,FEMALE,TEST,Name3234,100,3234
2016,FEMALE,TEST,Name3235,100,3235
2016,FEMALE,TEST,Name3236,100,3236
2016,FEMALE,TEST,Name3237,100,3237
2016,FEMALE,TEST,Name3238,100,3238
2016,FEMALE,TEST,Name3239,100,3239
2016,FEMALE,TEST,Name3240,100,3240
2016,FEMALE,TEST,Name3241,100,3241
2016,FEMALE,TEST,Name3242,100,3242
2016,FEMALE,TEST,Name3243,100,3243
2016,FEMALE,TEST,Name3244,100,3244
2016,FEMALE,TEST,Name3245,100,3245
2016,FEMALE,TEST,Name3246,100,3246
2016,FEMALE,TEST,Name3247,100,3247
2016,FEMALE,TEST,Name3248,100,3248
2016,FEMALE,TEST,Name3249,100,3249
2016,FEMALE,TEST,Name3250,100,3250
2016,FEMALE,TEST,Name3251,100,3251
2016,FEMALE,TEST,Name3252,100,3252
2016,FEMALE,TEST,Name3253,100,3253
2016,FEMALE,TEST,Name3254,100,3254
2016,FEMALE,TEST,Name3255,100,3255
2016,FEMALE,TEST,Name3256,100,3256
2016,FEMALE,TEST,Name3257,100,3257
2016,FEMALE,TEST,Name3258,100,3258
2016,FEMALE,TEST,Name3259,100,3259
2016,FEMALE,TEST,Name3260,100,3260
2016,FEMALE,TEST,Name3261,100,3261
2016,FEMALE,TEST,Name3262,100,3262
2016,FEMALE,TEST,Name3263,100,3263
2016,FEMALE,TEST,Name3264,100,3264
2016,FEMALE,TEST,Name3265,100,3265
2016,FEMALE,TEST,Name3266,100,3266
2016,FEMALE,TEST,Name3267,100,3267
2016,FEMALE,TEST,Name3268,100,3268
2016,FEMALE,TEST,Name3269,100,3269
2016,FEMALE,TEST,Name3270,100,3270
2016,FEMALE,TEST,Name3271,100,3271
2016,FEMALE,TEST,Name3272,100,3272
2016,FEMALE,TEST,Name3273,100,3273
2016,FEMALE,TEST,Name3274,100,3274
2016,FEMALE,TEST,Name3275,100,3275
2016,FEMALE,TEST,Name3276,100,3276
2016,FEMALE,TEST,Name3277,100,3277
2016,FEMALE,TEST,Name3278,100,3278
2016,FEMALE,TEST,Name3279,100,3279
2016,FEMALE,TEST,Name3280,100,3280
2016,FEMALE,TEST,Name3281,100,3281
2016,FEMALE,TEST,Name3282,100,3282
2016,FEMALE,TEST,Name3283,100,3283
2016,FEMALE,TEST,Name3284,100,3284
2016,FEMALE,TEST,Name3285,100,3285
2016,FEMALE,TEST,Name3286,100,3286
2016,FEMALE,TEST,Name3287,100,3287
2016,FEMALE,TEST,Name3288,100,3288
2016,FEMALE,TEST,Name3289,100,3289
2016,FEMALE,TEST,Name3290,100,3290
2016,FEMALE,TEST,Name3291,100,3291
2016,FEMALE,TEST,Name3292,100,3292
2016,FEMALE,TEST,Name3293,100,3293
2016,FEMALE,TEST,Name3294,100,3294
2016,FEMALE,TEST,Name3295,100,3295
2016,FEMALE,TEST,Name3296,100,3296
2016,FEMALE,TEST,Name3297,100,3297
2016,FEMALE,TEST,Name3298,100,3298
2016,FEMALE,TEST,Name3299,100,3299
2016,FEMALE,TEST,Name3300,100,3300
2016,FEMALE,TEST,Name3301,100,3301
2016,FEMALE,TEST,Name3302,100,3302
2016,FEMALE,TEST,Name3303,100,3303
2016,FEMALE,TEST,Name3304,100,3304
2016,FEMALE,TEST,Name3305,100,3305
2016,FEMALE,TEST,Name3306,100,3306
2016,FEMALE,TEST,Name3307,100,3307
2016,FEMALE,TEST,Name3308,100,3308
2016,FEMALE,TEST,Name3309,100,3309
2016,FEMALE,TEST,Name3310,100,3310
2016,FEMALE,TEST,Name3311,100,3311
2016,FEMALE,TEST,Name3312,100,3312
2016,FEMALE,TEST,Name3313,100,3313
2016,FEMALE,TEST,Name3314,100,3314
2016,FEMALE,TEST,Name3315,100,3315
2016,FEMALE,TEST,Name3316,100,3316
2016,FEMALE,TEST,Name3317,100,3317
2016,FEMALE,TEST,Name3318,100,3318
2016,FEMALE,TEST,Name3319,100,3319
2016,FEMALE,TEST,Name3320,100,3320
2016,FEMALE,TEST,Name3321,100,3321
2016,FEMALE,TEST,Name3322,100,3322
2016,FEMALE,TEST,Name3323,100,3323
2016,FEMALE,TEST,Name3324,100,3324
2016,FEMALE,TEST,Name3325,100,3325
2016,FEMALE,TEST,Name3326,100,3326
2016,FEMALE,TEST,Name3327,100,3327
2016,FEMALE,TEST,Name3328,100,3328
2016,FEMALE,TEST,Name3329,100,3329
2016,FEMALE,TEST,Name3330,100,3330
2016,FEMALE,TEST,Name3331,100,3331
2016,FEMALE,TEST,Name3332,100,3332
2016,FEMALE,TEST,Name3333,100,3333
2016,FEMALE,TEST,Name3334,100,3334
2016,FEMALE,TEST,Name3335,100,3335
2016,FEMALE,TEST,Name3336,100,3336
2016,FEMALE,TEST,Name3337,100,3337
2016,FEMALE,TEST,Name3338,100,3338
2016,FEMALE,TEST,Name3339,100,3339
2016,FEMALE,TEST,Name3340,100,3340
2016,FEMALE,TEST,Name3341,100,3341
2016,FEMALE,TEST,Name3342,100,3342
2016,FEMALE,TEST,Name3343,100,3343
2016,FEMALE,TEST,Name3344,100,3344
2016,FEMALE,TEST,Name3345,100,3345
2016,FEMALE,TEST,Name3346,100,3346
2016,FEMALE,TEST,Name3347,100,3347
2016,FEMALE,TEST,Name3348,100,3348
2016,FEMALE,TEST,Name3349,100,3349
2016,FEMALE,TEST,Name3350,100,3350
2016,FEMALE,TEST,Name3351,100,3351
2016,FEMALE,TEST,Name3352,100,3352
2016,FEMALE,TEST,Name3353,100,3353
2016,FEMALE,TEST,Name3354,100,3354
2016,FEMALE,TEST,Name3355,100,3355
2016,FEMALE,TEST,Name3356,100,3356
2016,FEMALE,TEST,Name3357,100,3357
2016,FEMALE,TEST,Name3358,100,3358
2016,FEMALE,TEST,Name3359,100,3359
2016,FEMALE,TEST,Name3360,100,3360
2016,FEMALE,TEST,Name3361,100,3361
2016,FEMALE,TEST,Name3362,100,3362
2016,FEMALE,TEST,Name3363,100,3363
2016,FEMALE,TEST,Name3364,100,3364
2016,FEMALE,TEST,Name3365,100,3365
2016,FEMALE,TEST,Name3366,100,3366
2016,FEMALE,TEST,Name3367,100,3367
2016,FEMALE,TEST,Name3368,100,3368
2016,FEMALE,TEST,Name3369,100,3369
2016,FEMALE,TEST,Name3370,100,3370
2016,FEMALE,TEST,Name3371,100,3371
2016,FEMALE,TEST,Name3372,100,3372
2016,FEMALE,TEST,Name3373,100,3373
2016,FEMALE,TEST,Name3374,100,3374
2016,FEMALE,TEST,Name3375,100,3375
2016,FEMALE,TEST,Name3376,100,3376
2016,FEMALE,TEST,Name3377,100,3377
2016,FEMALE,TEST,Name3378,100,3378
2016,FEMALE,TEST,Name3379,100,3379
2016,FEMALE,TEST,Name3380,100,3380
2016,FEMALE,TEST,Name3381,100,3381
2016,FEMALE,TEST,Name3382,100,3382
2016,FEMALE,TEST,Name3383,100,3383
2016,FEMALE,TEST,Name3384,100,3384
2016,FEMALE,TEST,Name3385,100,3385
2016,FEMALE,TEST,Name3386,100,3386
2016,FEMALE,TEST,Name3387,100,3387
2016,FEMALE,TEST,Name3388,100,3388
2016,FEMALE,TEST,Name3389,100,3389
2016,FEMALE,TEST,Name3390,100,3390
2016,FEMALE,TEST,Name3391,100,3391
2016,FEMALE,TEST,Name3392,100,3392
2016,FEMALE,TEST,Name3393,100,3393
2016,FEMALE,TEST,Name3394,100,3394
2016,FEMALE,TEST,Name3395,100,3395
2016,FEMALE,TEST,Name3396,100,3396
2016,FEMALE,TEST,Name3397,100,3397
2016,FEMALE,TEST,Name3398,100,3398
2016,FEMALE,TEST,Name3399,100,3399
2016,FEMALE,TEST,Name3400,100,3400
2016,FEMALE,TEST,Name3401,100,3401
2016,FEMALE,TEST,Name3402,100,3402
2016,FEMALE,TEST,Name3403,100,3403
2016,FEMALE,TEST,Name3404,100,3404
2016,FEMALE,TEST,Name3405,100,3405
2016,FEMALE,TEST,Name3406,100,3406
2016,FEMALE,TEST,Name3407,100,3407
2016,FEMALE,TEST,Name3408,100,3408
2016,FEMALE,TEST,Name3409,100,3409
2016,FEMALE,TEST,Name3410,100,3410
2016,FEMALE,TEST,Name3411,100,3411
2016,FEMALE,TEST,Name3412,100,3412
2016,FEMALE,TEST,Name3413,100,3413
2016,FEMALE,TEST,Name3414,100,3414
2016,FEMALE,TEST,Name3415,100,3415
2016,FEMALE,TEST,Name3416,100,3416
2016,FEMALE,TEST,Name3417,100,3417
2016,FEMALE,TEST,Name3418,100,3418
2016,FEMALE,TEST,Name3419,100,3419
2016,FEMALE,TEST,Name3420,100,3420
2016,FEMALE,TEST,Name3421,100,3421
2016,FEMALE,TEST,Name3422,100,3422
2016,FEMALE,TEST,Name3423,100,3423
2016,FEMALE,TEST,Name3424,100,3424
2016,FEMALE,TEST,Name3425,100,3425
2016,FEMALE,TEST,Name3426,100,3426
2016,FEMALE,TEST,Name3427,100,3427
2016,FEMALE,TEST,Name3428,100,3428
2016,FEMALE,TEST,Name3429,100,3429
2016,FEMALE,TEST,Name3430,100,3430
2016,FEMALE,TEST,Name3431,100,3431
2016,FEMALE,TEST,Name3432,100,3432
2016,FEMALE,TEST,Name3433,100,3433
2016,FEMALE,TEST,Name3434,100,3434
2016,FEMALE,TEST,Name3435,100,3435
2016,FEMALE,TEST,Name3436,100,3436
2016,FEMALE,TEST,Name3437,100,3437
2016,FEMALE,TEST,Name3438,100,3438
2016,FEMALE,TEST,Name3439,100,3439
2016,FEMALE,TEST,Name3440,100,3440
2016,FEMALE,TEST,Name3441,100,3441
2016,FEMALE,TEST,Name3442,100,3442
2016,FEMALE,TEST,Name3443,100,3443
2016,FEMALE,TEST,Name3444,100,3444
2016,FEMALE,TEST,Name3445,100,3445
2016,FEMALE,TEST,Name3446,100,3446
2016,FEMALE,TEST,Name3447,100,3447
2016,FEMALE,TEST,Name3448,100,3448
2016,FEMALE,TEST,Name3449,100,3449
2016,FEMALE,TEST,Name3450,100,3450
2016,FEMALE,TEST,Name3451,100,3451
2016,FEMALE,TEST,Name3452,100,3452
2016,FEMALE,TEST,Name3453,100,3453
2016,FEMALE,TEST,Name3454,100,3454
2016,FEMALE,TEST,Name3455,100,3455
2016,FEMALE,TEST,Name3456,100,3456
2016,FEMALE,TEST,Name3457,100,3457
2016,FEMALE,TEST,Name3458,100,3458
2016,FEMALE,TEST,Name3459,100,3459
2016,FEMALE,TEST,Name3460,100,3460
2016,FEMALE,TEST,Name3461,100,3461
2016,FEMALE,TEST,Name3462,100,3462
2016,FEMALE,TEST,Name3463,100,3463
2016,FEMALE,TEST,Name3464,100,3464
2016,FEMALE,TEST,Name3465,100,3465
2016,FEMALE,TEST,Name3466,100,3466
2016,FEMALE,TEST,Name3467,100,3467
2016,FEMALE,TEST,Name3468,100,3468
2016,FEMALE,TEST,Name3469,100,3469
2016,FEMALE,TEST,Name3470,100,3470
2016,FEMALE,TEST,Name3471,100,3471
2016,FEMALE,TEST,Name3472,100,3472
2016,FEMALE,TEST,Name3473,100,3473
2016,FEMALE,TEST,Name3474,100,3474
2016,FEMALE,TEST,Name3475,100,3475
2016,FEMALE,TEST,Name3476,100,3476
2016,FEMALE,TEST,Name3477,100,3477
2016,FEMALE,TEST,Name3478,100,3478
2016,FEMALE,TEST,Name3479,100,3479
2016,FEMALE,TEST,Name3480,100,3480
2016,FEMALE,TEST,Name3481,100,3481
2016,FEMALE,TEST,Name3482,100,3482
2016,FEMALE,TEST,Name3483,100,3483
2016,FEMALE,TEST,Name3484,100,3484
2016,FEMALE,TEST,Name3485,100,3485
2016,FEMALE,TEST,Name3486,100,3486
2016,FEMALE,TEST,Name3487,100,3487
2016,FEMALE,TEST,Name3488,100,3488
2016,FEMALE,TEST,Name3489,100,3489
2016,FEMALE,TEST,Name3490,100,3490
2016,FEMALE,TEST,Name3491,100,3491
2016,FEMALE,TEST,Name3492,100,3492
2016,FEMALE,TEST,Name3493,100,3493
2016,FEMALE,TEST,Name3494,100,3494
2016,FEMALE,TEST,Name3495,100,3495
2016,FEMALE,TEST,Name3496,100,3496
2016,FEMALE,TEST,Name3497,100,3497
2016,FEMALE,TEST,Name3498,100,3498
2016,FEMALE,TEST,Name3499,100,3499
2016,FEMALE,TEST,Name3500,100,3500
2016,FEMALE,TEST,Name3501,100,3501
2016,FEMALE,TEST,Name3502,100,3502
2016,FEMALE,TEST,Name3503,100,3503
2016,FEMALE,TEST,Name3504,100,3504
2016,FEMALE,TEST,Name3505,100,3505
2016,FEMALE,TEST,Name3506,100,3506
2016,FEMALE,TEST,Name3507,100,3507
2016,FEMALE,TEST,Name3508,100,3508
2016,FEMALE,TEST,Name3509,100,3509
2016,FEMALE,TEST,Name3510,100,3510
2016,FEMALE,TEST,Name3511,100,3511
2016,FEMALE,TEST,Name3512,100,3512
2016,FEMALE,TEST,Name3513,100,3513
2016,FEMALE,TEST,Name3514,100,3514
2016,FEMALE,TEST,Name3515,100,3515
2016,FEMALE,TEST,Name3516,100,3516
2016,FEMALE,TEST,Name3517,100,3517
2016,FEMALE,TEST,Name3518,100,3518
2016,FEMALE,TEST,Name3519,100,3519
2016,FEMALE,TEST,Name3520,100,3520
2016,FEMALE,TEST,Name3521,100,3521
2016,FEMALE,TEST,Name3522,100,3522
2016,FEMALE,TEST,Name3523,100,3523
2016,FEMALE,TEST,Name3524,100,3524
2016,FEMALE,TEST,Name3525,100,3525
2016,FEMALE,TEST,Name3526,100,3526
2016,FEMALE,TEST,Name3527,100,3527
2016,FEMALE,TEST,Name3528,100,3528
2016,FEMALE,TEST,Name3529,100,3529
2016,FEMALE,TEST,Name3530,100,3530
2016,FEMALE,TEST,Name3531,100,3531
2016,FEMALE,TEST,Name3532,100,3532
2016,FEMALE,TEST,Name3533,100,3533
2016,FEMALE,TEST,Name3534,100,3534
2016,FEMALE,TEST,Name3535,100,3535
2016,FEMALE,TEST,Name3536,100,3536
2016,FEMALE,TEST,Name3537,100,3537
2016,FEMALE,TEST,Name3538,100,3538
2016,FEMALE,TEST,Name3539,100,3539
2016,FEMALE,TEST,Name3540,100,3540
2016,FEMALE,TEST,Name3541,100,3541
2016,FEMALE,TEST,Name3542,100,3542
2016,FEMALE,TEST,Name3543,100,3543
2016,FEMALE,TEST,Name3544,100,3544
2016,FEMALE,TEST,Name3545,100,3545
2016,FEMALE,TEST,Name3546,100,3546
2016,FEMALE,TEST,Name3547,100,3547
2016,FEMALE,TEST,Name3548,100,3548
2016,FEMALE,TEST,Name3549,100,3549
2016,FEMALE,TEST,Name3550,100,3550
2016,FEMALE,TEST,Name3551,100,3551
2016,FEMALE,TEST,Name3552,100,3552
2016,FEMALE,TEST,Name3553,100,3553
2016,FEMALE,TEST,Name3554,100,3554
2016,FEMALE,TEST,Name3555,100,3555
2016,FEMALE,TEST,Name3556,100,3556
2016,FEMALE,TEST,Name3557,100,3557
2016,FEMALE,TEST,Name3558,100,3558
2016,FEMALE,TEST,Name3559,100,3559
2016,FEMALE,TEST,Name3560,100,3560
2016,FEMALE,TEST,Name3561,100,3561
2016,FEMALE,TEST,Name3562,100,3562
2016,FEMALE,TEST,Name3563,100,3563
2016,FEMALE,TEST,Name3564,100,3564
2016,FEMALE,TEST,Name3565,100,3565
2016,FEMALE,TEST,Name3566,100,3566
2016,FEMALE,TEST,Name3567,100,3567
2016,FEMALE,TEST,Name3568,100,3568
2016,FEMALE,TEST,Name3569,100,3569
2016,FEMALE,TEST,Name3570,100,3570
2016,FEMALE,TEST,Name3571,100,3571
2016,FEMALE,TEST,Name3572,100,3572
2016,FEMALE,TEST,Name3573,100,3573
2016,FEMALE,TEST,Name3574,100,3574
2016,FEMALE,TEST,Name3575,100,3575
2016,FEMALE,TEST,Name3576,100,3576
2016,FEMALE,TEST,Name3577,100,3577
2016,FEMALE,TEST,Name3578,100,3578
2016,FEMALE,TEST,Name3579,100,3579
2016,FEMALE,TEST,Name3580,100,3580
2016,FEMALE,TEST,Name3581,100,3581
2016,FEMALE,TEST,Name3582,100,3582
2016,FEMALE,TEST,Name3583,100,3583
2016,FEMALE,TEST,Name3584,100,3584
2016,FEMALE,TEST,Name3585,100,3585
2016,FEMALE,TEST,Name3586,100,3586
2016,FEMALE,TEST,Name3587,100,3587
2016,FEMALE,TEST,Name3588,100,3588
2016,FEMALE,TEST,Name3589,100,3589
2016,FEMALE,TEST,Name3590,100,3590
2016,FEMALE,TEST,Name3591,100,3591
2016,FEMALE,TEST,Name3592,100,3592
2016,FEMALE,TEST,Name3593,100,3593
2016,FEMALE,TEST,Name3594,100,3594
2016,FEMALE,TEST,Name3595,100,3595
2016,FEMALE,TEST,Name3596,100,3596
2016,FEMALE,TEST,Name3597,100,3597
2016,FEMALE,TEST,Name3598,100,3598
2016,FEMALE,TEST,Name3599,100,3599
2016,FEMALE,TEST,Name3600,100,3600
2016,FEMALE,TEST,Name3601,100,3601
2016,FEMALE,TEST,Name3602,100,3602
2016,FEMALE,TEST,Name3603,100,3603
2016,FEMALE,TEST,Name3604,100,3604
2016,FEMALE,TEST,Name3605,100,3605
2016,FEMALE,TEST,Name3606,100,3606
2016,FEMALE,TEST,Name3607,100,3607
2016,FEMALE,TEST,Name3608,100,3608
2016,FEMALE,TEST,Name3609,100,3609
2016,FEMALE,TEST,Name3610,100,3610
2016,FEMALE,TEST,Name3611,100,3611
2016,FEMALE,TEST,Name3612,100,3612
2016,FEMALE,TEST,Name3613,100,3613
2016,FEMALE,TEST,Name3614,100,3614
2016,FEMALE,TEST,Name3615,100,3615
2016,FEMALE,TEST,Name3616,100,3616
2016,FEMALE,TEST,Name3617,100,3617
2016,FEMALE,TEST,Name3618,100,3618
2016,FEMALE,TEST,Name3619,100,3619
2016,FEMALE,TEST,Name3620,100,3620
2016,FEMALE,TEST,Name3621,100,3621
2016,FEMALE,TEST,Name3622,100,3622
2016,FEMALE,TEST,Name3623,100,3623
2016,FEMALE,TEST,Name3624,100,3624
2016,FEMALE,TEST,Name3625,100,3625
2016,FEMALE,TEST,Name3626,100,3626
2016,FEMALE,TEST,Name3627,100,3627
2016,FEMALE,TEST,Name3628,100,3628
2016,FEMALE,TEST,Name3629,100,3629
2016,FEMALE,TEST,Name3630,100,3630
2016,FEMALE,TEST,Name3631,100,3631
2016,FEMALE,TEST,Name3632,100,3632
2016,FEMALE,TEST,Name3633,100,3633
2016,FEMALE,TEST,Name3634,100,3634
2016,FEMALE,TEST,Name3635,100,3635
2016,FEMALE,TEST,Name3636,100,3636
2016,FEMALE,TEST,Name3637,100,3637
2016,FEMALE,TEST,Name3638,100,3638
2016,FEMALE,TEST,Name3639,100,3639
2016,FEMALE,TEST,Name3640,100,3640
2016,FEMALE,TEST,Name3641,100,3641
2016,FEMALE,TEST,Name3642,100,3642
2016,FEMALE,TEST,Name3643,100,3643
2016,FEMALE,TEST,Name3644,100,3644
2016,FEMALE,TEST,Name3645,100,3645
2016,FEMALE,TEST,Name3646,100,3646
2016,FEMALE,TEST,Name3647,100,3647
2016,FEMALE,TEST,Name3648,100,3648
2016,FEMALE,TEST,Name3649,100,3649
2016,FEMALE,TEST,Name3650,100,3650
2016,FEMALE,TEST,Name3651,100,3651
2016,FEMALE,TEST,Name3652,100,3652
2016,FEMALE,TEST,Name3653,100,3653
2016,FEMALE,TEST,Name3654,100,3654
2016,FEMALE,TEST,Name3655,100,3655
2016,FEMALE,TEST,Name3656,100,3656
2016,FEMALE,TEST,Name3657,100,3657
2016,FEMALE,TEST,Name3658,100,3658
2016,FEMALE,TEST,Name3659,100,3659
2016,FEMALE,TEST,Name3660,100,3660
2016,FEMALE,TEST,Name3661,100,3661
2016,FEMALE,TEST,Name3662,100,3662
2016,FEMALE,TEST,Name3663,100,3663
2016,FEMALE,TEST,Name3664,100,3664
2016,FEMALE,TEST,Name3665,100,3665
2016,FEMALE,TEST,Name3666,100,3666
2016,FEMALE,TEST,Name3667,100,3667
2016,FEMALE,TEST,Name3668,100,3668
2016,FEMALE,TEST,Name3669,100,3669
2016,FEMALE,TEST,Name3670,100,3670
2016,FEMALE,TEST,Name3671,100,3671
2016,FEMALE,TEST,Name3672,100,3672
2016,FEMALE,TEST,Name3673,100,3673
2016,FEMALE,TEST,Name3674,100,3674
2016,FEMALE,TEST,Name3675,100,3675
2016,FEMALE,TEST,Name3676,100,3676
2016,FEMALE,TEST,Name3677,100,3677
2016,FEMALE,TEST,Name3678,100,3678
2016,FEMALE,TEST,Name3679,100,3679
2016,FEMALE,TEST,Name3680,100,3680
2016,FEMALE,TEST,Name3681,100,3681
2016,FEMALE,TEST,Name3682,100,3682
2016,FEMALE,TEST,Name3683,100,3683
2016,FEMALE,TEST,Name3684,100,3684
2016,FEMALE,TEST,Name3685,100,3685
2016,FEMALE,TEST,Name3686,100,3686
2016,FEMALE,TEST,Name3687,100,3687
2016,FEMALE,TEST,Name3688,100,3688
2016,FEMALE,TEST,Name3689,100,3689
2016,FEMALE,TEST,Name3690,100,3690
2016,FEMALE,TEST,Name3691,100,3691
2016,FEMALE,TEST,Name3692,100,3692
2016,FEMALE,TEST,Name3693,100,3693
2016,FEMALE,TEST,Name3694,100,3694
2016,FEMALE,TEST,Name3695,100,3695
2016,FEMALE,TEST,Name3696,100,3696
2016,FEMALE,TEST,Name3697,100,3697
2016,FEMALE,TEST,Name3698,100,3698
2016,FEMALE,TEST,Name3699,100,3699
2016,FEMALE,TEST,Name3700,100,3700
2016,FEMALE,TEST,Name3701,100,3701
2016,FEMALE,TEST,Name3702,100,3702
2016,FEMALE,TEST,Name3703,100,3703
2016,FEMALE,TEST,Name3704,100,3704
2016,FEMALE,TEST,Name3705,100,3705
2016,FEMALE,TEST,Name3706,100,3706
2016,FEMALE,TEST,Name3707,100,3707
2016,FEMALE,TEST,Name3708,100,3708
2016,FEMALE,TEST,Name3709,100,3709
2016,FEMALE,TEST,Name3710,100,3710
2016,FEMALE,TEST,Name3711,100,3711
2016,FEMALE,TEST,Name3712,100,3712
2016,FEMALE,TEST,Name3713,100,3713
2016,FEMALE,TEST,Name3714,100,3714
2016,FEMALE,TEST,Name3715,100,3715
2016,FEMALE,TEST,Name3716,100,3716
2016,FEMALE,TEST,Name3717,100,3717
2016,FEMALE,TEST,Name3718,100,3718
2016,FEMALE,TEST,Name3719,100,3719
2016,FEMALE,TEST,Name3720,100,3720
2016,FEMALE,TEST,Name3721,100,3721
2016,FEMALE,TEST,Name3722,100,3722
2016,FEMALE,TEST,Name3723,100,3723
2016,FEMALE,TEST,Name3724,100,3724
2016,FEMALE,TEST,Name3725,100,3725
2016,FEMALE,TEST,Name3726,100,3726
2016,FEMALE,TEST,Name3727,100,3727
2016,FEMALE,TEST,Name3728,100,3728
2016,FEMALE,TEST,Name3729,100,3729
2016,FEMALE,TEST,Name3730,100,3730
2016,FEMALE,TEST,Name3731,100,3731
2016,FEMALE,TEST,Name3732,100,3732
2016,FEMALE,TEST,Name3733,100,3733
2016,FEMALE,TEST,Name3734,100,3734
2016,FEMALE,TEST,Name3735,100,3735
2016,FEMALE,TEST,Name3736,100,3736
2016,FEMALE,TEST,Name3737,100,3737
2016,FEMALE,TEST,Name3738,100,3738
2016,FEMALE,TEST,Name3739,100,3739
2016,FEMALE,TEST,Name3740,100,3740
2016,FEMALE,TEST,Name3741,100,3741
2016,FEMALE,TEST,Name3742,100,3742
2016,FEMALE,TEST,Name3743,100,3743
2016,FEMALE,TEST,Name3744,100,3744
2016,FEMALE,TEST,Name3745,100,3745
2016,FEMALE,TEST,Name3746,100,3746
2016,FEMALE,TEST,Name3747,100,3747
2016,FEMALE,TEST,Name3748,100,3748
2016,FEMALE,TEST,Name3749,100,3749
2016,FEMALE,TEST,Name3750,100,3750
2016,FEMALE,TEST,Name3751,100,3751
2016,FEMALE,TEST,Name3752,100,3752
2016,FEMALE,TEST,Name3753,100,3753
2016,FEMALE,TEST,Name3754,100,3754
2016,FEMALE,TEST,Name3755,100,3755
2016,FEMALE,TEST,Name3756,100,3756
2016,FEMALE,TEST,Name3757,100,3757
2016,FEMALE,TEST,Name3758,100,3758
2016,FEMALE,TEST,Name3759,100,3759
2016,FEMALE,TEST,Name3760,100,3760
2016,FEMALE,TEST,Name3761,100,3761
2016,FEMALE,TEST,Name3762,100,3762
2016,FEMALE,TEST,Name3763,100,3763
2016,FEMALE,TEST,Name3764,100,3764
2016,FEMALE,TEST,Name3765,100,3765
2016,FEMALE,TEST,Name3766,100,3766
2016,FEMALE,TEST,Name3767,100,3767
2016,FEMALE,TEST,Name3768,100,3768
2016,FEMALE,TEST,Name3769,100,3769
2016,FEMALE,TEST,Name3770,100,3770
2016,FEMALE,TEST,Name3771,100,3771
2016,FEMALE,TEST,Name3772,100,3772
2016,FEMALE,TEST,Name3773,100,3773
2016,FEMALE,TEST,Name3774,100,3774
2016,FEMALE,TEST,Name3775,100,3775
2016,FEMALE,TEST,Name3776,100,3776
2016,FEMALE,TEST,Name3777,100,3777
2016,FEMALE,TEST,Name3778,100,3778
2016,FEMALE,TEST,Name3779,100,3779
2016,FEMALE,TEST,Name3780,100,3780
2016,FEMALE,TEST,Name3781,100,3781
2016,FEMALE,TEST,Name3782,100,3782
2016,FEMALE,TEST,Name3783,100,3783
2016,FEMALE,TEST,Name3784,100,3784
2016,FEMALE,TEST,Name3785,100,3785
2016,FEMALE,TEST,Name3786,100,3786
2016,FEMALE,TEST,Name3787,100,3787
2016,FEMALE,TEST,Name3788,100,3788
2016,FEMALE,TEST,Name3789,100,3789
2016,FEMALE,TEST,Name3790,100,3790
2016,FEMALE,TEST,Name3791,100,3791
2016,FEMALE,TEST,Name3792,100,3792
2016,FEMALE,TEST,Name3793,100,3793
2016,FEMALE,TEST,Name3794,100,3794
2016,FEMALE,TEST,Name3795,100,3795
2016,FEMALE,TEST,Name3796,100,3796
2016,FEMALE,TEST,Name3797,100,3797
2016,FEMALE,TEST,Name3798,100,3798
2016,FEMALE,TEST,Name3799,100,3799
2016,FEMALE,TEST,Name3800,100,3800
2016,FEMALE,TEST,Name3801,100,3801
2016,FEMALE,TEST,Name3802,100,3802
2016,FEMALE,TEST,Name3803,100,3803
2016,FEMALE,TEST,Name3804,100,3804
2016,FEMALE,TEST,Name3805,100,3805
2016,FEMALE,TEST,Name3806,100,3806
2016,FEMALE,TEST,Name3807,100,3807
2016,FEMALE,TEST,Name3808,100,3808
2016,FEMALE,TEST,Name3809,100,3809
2016,FEMALE,TEST,Name3810,100,3810
2016,FEMALE,TEST,Name3811,100,3811
2016,FEMALE,TEST,Name3812,100,3812
2016,FEMALE,TEST,Name3813,100,3813
2016,FEMALE,TEST,Name3814,100,3814
2016,FEMALE,TEST,Name3815,100,3815
2016,FEMALE,TEST,Name3816,100,3816
2016,FEMALE,TEST,Name3817,100,3817
2016,FEMALE,TEST,Name3818,100,3818
2016,FEMALE,TEST,Name3819,100,3819
2016,FEMALE,TEST,Name3820,100,3820
2016,FEMALE,TEST,Name3821,100,3821
2016,FEMALE,TEST,Name3822,100,3822
2016,FEMALE,TEST,Name3823,100,3823
2016,FEMALE,TEST,Name3824,100,3824
2016,FEMALE,TEST,Name3825,100,3825
2016,FEMALE,TEST,Name3826,100,3826
2016,FEMALE,TEST,Name3827,100,3827
2016,FEMALE,TEST,Name3828,100,3828
2016,FEMALE,TEST,Name3829,100,3829
2016,FEMALE,TEST,Name3830,100,3830
2016,FEMALE,TEST,Name3831,100,3831
2016,FEMALE,TEST,Name3832,100,3832
2016,FEMALE,TEST,Name3833,100,3833
2016,FEMALE,TEST,Name3834,100,3834
2016,FEMALE,TEST,Name3835,100,3835
2016,FEMALE,TEST,Name3836,100,3836
2016,FEMALE,TEST,Name3837,100,3837
2016,FEMALE,TEST,Name3838,100,3838
2016,FEMALE,TEST,Name3839,100,3839
2016,FEMALE,TEST,Name3840,100,3840
2016,FEMALE,TEST,Name3841,100,3841
2016,FEMALE,TEST,Name3842,100,3842
2016,FEMALE,TEST,Name3843,100,3843
2016,FEMALE,TEST,Name3844,100,3844
2016,FEMALE,TEST,Name3845,100,3845
2016,FEMALE,TEST,Name3846,100,3846
2016,FEMALE,TEST,Name3847,100,3847
2016,FEMALE,TEST,Name3848,100,3848
2016,FEMALE,TEST,Name3849,100,3849
2016,FEMALE,TEST,Name3850,100,3850
2016,FEMALE,TEST,Name3851,100,3851
2016,FEMALE,TEST,Name3852,100,3852
2016,FEMALE,TEST,Name3853,100,3853
2016,FEMALE,TEST,Name3854,100,3854
2016,FEMALE,TEST,Name3855,100,3855
2016,FEMALE,TEST,Name3856,100,3856
2016,FEMALE,TEST,Name3857,100,3857
2016,FEMALE,TEST,Name3858,100,3858
2016,FEMALE,TEST,Name3859,100,3859
2016,FEMALE,TEST,Name3860,100,3860
2016,FEMALE,TEST,Name3861,100,3861
2016,FEMALE,TEST,Name3862,100,3862
2016,FEMALE,TEST,Name3863,100,3863
2016,FEMALE,TEST,Name3864,100,3864
2016,FEMALE,TEST,Name3865,100,3865
2016,FEMALE,TEST,Name3866,100,3866
2016,FEMALE,TEST,Name3867,100,3867
2016,FEMALE,TEST,Name3868,100,3868
2016,FEMALE,TEST,Name3869,100,3869
2016,FEMALE,TEST,Name3870,100,3870
2016,FEMALE,TEST,Name3871,100,3871
2016,FEMALE,TEST,Name3872,100,3872
2016,FEMALE,TEST,Name3873,100,3873
2016,FEMALE,TEST,Name3874,100,3874
2016,FEMALE,TEST,Name3875,100,3875
2016,FEMALE,TEST,Name3876,100,3876
2016,FEMALE,TEST,Name3877,100,3877
2016,FEMALE,TEST,Name3878,100,3878
2016,FEMALE,TEST,Name3879,100,3879
2016,FEMALE,TEST,Name3880,100,3880
2016,FEMALE,TEST,Name3881,100,3881
2016,FEMALE,TEST,Name3882,100,3882
2016,FEMALE,TEST,Name3883,100,3883
2016,FEMALE,TEST,Name3884,100,3884
2016,FEMALE,TEST,Name3885,100,3885
2016,FEMALE,TEST,Name3886,100,3886
2016,FEMALE,TEST,Name3887,100,3887
2016,FEMALE,TEST,Name3888,100,3888
2016,FEMALE,TEST,Name3889,100,3889
2016,FEMALE,TEST,Name3890,100,3890
2016,FEMALE,TEST,Name3891,100,3891
2016,FEMALE,TEST,Name3892,100,3892
2016,FEMALE,TEST,Name3893,100,3893
2016,FEMALE,TEST,Name3894,100,3894
2016,FEMALE,TEST,Name3895,100,3895
2016,FEMALE,TEST,Name3896,100,3896
2016,FEMALE,TEST,Name3897,100,3897
2016,FEMALE,TEST,Name3898,100,3898
2016,FEMALE,TEST,Name3899,100,3899
2016,FEMALE,TEST,Name3900,100,3900
2016,FEMALE,TEST,Name3901,100,3901
2016,FEMALE,TEST,Name3902,100,3902
2016,FEMALE,TEST,Name3903,100,3903
2016,FEMALE,TEST,Name3904,100,3904
2016,FEMALE,TEST,Name3905,100,3905
2016,FEMALE,TEST,Name3906,100,3906
2016,FEMALE,TEST,Name3907,100,3907
2016,FEMALE,TEST,Name3908,100,3908
2016,FEMALE,TEST,Name3909,100,3909
2016,FEMALE,TEST,Name3910,100,3910
2016,FEMALE,TEST,Name3911,100,3911
2016,FEMALE,TEST,Name3912,100,3912
2016,FEMALE,TEST,Name3913,100,3913
2016,FEMALE,TEST,Name3914,100,3914
2016,FEMALE,TEST,Name3915,100,3915
2016,FEMALE,TEST,Name3916,100,3916
2016,FEMALE,TEST,Name3917,100,3917
2016,FEMALE,TEST,Name3918,100,3918
2016,FEMALE,TEST,Name3919,100,3919
2016,FEMALE,TEST,Name3920,100,3920
2016,FEMALE,TEST,Name3921,100,3921
2016,FEMALE,TEST,Name3922,100,3922
2016,FEMALE,TEST,Name3923,100,3923
2016,FEMALE,TEST,Name3924,100,3924
2016,FEMALE,TEST,Name3925,100,3925
2016,FEMALE,TEST,Name3926,100,3926
2016,FEMALE,TEST,Name3927,100,3927
2016,FEMALE,TEST,Name3928,100,3928
2016,FEMALE,TEST,Name3929,100,3929
2016,FEMALE,TEST,Name3930,100,3930
2016,FEMALE,TEST,Name3931,100,3931
2016,FEMALE,TEST,Name3932,100,3932
2016,FEMALE,TEST,Name3933,100,3933
2016,FEMALE,TEST,Name3934,100,3934
2016,FEMALE,TEST,Name3935,100,3935
2016,FEMALE,TEST,Name3936,100,3936
2016,FEMALE,TEST,Name3937,100,3937
2016,FEMALE,TEST,Name3938,100,3938
2016,FEMALE,TEST,Name3939,100,3939
2016,FEMALE,TEST,Name3940,100,3940
2016,FEMALE,TEST,Name3941,100,3941
2016,FEMALE,TEST,Name3942,100,3942
2016,FEMALE,TEST,Name3943,100,3943
2016,FEMALE,TEST,Name3944,100,3944
2016,FEMALE,TEST,Name3945,100,3945
2016,FEMALE,TEST,Name3946,100,3946
2016,FEMALE,TEST,Name3947,100,3947
2016,FEMALE,TEST,Name3948,100,3948
2016,FEMALE,TEST,Name3949,100,3949
2016,FEMALE,TEST,Name3950,100,3950
2016,FEMALE,TEST,Name3951,100,3951
2016,FEMALE,TEST,Name3952,100,3952
2016,FEMALE,TEST,Name3953,100,3953
2016,FEMALE,TEST,Name3954,100,3954
2016,FEMALE,TEST,Name3955,100,3955
2016,FEMALE,TEST,Name3956,100,3956
2016,FEMALE,TEST,Name3957,100,3957
2016,FEMALE,TEST,Name3958,100,3958
2016,FEMALE,TEST,Name3959,100,3959
2016,FEMALE,TEST,Name3960,100,3960
2016,FEMALE,TEST,Name3961,100,3961
2016,FEMALE,TEST,Name3962,100,3962
2016,FEMALE,TEST,Name3963,100,3963
2016,FEMALE,TEST,Name3964,100,3964
2016,FEMALE,TEST,Name3965,100,3965
2016,FEMALE,TEST,Name3966,100,3966
2016,FEMALE,TEST,Name3967,100,3967
2016,FEMALE,TEST,Name3968,100,3968
2016,FEMALE,TEST,Name3969,100,3969
2016,FEMALE,TEST,Name3970,100,3970
2016,FEMALE,TEST,Name3971,100,3971
2016,FEMALE,TEST,Name3972,100,3972
2016,FEMALE,TEST,Name3973,100,3973
2016,FEMALE,TEST,Name3974,100,3974
2016,FEMALE,TEST,Name3975,100,3975
2016,FEMALE,TEST,Name3976,100,3976
2016,FEMALE,TEST,Name3977,100,3977
2016,FEMALE,TEST,Name3978,100,3978
2016,FEMALE,TEST,Name3979,100,3979
2016,FEMALE,TEST,Name3980,100,3980
2016,FEMALE,TEST,Name3981,100,3981
2016,FEMALE,TEST,Name3982,100,3982
2016,FEMALE,TEST,Name3983,100,3983
2016,FEMALE,TEST,Name3984,100,3984
2016,FEMALE,TEST,Name3985,100,3985
2016,FEMALE,TEST,Name3986,100,3986
2016,FEMALE,TEST,Name3987,100,3987
2016,FEMALE,TEST,Name3988,100,3988
2016,FEMALE,TEST,Name3989,100,3989
2016,FEMALE,TEST,Name3990,100,3990
2016,FEMALE,TEST,Name3991,100,3991
2016,FEMALE,TEST,Name3992,100,3992
2016,FEMALE,TEST,Name3993,100,3993
2016,FEMALE,TEST,Name3994,100,3994
2016,FEMALE,TEST,Name3995,100,3995
2016,FEMALE,TEST,Name3996,100,3996
2016,FEMALE,TEST,Name3997,100,3997
2016,FEMALE,TEST,Name3998,100,3998
2016,FEMALE,TEST,Name3999,100,3999
2016,FEMALE,TEST,Name4000,100,4000
2016,FEMALE,TEST,Name4001,100,4001
2016,FEMALE,TEST,Name4002,100,4002
2016,FEMALE,TEST,Name4003,100,4003
2016,FEMALE,TEST,Name4004,100,4004
2016,FEMALE,TEST,Name4005,100,4005
2016,FEMALE,TEST,Name4006,100,4006
2016,FEMALE,TEST,Name4007,100,4007
2016,FEMALE,TEST,Name4008,100,4008
2016,FEMALE,TEST,Name4009,100,4009
2016,FEMALE,TEST,Name4010,100,4010
2016,FEMALE,TEST,Name4011,100,4011
2016,FEMALE,TEST,Name4012,100,4012
2016,FEMALE,TEST,Name4013,100,4013
2016,FEMALE,TEST,Name4014,100,4014
2016,FEMALE,TEST,Name4015,100,4015
2016,FEMALE,TEST,Name4016,100,4016
2016,FEMALE,TEST,Name4017,100,4017
2016,FEMALE,TEST,Name4018,100,4018
2016,FEMALE,TEST,Name4019,100,4019
2016,FEMALE,TEST,Name4020,100,4020
2016,FEMALE,TEST,Name4021,100,4021
2016,FEMALE,TEST,Name4022,100,4022
2016,FEMALE,TEST,Name4023,100,4023
2016,FEMALE,TEST,Name4024,100,4024
2016,FEMALE,TEST,Name4025,100,4025
2016,FEMALE,TEST,Name4026,100,4026
2016,FEMALE,TEST,Name4027,100,4027
2016,FEMALE,TEST,Name4028,100,4028
2016,FEMALE,TEST,Name4029,100,4029
2016,FEMALE,TEST,Name4030,100,4030
2016,FEMALE,TEST,Name4031,100,4031
2016,FEMALE,TEST,Name4032,100,4032
2016,FEMALE,TEST,Name4033,100,4033
2016,FEMALE,TEST,Name4034,100,4034
2016,FEMALE,TEST,Name4035,100,4035
2016,FEMALE,TEST,Name4036,100,4036
2016,FEMALE,TEST,Name4037,100,4037
2016,FEMALE,TEST,Name4038,100,4038
2016,FEMALE,TEST,Name4039,100,4039
2016,FEMALE,TEST,Name4040,100,4040
2016,FEMALE,TEST,Name4041,100,4041
2016,FEMALE,TEST,Name4042,100,4042
2016,FEMALE,TEST,Name4043,100,4043
2016,FEMALE,TEST,Name4044,100,4044
2016,FEMALE,TEST,Name4045,100,4045
2016,FEMALE,TEST,Name4046,100,4046
2016,FEMALE,TEST,Name4047,100,4047
2016,FEMALE,TEST,Name4048,100,4048
2016,FEMALE,TEST,Name4049,100,4049
2016,FEMALE,TEST,Name4050,100,4050
2016,FEMALE,TEST,Name4051,100,4051
2016,FEMALE,TEST,Name4052,100,4052
2016,FEMALE,TEST,Name4053,100,4053
2016,FEMALE,TEST,Name4054,100,4054
2016,FEMALE,TEST,Name4055,100,4055
2016,FEMALE,TEST,Name4056,100,4056
2016,FEMALE,TEST,Name4057,100,4057
2016,FEMALE,TEST,Name4058,100,4058
2016,FEMALE,TEST,Name4059,100,4059
2016,FEMALE,TEST,Name4060,100,4060
2016,FEMALE,TEST,Name4061,100,4061
2016,FEMALE,TEST,Name4062,100,4062
2016,FEMALE,TEST,Name4063,100,4063
2016,FEMALE,TEST,Name4064,100,4064
2016,FEMALE,TEST,Name4065,100,4065
2016,FEMALE,TEST,Name4066,100,4066
2016,FEMALE,TEST,Name4067,100,4067
2016,FEMALE,TEST,Name4068,100,4068
2016,FEMALE,TEST,Name4069,100,4069
2016,FEMALE,TEST,Name4070,100,4070
2016,FEMALE,TEST,Name4071,100,4071
2016,FEMALE,TEST,Name4072,100,4072
2016,FEMALE,TEST,Name4073,100,4073
2016,FEMALE,TEST,Name4074,100,4074
2016,FEMALE,TEST,Name4075,100,4075
2016,FEMALE,TEST,Name4076,100,4076
2016,FEMALE,TEST,Name4077,100,4077
2016,FEMALE,TEST,Name4078,100,4078
2016,FEMALE,TEST,Name4079,100,4079
2016,FEMALE,TEST,Name4080,100,4080
2016,FEMALE,TEST,Name4081,100,4081
2016,FEMALE,TEST,Name4082,100,4082
2016,FEMALE,TEST,Name4083,100,4083
2016,FEMALE,TEST,Name4084,100,4084
2016,FEMALE,TEST,Name4085,100,4085
2016,FEMALE,TEST,Name4086,100,4086
2016,FEMALE,TEST,Name4087,100,4087
2016,FEMALE,TEST,Name4088,100,4088
2016,FEMALE,TEST,Name4089,100,4089
2016,FEMALE,TEST,Name4090,100,4090
2016,FEMALE,TEST,Name4091,100,4091
2016,FEMALE,TEST,Name4092,100,4092
2016,FEMALE,TEST,Name4093,100,4093
2016,FEMALE,TEST,Name4094,100,4094
2016,FEMALE,TEST,Name4095,100,4095
2016,FEMALE,TEST,Name4096,100,4096
2016,FEMALE,TEST,Name4097,100,4097
2016,FEMALE,TEST,Name4098,100,4098
2016,FEMALE,TEST,Name4099,100,4099
2016,FEMALE,TEST,Name4100,100,4100
2016,FEMALE,TEST,Name4101,100,4101
2016,FEMALE,TEST,Name4102,100,4102
2016,FEMALE,TEST,Name4103,100,4103
2016,FEMALE,TEST,Name4104,100,4104
2016,FEMALE,TEST,Name4105,100,4105
2016,FEMALE,TEST,Name4106,100,4106
2016,FEMALE,TEST,Name4107,100,4107
2016,FEMALE,TEST,Name4108,100,4108
2016,FEMALE,TEST,Name4109,100,4109
2016,FEMALE,TEST,Name4110,100,4110
2016,FEMALE,TEST,Name4111,100,4111
2016,FEMALE,TEST,Name4112,100,4112
2016,FEMALE,TEST,Name4113,100,4113
2016,FEMALE,TEST,Name4114,100,4114
2016,FEMALE,TEST,Name4115,100,4115
2016,FEMALE,TEST,Name4116,100,4116
2016,FEMALE,TEST,Name4117,100,4117
2016,FEMALE,TEST,Name4118,100,4118
2016,FEMALE,TEST,Name4119,100,4119
2016,FEMALE,TEST,Name4120,100,4120
2016,FEMALE,TEST,Name4121,100,4121
2016,FEMALE,TEST,Name4122,100,4122
2016,FEMALE,TEST,Name4123,100,4123
2016,FEMALE,TEST,Name4124,100,4124
2016,FEMALE,TEST,Name4125,100,4125
2016,FEMALE,TEST,Name4126,100,4126
2016,FEMALE,TEST,Name4127,100,4127
2016,FEMALE,TEST,Name4128,100,4128
2016,FEMALE,TEST,Name4129,100,4129
2016,FEMALE,TEST,Name4130,100,4130
2016,FEMALE,TEST,Name4131,100,4131
2016,FEMALE,TEST,Name4132,100,4132
2016,FEMALE,TEST,Name4133,100,4133
2016,FEMALE,TEST,Name4134,100,4134
2016,FEMALE,TEST,Name4135,100,4135
2016,FEMALE,TEST,Name4136,100,4136
2016,FEMALE,TEST,Name4137,100,4137
2016,FEMALE,TEST,Name4138,100,4138
2016,FEMALE,TEST,Name4139,100,4139
2016,FEMALE,TEST,Name4140,100,4140
2016,FEMALE,TEST,Name4141,100,4141
2016,FEMALE,TEST,Name4142,100,4142
2016,FEMALE,TEST,Name4143,100,4143
2016,FEMALE,TEST,Name4144,100,4144
2016,FEMALE,TEST,Name4145,100,4145
2016,FEMALE,TEST,Name4146,100,4146
2016,FEMALE,TEST,Name4147,100,4147
2016,FEMALE,TEST,Name4148,100,4148
2016,FEMALE,TEST,Name4149,100,4149
2016,FEMALE,TEST,Name4150,100,4150
2016,FEMALE,TEST,Name4151,100,4151
2016,FEMALE,TEST,Name4152,100,4152
2016,FEMALE,TEST,Name4153,100,4153
2016,FEMALE,TEST,Name4154,100,4154
2016,FEMALE,TEST,Name4155,100,4155
2016,FEMALE,TEST,Name4156,100,4156
2016,FEMALE,TEST,Name4157,100,4157
2016,FEMALE,TEST,Name4158,100,4158
2016,FEMALE,TEST,Name4159,100,4159
2016,FEMALE,TEST,Name4160,100,4160
2016,FEMALE,TEST,Name4161,100,4161
2016,FEMALE,TEST,Name4162,100,4162
2016,FEMALE,TEST,Name4163,100,4163
2016,FEMALE,TEST,Name4164,100,4164
2016,FEMALE,TEST,Name4165,100,4165
2016,FEMALE,TEST,Name4166,100,4166
2016,FEMALE,TEST,Name4167,100,4167
2016,FEMALE,TEST,Name4168,100,4168
2016,FEMALE,TEST,Name4169,100,4169
2016,FEMALE,TEST,Name4170,100,4170
2016,FEMALE,TEST,Name4171,100,4171
2016,FEMALE,TEST,Name4172,100,4172
2016,FEMALE,TEST,Name4173,100,4173
2016,FEMALE,TEST,Name4174,100,4174
2016,FEMALE,TEST,Name4175,100,4175
2016,FEMALE,TEST,Name4176,100,4176
2016,FEMALE,TEST,Name4177,100,4177
2016,FEMALE,TEST,Name4178,100,4178
2016,FEMALE,TEST,Name4179,100,4179
2016,FEMALE,TEST,Name4180,100,4180
2016,FEMALE,TEST,Name4181,100,4181
2016,FEMALE,TEST,Name4182,100,4182
2016,FEMALE,TEST,Name4183,100,4183
2016,FEMALE,TEST,Name4184,100,4184
2016,FEMALE,TEST,Name4185,100,4185
2016,FEMALE,TEST,Name4186,100,4186
2016,FEMALE,TEST,Name4187,100,4187
2016,FEMALE,TEST,Name4188,100,4188
2016,FEMALE,TEST,Name4189,100,4189
2016,FEMALE,TEST,Name4190,100,4190
2016,FEMALE,TEST,Name4191,100,4191
2016,FEMALE,TEST,Name4192,100,4192
2016,FEMALE,TEST,Name4193,100,4193
2016,FEMALE,TEST,Name4194,100,4194
2016,FEMALE,TEST,Name4195,100,4195
2016,FEMALE,TEST,Name4196,100,4196
2016,FEMALE,TEST,Name4197,100,4197
2016,FEMALE,TEST,Name4198,100,4198
2016,FEMALE,TEST,Name4199,100,4199
2016,FEMALE,TEST,Name4200,100,4200
2016,FEMALE,TEST,Name4201,100,4201
2016,FEMALE,TEST,Name4202,100,4202
2016,FEMALE,TEST,Name4203,100,4203
2016,FEMALE,TEST,Name4204,100,4204
2016,FEMALE,TEST,Name4205,100,4205
2016,FEMALE,TEST,Name4206,100,4206
2016,FEMALE,TEST,Name4207,100,4207
2016,FEMALE,TEST,Name4208,100,4208
2016,FEMALE,TEST,Name4209,100,4209
2016,FEMALE,TEST,Name4210,100,4210
2016,FEMALE,TEST,Name4211,100,4211
2016,FEMALE,TEST,Name4212,100,4212
2016,FEMALE,TEST,Name4213,100,4213
2016,FEMALE,TEST,Name4214,100,4214
2016,FEMALE,TEST,Name4215,100,4215
2016,FEMALE,TEST,Name4216,100,4216
2016,FEMALE,TEST,Name4217,100,4217
2016,FEMALE,TEST,Name4218,100,4218
2016,FEMALE,TEST,Name4219,100,4219
2016,FEMALE,TEST,Name4220,100,4220
2016,FEMALE,TEST,Name4221,100,4221
2016,FEMALE,TEST,Name4222,100,4222
2016,FEMALE,TEST,Name4223,100,4223
2016,FEMALE,TEST,Name4224,100,4224
2016,FEMALE,TEST,Name4225,100,4225
2016,FEMALE,TEST,Name4226,100,4226
2016,FEMALE,TEST,Name4227,100,4227
2016,FEMALE,TEST,Name4228,100,4228
2016,FEMALE,TEST,Name4229,100,4229
2016,FEMALE,TEST,Name4230,100,4230
2016,FEMALE,TEST,Name4231,100,4231
2016,FEMALE,TEST,Name4232,100,4232
2016,FEMALE,TEST,Name4233,100,4233
2016,FEMALE,TEST,Name4234,100,4234
2016,FEMALE,TEST,Name4235,100,4235
2016,FEMALE,TEST,Name4236,100,4236
2016,FEMALE,TEST,Name4237,100,4237
2016,FEMALE,TEST,Name4238,100,4238
2016,FEMALE,TEST,Name4239,100,4239
2016,FEMALE,TEST,Name4240,100,4240
2016,FEMALE,TEST,Name4241,100,4241
2016,FEMALE,TEST,Name4242,100,4242
2016,FEMALE,TEST,Name4243,100,4243
2016,FEMALE,TEST,Name4244,100,4244
2016,FEMALE,TEST,Name4245,100,4245
2016,FEMALE,TEST,Name4246,100,4246
2016,FEMALE,TEST,Name4247,100,4247
2016,FEMALE,TEST,Name4248,100,4248
2016,FEMALE,TEST,Name4249,100,4249
2016,FEMALE,TEST,Name4250,100,4250
2016,FEMALE,TEST,Name4251,100,4251
2016,FEMALE,TEST,Name4252,100,4252
2016,FEMALE,TEST,Name4253,100,4253
2016,FEMALE,TEST,Name4254,100,4254
2016,FEMALE,TEST,Name4255,100,4255
2016,FEMALE,TEST,Name4256,100,4256
2016,FEMALE,TEST,Name4257,100,4257
2016,FEMALE,TEST,Name4258,100,4258
2016,FEMALE,TEST,Name4259,100,4259
2016,FEMALE,TEST,Name4260,100,4260
2016,FEMALE,TEST,Name4261,100,4261
2016,FEMALE,TEST,Name4262,100,4262
2016,FEMALE,TEST,Name4263,100,4263
2016,FEMALE,TEST,Name4264,100,4264
2016,FEMALE,TEST,Name4265,100,4265
2016,FEMALE,TEST,Name4266,100,4266
2016,FEMALE,TEST,Name4267,100,4267
2016,FEMALE,TEST,Name4268,100,4268
2016,FEMALE,TEST,Name4269,100,4269
2016,FEMALE,TEST,Name4270,100,4270
2016,FEMALE,TEST,Name4271,100,4271
2016,FEMALE,TEST,Name4272,100,4272
2016,FEMALE,TEST,Name4273,100,4273
2016,FEMALE,TEST,Name4274,100,4274
2016,FEMALE,TEST,Name4275,100,4275
2016,FEMALE,TEST,Name4276,100,4276
2016,FEMALE,TEST,Name4277,100,4277
2016,FEMALE,TEST,Name4278,100,4278
2016,FEMALE,TEST,Name4279,100,4279
2016,FEMALE,TEST,Name4280,100,4280
2016,FEMALE,TEST,Name4281,100,4281
2016,FEMALE,TEST,Name4282,100,4282
2016,FEMALE,TEST,Name4283,100,4283
2016,FEMALE,TEST,Name4284,100,4284
2016,FEMALE,TEST,Name4285,100,4285
2016,FEMALE,TEST,Name4286,100,4286
2016,FEMALE,TEST,Name4287,100,4287
2016,FEMALE,TEST,Name4288,100,4288
2016,FEMALE,TEST,Name4289,100,4289
2016,FEMALE,TEST,Name4290,100,4290
2016,FEMALE,TEST,Name4291,100,4291
2016,FEMALE,TEST,Name4292,100,4292
2016,FEMALE,TEST,Name4293,100,4293
2016,FEMALE,TEST,Name4294,100,4294
2016,FEMALE,TEST,Name4295,100,4295
2016,FEMALE,TEST,Name4296,100,4296
2016,FEMALE,TEST,Name4297,100,4297
2016,FEMALE,TEST,Name4298,100,4298
2016,FEMALE,TEST,Name4299,100,4299
2016,FEMALE,TEST,Name4300,100,4300
2016,FEMALE,TEST,Name4301,100,4301
2016,FEMALE,TEST,Name4302,100,4302
2016,FEMALE,TEST,Name4303,100,4303
2016,FEMALE,TEST,Name4304,100,4304
2016,FEMALE,TEST,Name4305,100,4305
2016,FEMALE,TEST,Name4306,100,4306
2016,FEMALE,TEST,Name4307,100,4307
2016,FEMALE,TEST,Name4308,100,4308
2016,FEMALE,TEST,Name4309,100,4309
2016,FEMALE,TEST,Name4310,100,4310
2016,FEMALE,TEST,Name4311,100,4311
2016,FEMALE,TEST,Name4312,100,4312
2016,FEMALE,TEST,Name4313,100,4313
2016,FEMALE,TEST,Name4314,100,4314
2016,FEMALE,TEST,Name4315,100,4315
2016,FEMALE,TEST,Name4316,100,4316
2016,FEMALE,TEST,Name4317,100,4317
2016,FEMALE,TEST,Name4318,100,4318
2016,FEMALE,TEST,Name4319,100,4319
2016,FEMALE,TEST,Name4320,100,4320
2016,FEMALE,TEST,Name4321,100,4321
2016,FEMALE,TEST,Name4322,100,4322
2016,FEMALE,TEST,Name4323,100,4323
2016,FEMALE,TEST,Name4324,100,4324
2016,FEMALE,TEST,Name4325,100,4325
2016,FEMALE,TEST,Name4326,100,4326
2016,FEMALE,TEST,Name4327,100,4327
2016,FEMALE,TEST,Name4328,100,4328
2016,FEMALE,TEST,Name4329,100,4329
2016,FEMALE,TEST,Name4330,100,4330
2016,FEMALE,TEST,Name4331,100,4331
2016,FEMALE,TEST,Name4332,100,4332
2016,FEMALE,TEST,Name4333,100,4333
2016,FEMALE,TEST,Name4334,100,4334
2016,FEMALE,TEST,Name4335,100,4335
2016,FEMALE,TEST,Name4336,100,4336
2016,FEMALE,TEST,Name4337,100,4337
2016,FEMALE,TEST,Name4338,100,4338
2016,FEMALE,TEST,Name4339,100,4339
2016,FEMALE,TEST,Name4340,100,4340
2016,FEMALE,TEST,Name4341,100,4341
2016,FEMALE,TEST,Name4342,100,4342
2016,FEMALE,TEST,Name4343,100,4343
2016,FEMALE,TEST,Name4344,100,4344
2016,FEMALE,TEST,Name4345,100,4345
2016,FEMALE,TEST,Name4346,100,4346
2016,FEMALE,TEST,Name4347,100,4347
2016,FEMALE,TEST,Name4348,100,4348
2016,FEMALE,TEST,Name4349,100,4349
2016,FEMALE,TEST,Name4350,100,4350
2016,FEMALE,TEST,Name4351,100,4351
2016,FEMALE,TEST,Name4352,100,4352
2016,FEMALE,TEST,Name4353,100,4353
2016,FEMALE,TEST,Name4354,100,4354
2016,FEMALE,TEST,Name4355,100,4355
2016,FEMALE,TEST,Name4356,100,4356
2016,FEMALE,TEST,Name4357,100,4357
2016,FEMALE,TEST,Name4358,100,4358
2016,FEMALE,TEST,Name4359,100,4359
2016,FEMALE,TEST,Name4360,100,4360
2016,FEMALE,TEST,Name4361,100,4361
2016,FEMALE,TEST,Name4362,100,4362
2016,FEMALE,TEST,Name4363,100,4363
2016,FEMALE,TEST,Name4364,100,4364
2016,FEMALE,TEST,Name4365,100,4365
2016,FEMALE,TEST,Name4366,100,4366
2016,FEMALE,TEST,Name4367,100,4367
2016,FEMALE,TEST,Name4368,100,4368
2016,FEMALE,TEST,Name4369,100,4369
2016,FEMALE,TEST,Name4370,100,4370
2016,FEMALE,TEST,Name4371,100,4371
2016,FEMALE,TEST,Name4372,100,4372
2016,FEMALE,TEST,Name4373,100,4373
2016,FEMALE,TEST,Name4374,100,4374
2016,FEMALE,TEST,Name4375,100,4375
2016,FEMALE,TEST,Name4376,100,4376
2016,FEMALE,TEST,Name4377,100,4377
2016,FEMALE,TEST,Name4378,100,4378
2016,FEMALE,TEST,Name4379,100,4379
2016,FEMALE,TEST,Name4380,100,4380
2016,FEMALE,TEST,Name4381,100,4381
2016,FEMALE,TEST,Name4382,100,4382
2016,FEMALE,TEST,Name4383,100,4383
2016,FEMALE,TEST,Name4384,100,4384
2016,FEMALE,TEST,Name4385,100,4385
2016,FEMALE,TEST,Name4386,100,4386
2016,FEMALE,TEST,Name4387,100,4387
2016,FEMALE,TEST,Name4388,100,4388
2016,FEMALE,TEST,Name4389,100,4389
2016,FEMALE,TEST,Name4390,100,4390
2016,FEMALE,TEST,Name4391,100,4391
2016,FEMALE,TEST,Name4392,100,4392
2016,FEMALE,TEST,Name4393,100,4393
2016,FEMALE,TEST,Name4394,100,4394
2016,FEMALE,TEST,Name4395,100,4395
2016,FEMALE,TEST,Name4396,100,4396
2016,FEMALE,TEST,Name4397,100,4397
2016,FEMALE,TEST,Name4398,100,4398
2016,FEMALE,TEST,Name4399,100,4399
2016,FEMALE,TEST,Name4400,100,4400
2016,FEMALE,TEST,Name4401,100,4401
2016,FEMALE,TEST,Name4402,100,4402
2016,FEMALE,TEST,Name4403,100,4403
2016,FEMALE,TEST,Name4404,100,4404
2016,FEMALE,TEST,Name4405,100,4405
2016,FEMALE,TEST,Name4406,100,4406
2016,FEMALE,TEST,Name4407,100,4407
2016,FEMALE,TEST,Name4408,100,4408
2016,FEMALE,TEST,Name4409,100,4409
2016,FEMALE,TEST,Name4410,100,4410
2016,FEMALE,TEST,Name4411,100,4411
2016,FEMALE,TEST,Name4412,100,4412
2016,FEMALE,TEST,Name4413,100,4413
2016,FEMALE,TEST,Name4414,100,4414
2016,FEMALE,TEST,Name4415,100,4415
2016,FEMALE,TEST,Name4416,100,4416
2016,FEMALE,TEST,Name4417,100,4417
2016,FEMALE,TEST,Name4418,100,4418
2016,FEMALE,TEST,Name4419,100,4419
2016,FEMALE,TEST,Name4420,100,4420
2016,FEMALE,TEST,Name4421,100,4421
2016,FEMALE,TEST,Name4422,100,4422
2016,FEMALE,TEST,Name4423,100,4423
2016,FEMALE,TEST,Name4424,100,4424
2016,FEMALE,TEST,Name4425,100,4425
2016,FEMALE,TEST,Name4426,100,4426
2016,FEMALE,TEST,Name4427,100,4427
2016,FEMALE,TEST,Name4428,100,4428
2016,FEMALE,TEST,Name4429,100,4429
2016,FEMALE,TEST,Name4430,100,4430
2016,FEMALE,TEST,Name4431,100,4431
2016,FEMALE,TEST,Name4432,100,4432
2016,FEMALE,TEST,Name4433,100,4433
2016,FEMALE,TEST,Name4434,100,4434
2016,FEMALE,TEST,Name4435,100,4435
2016,FEMALE,TEST,Name4436,100,4436
2016,FEMALE,TEST,Name4437,100,4437
2016,FEMALE,TEST,Name4438,100,4438
2016,FEMALE,TEST,Name4439,100,4439
2016,FEMALE,TEST,Name4440,100,4440
2016,FEMALE,TEST,Name4441,100,4441
2016,FEMALE,TEST,Name4442,100,4442
2016,FEMALE,TEST,Name4443,100,4443
2016,FEMALE,TEST,Name4444,100,4444
2016,FEMALE,TEST,Name4445,100,4445
2016,FEMALE,TEST,Name4446,100,4446
2016,FEMALE,TEST,Name4447,100,4447
2016,FEMALE,TEST,Name4448,100,4448
2016,FEMALE,TEST,Name4449,100,4449
2016,FEMALE,TEST,Name4450,100,4450
2016,FEMALE,TEST,Name4451,100,4451
2016,FEMALE,TEST,Name4452,100,4452
2016,FEMALE,TEST,Name4453,100,4453
2016,FEMALE,TEST,Name4454,100,4454
2016,FEMALE,TEST,Name4455,100,4455
2016,FEMALE,TEST,Name4456,100,4456
2016,FEMALE,TEST,Name4457,100,4457
2016,FEMALE,TEST,Name4458,100,4458
2016,FEMALE,TEST,Name4459,100,4459
2016,FEMALE,TEST,Name4460,100,4460
2016,FEMALE,TEST,Name4461,100,4461
2016,FEMALE,TEST,Name4462,100,4462
2016,FEMALE,TEST,Name4463,100,4463
2016,FEMALE,TEST,Name4464,100,4464
2016,FEMALE,TEST,Name4465,100,4465
2016,FEMALE,TEST,Name4466,100,4466
2016,FEMALE,TEST,Name4467,100,4467
2016,FEMALE,TEST,Name4468,100,4468
2016,FEMALE,TEST,Name4469,100,4469
2016,FEMALE,TEST,Name4470,100,4470
2016,FEMALE,TEST,Name4471,100,4471
2016,FEMALE,TEST,Name4472,100,4472
2016,FEMALE,TEST,Name4473,100,4473
2016,FEMALE,TEST,Name4474,100,4474
2016,FEMALE,TEST,Name4475,100,4475
2016,FEMALE,TEST,Name4476,100,4476
2016,FEMALE,TEST,Name4477,100,4477
2016,FEMALE,TEST,Name4478,100,4478
2016,FEMALE,TEST,Name4479,100,4479
2016,FEMALE,TEST,Name4480,100,4480
2016,FEMALE,TEST,Name4481,100,4481
2016,FEMALE,TEST,Name4482,100,4482
2016,FEMALE,TEST,Name4483,100,4483
2016,FEMALE,TEST,Name4484,100,4484
2016,FEMALE,TEST,Name4485,100,4485
2016,FEMALE,TEST,Name4486,100,4486
2016,FEMALE,TEST,Name4487,100,4487
2016,FEMALE,TEST,Name4488,100,4488
2016,FEMALE,TEST,Name4489,100,4489
2016,FEMALE,TEST,Name4490,100,4490
2016,FEMALE,TEST,Name4491,100,4491
2016,FEMALE,TEST,Name4492,100,4492
2016,FEMALE,TEST,Name4493,100,4493
2016,FEMALE,TEST,Name4494,100,4494
2016,FEMALE,TEST,Name4495,100,4495
2016,FEMALE,TEST,Name4496,100,4496
2016,FEMALE,TEST,Name4497,100,4497
2016,FEMALE,TEST,Name4498,100,4498
2016,FEMALE,TEST,Name4499,100,4499
2016,FEMALE,TEST,Name4500,100,4500
2016,FEMALE,TEST,Name4501,100,4501
2016,FEMALE,TEST,Name4502,100,4502
2016,FEMALE,TEST,Name4503,100,4503
2016,FEMALE,TEST,Name4504,100,4504
2016,FEMALE,TEST,Name4505,100,4505
2016,FEMALE,TEST,Name4506,100,4506
2016,FEMALE,TEST,Name4507,100,4507
2016,FEMALE,TEST,Name4508,100,4508
2016,FEMALE,TEST,Name4509,100,4509
2016,FEMALE,TEST,Name4510,100,4510
2016,FEMALE,TEST,Name4511,100,4511
2016,FEMALE,TEST,Name4512,100,4512
2016,FEMALE,TEST,Name4513,100,4513
2016,FEMALE,TEST,Name4514,100,4514
2016,FEMALE,TEST,Name4515,100,4515
2016,FEMALE,TEST,Name4516,100,4516
2016,FEMALE,TEST,Name4517,100,4517
2016,FEMALE,TEST,Name4518,100,4518
2016,FEMALE,TEST,Name4519,100,4519
2016,FEMALE,TEST,Name4520,100,4520
2016,FEMALE,TEST,Name4521,100,4521
2016,FEMALE,TEST,Name4522,100,4522
2016,FEMALE,TEST,Name4523,100,4523
2016,FEMALE,TEST,Name4524,100,4524
2016,FEMALE,TEST,Name4525,100,4525
2016,FEMALE,TEST,Name4526,100,4526
2016,FEMALE,TEST,Name4527,100,4527
2016,FEMALE,TEST,Name4528,100,4528
2016,FEMALE,TEST,Name4529,100,4529
2016,FEMALE,TEST,Name4530,100,4530
2016,FEMALE,TEST,Name4531,100,4531
2016,FEMALE,TEST,Name4532,100,4532
2016,FEMALE,TEST,Name4533,100,4533
2016,FEMALE,TEST,Name4534,100,4534
2016,FEMALE,TEST,Name4535,100,4535
2016,FEMALE,TEST,Name4536,100,4536
2016,FEMALE,TEST,Name4537,100,4537
2016,FEMALE,TEST,Name4538,100,4538
2016,FEMALE,TEST,Name4539,100,4539
2016,FEMALE,TEST,Name4540,100,4540
2016,FEMALE,TEST,Name4541,100,4541
2016,FEMALE,TEST,Name4542,100,4542
2016,FEMALE,TEST,Name4543,100,4543
2016,FEMALE,TEST,Name4544,100,4544
2016,FEMALE,TEST,Name4545,100,4545
2016,FEMALE,TEST,Name4546,100,4546
2016,FEMALE,TEST,Name4547,100,4547
2016,FEMALE,TEST,Name4548,100,4548
2016,FEMALE,TEST,Name4549,100,4549
2016,FEMALE,TEST,Name4550,100,4550
2016,FEMALE,TEST,Name4551,100,4551
2016,FEMALE,TEST,Name4552,100,4552
2016,FEMALE,TEST,Name4553,100,4553
2016,FEMALE,TEST,Name4554,100,4554
2016,FEMALE,TEST,Name4555,100,4555
2016,FEMALE,TEST,Name4556,100,4556
2016,FEMALE,TEST,Name4557,100,4557
2016,FEMALE,TEST,Name4558,100,4558
2016,FEMALE,TEST,Name4559,100,4559
2016,FEMALE,TEST,Name4560,100,4560
2016,FEMALE,TEST,Name4561,100,4561
2016,FEMALE,TEST,Name4562,100,4562
2016,FEMALE,TEST,Name4563,100,4563
2016,FEMALE,TEST,Name4564,100,4564
2016,FEMALE,TEST,Name4565,100,4565
2016,FEMALE,TEST,Name4566,100,4566
2016,FEMALE,TEST,Name4567,100,4567
2016,FEMALE,TEST,Name4568,100,4568
2016,FEMALE,TEST,Name4569,100,4569
2016,FEMALE,TEST,Name4570,100,4570
2016,FEMALE,TEST,Name4571,100,4571
2016,FEMALE,TEST,Name4572,100,4572
2016,FEMALE,TEST,Name4573,100,4573
2016,FEMALE,TEST,Name4574,100,4574
2016,FEMALE,TEST,Name4575,100,4575
2016,FEMALE,TEST,Name4576,100,4576
2016,FEMALE,TEST,Name4577,100,4577
2016,FEMALE,TEST,Name4578,100,4578
2016,FEMALE,TEST,Name4579,100,4579
2016,FEMALE,TEST,Name4580,100,4580
2016,FEMALE,TEST,Name4581,100,4581
2016,FEMALE,TEST,Name4582,100,4582
2016,FEMALE,TEST,Name4583,100,4583
2016,FEMALE,TEST,Name4584,100,4584
2016,FEMALE,TEST,Name4585,100,4585
2016,FEMALE,TEST,Name4586,100,4586
2016,FEMALE,TEST,Name4587,100,4587
2016,FEMALE,TEST,Name4588,100,4588
2016,FEMALE,TEST,Name4589,100,4589
2016,FEMALE,TEST,Name4590,100,4590
2016,FEMALE,TEST,Name4591,100,4591
2016,FEMALE,TEST,Name4592,100,4592
2016,FEMALE,TEST,Name4593,100,4593
2016,FEMALE,TEST,Name4594,100,4594
2016,FEMALE,TEST,Name4595,100,4595
2016,FEMALE,TEST,Name4596,100,4596
2016,FEMALE,TEST,Name4597,100,4597
2016,FEMALE,TEST,Name4598,100,4598
2016,FEMALE,TEST,Name4599,100,4599
2016,FEMALE,TEST,Name4600,100,4600
2016,FEMALE,TEST,Name4601,100,4601
2016,FEMALE,TEST,Name4602,100,4602
2016,FEMALE,TEST,Name4603,100,4603
2016,FEMALE,TEST,Name4604,100,4604
2016,FEMALE,TEST,Name4605,100,4605
2016,FEMALE,TEST,Name4606,100,4606
2016,FEMALE,TEST,Name4607,100,4607
2016,FEMALE,TEST,Name4608,100,4608
2016,FEMALE,TEST,Name4609,100,4609
2016,FEMALE,TEST,Name4610,100,4610
2016,FEMALE,TEST,Name4611,100,4611
2016,FEMALE,TEST,Name4612,100,4612
2016,FEMALE,TEST,Name4613,100,4613
2016,FEMALE,TEST,Name4614,100,4614
2016,FEMALE,TEST,Name4615,100,4615
2016,FEMALE,TEST,Name4616,100,4616
2016,FEMALE,TEST,Name4617,100,4617
2016,FEMALE,TEST,Name4618,100,4618
2016,FEMALE,TEST,Name4619,100,4619
2016,FEMALE,TEST,Name4620,100,4620
2016,FEMALE,TEST,Name4621,100,4621
2016,FEMALE,TEST,Name4622,100,4622
2016,FEMALE,TEST,Name4623,100,4623
2016,FEMALE,TEST,Name4624,100,4624
2016,FEMALE,TEST,Name4625,100,4625
2016,FEMALE,TEST,Name4626,100,4626
2016,FEMALE,TEST,Name4627,100,4627
2016,FEMALE,TEST,Name4628,100,4628
2016,FEMALE,TEST,Name4629,100,4629
2016,FEMALE,TEST,Name4630,100,4630
2016,FEMALE,TEST,Name4631,100,4631
2016,FEMALE,TEST,Name4632,100,4632
2016,FEMALE,TEST,Name4633,100,4633
2016,FEMALE,TEST,Name4634,100,4634
2016,FEMALE,TEST,Name4635,100,4635
2016,FEMALE,TEST,Name4636,100,4636
2016,FEMALE,TEST,Name4637,100,4637
2016,FEMALE,TEST,Name4638,100,4638
2016,FEMALE,TEST,Name4639,100,4639
2016,FEMALE,TEST,Name4640,100,4640
2016,FEMALE,TEST,Name4641,100,4641
2016,FEMALE,TEST,Name4642,100,4642
2016,FEMALE,TEST,Name4643,100,4643
2016,FEMALE,TEST,Name4644,100,4644
2016,FEMALE,TEST,Name4645,100,4645
2016,FEMALE,TEST,Name4646,100,4646
2016,FEMALE,TEST,Name4647,100,4647
2016,FEMALE,TEST,Name4648,100,4648
2016,FEMALE,TEST,Name4649,100,4649
2016,FEMALE,TEST,Name4650,100,4650
2016,FEMALE,TEST,Name4651,100,4651
2016,FEMALE,TEST,Name4652,100,4652
2016,FEMALE,TEST,Name4653,100,4653
2016,FEMALE,TEST,Name4654,100,4654
2016,FEMALE,TEST,Name4655,100,4655
2016,FEMALE,TEST,Name4656,100,4656
2016,FEMALE,TEST,Name4657,100,4657
2016,FEMALE,TEST,Name4658,100,4658
2016,FEMALE,TEST,Name4659,100,4659
2016,FEMALE,TEST,Name4660,100,4660
2016,FEMALE,TEST,Name4661,100,4661
2016,FEMALE,TEST,Name4662,100,4662
2016,FEMALE,TEST,Name4663,100,4663
2016,FEMALE,TEST,Name4664,100,4664
2016,FEMALE,TEST,Name4665,100,4665
2016,FEMALE,TEST,Name4666,100,4666
2016,FEMALE,TEST,Name4667,100,4667
2016,FEMALE,TEST,Name4668,100,4668
2016,FEMALE,TEST,Name4669,100,4669
2016,FEMALE,TEST,Name4670,100,4670
2016,FEMALE,TEST,Name4671,100,4671
2016,FEMALE,TEST,Name4672,100,4672
2016,FEMALE,TEST,Name4673,100,4673
2016,FEMALE,TEST,Name4674,100,4674
2016,FEMALE,TEST,Name4675,100,4675
2016,FEMALE,TEST,Name4676,100,4676
2016,FEMALE,TEST,Name4677,100,4677
2016,FEMALE,TEST,Name4678,100,4678
2016,FEMALE,TEST,Name4679,100,4679
2016,FEMALE,TEST,Name4680,100,4680
2016,FEMALE,TEST,Name4681,100,4681
2016,FEMALE,TEST,Name4682,100,4682
2016,FEMALE,TEST,Name4683,100,4683
2016,FEMALE,TEST,Name4684,100,4684
2016,FEMALE,TEST,Name4685,100,4685
2016,FEMALE,TEST,Name4686,100,4686
2016,FEMALE,TEST,Name4687,100,4687
2016,FEMALE,TEST,Name4688,100,4688
2016,FEMALE,TEST,Name4689,100,4689
2016,FEMALE,TEST,Name4690,100,4690
2016,FEMALE,TEST,Name4691,100,4691
2016,FEMALE,TEST,Name4692,100,4692
2016,FEMALE,TEST,Name4693,100,4693
2016,FEMALE,TEST,Name4694,100,4694
2016,FEMALE,TEST,Name4695,100,4695
2016,FEMALE,TEST,Name4696,100,4696
2016,FEMALE,TEST,Name4697,100,4697
2016,FEMALE,TEST,Name4698,100,4698
2016,FEMALE,TEST,Name4699,100,4699
2016,FEMALE,TEST,Name4700,100,4700
2016,FEMALE,TEST,Name4701,100,4701
2016,FEMALE,TEST,Name4702,100,4702
2016,FEMALE,TEST,Name4703,100,4703
2016,FEMALE,TEST,Name4704,100,4704
2016,FEMALE,TEST,Name4705,100,4705
2016,FEMALE,TEST,Name4706,100,4706
2016,FEMALE,TEST,Name4707,100,4707
2016,FEMALE,TEST,Name4708,100,4708
2016,FEMALE,TEST,Name4709,100,4709
2016,FEMALE,TEST,Name4710,100,4710
2016,FEMALE,TEST,Name4711,100,4711
2016,FEMALE,TEST,Name4712,100,4712
2016,FEMALE,TEST,Name4713,100,4713
2016,FEMALE,TEST,Name4714,100,4714
2016,FEMALE,TEST,Name4715,100,4715
2016,FEMALE,TEST,Name4716,100,4716
2016,FEMALE,TEST,Name4717,100,4717
2016,FEMALE,TEST,Name4718,100,4718
2016,FEMALE,TEST,Name4719,100,4719
2016,FEMALE,TEST,Name4720,100,4720
2016,FEMALE,TEST,Name4721,100,4721
2016,FEMALE,TEST,Name4722,100,4722
2016,FEMALE,TEST,Name4723,100,4723
2016,FEMALE,TEST,Name4724,100,4724
2016,FEMALE,TEST,Name4725,100,4725
2016,FEMALE,TEST,Name4726,100,4726
2016,FEMALE,TEST,Name4727,100,4727
2016,FEMALE,TEST,Name4728,100,4728
2016,FEMALE,TEST,Name4729,100,4729
2016,FEMALE,TEST,Name4730,100,4730
2016,FEMALE,TEST,Name4731,100,4731
2016,FEMALE,TEST,Name4732,100,4732
2016,FEMALE,TEST,Name4733,100,4733
2016,FEMALE,TEST,Name4734,100,4734
2016,FEMALE,TEST,Name4735,100,4735
2016,FEMALE,TEST,Name4736,100,4736
2016,FEMALE,TEST,Name4737,100,4737
2016,FEMALE,TEST,Name4738,100,4738
2016,FEMALE,TEST,Name4739,100,4739
2016,FEMALE,TEST,Name4740,100,4740
2016,FEMALE,TEST,Name4741,100,4741
2016,FEMALE,TEST,Name4742,100,4742
2016,FEMALE,TEST,Name4743,100,4743
2016,FEMALE,TEST,Name4744,100,4744
2016,FEMALE,TEST,Name4745,100,4745
2016,FEMALE,TEST,Name4746,100,4746
2016,FEMALE,TEST,Name4747,100,4747
2016,FEMALE,TEST,Name4748,100,4748
2016,FEMALE,TEST,Name4749,100,4749
2016,FEMALE,TEST,Name4750,100,4750
2016,FEMALE,TEST,Name4751,100,4751
2016,FEMALE,TEST,Name4752,100,4752
2016,FEMALE,TEST,Name4753,100,4753
2016,FEMALE,TEST,Name4754,100,4754
2016,FEMALE,TEST,Name4755,100,4755
2016,FEMALE,TEST,Name4756,100,4756
2016,FEMALE,TEST,Name4757,100,4757
2016,FEMALE,TEST,Name4758,100,4758
2016,FEMALE,TEST,Name4759,100,4759
2016,FEMALE,TEST,Name4760,100,4760
2016,FEMALE,TEST,Name4761,100,4761
2016,FEMALE,TEST,Name4762,100,4762
2016,FEMALE,TEST,Name4763,100,4763
2016,FEMALE,TEST,Name4764,100,4764
2016,FEMALE,TEST,Name4765,100,4765
2016,FEMALE,TEST,Name4766,100,4766
2016,FEMALE,TEST,Name4767,100,4767
2016,FEMALE,TEST,Name4768,100,4768
2016,FEMALE,TEST,Name4769,100,4769
2016,FEMALE,TEST,Name4770,100,4770
2016,FEMALE,TEST,Name4771,100,4771
2016,FEMALE,TEST,Name4772,100,4772
2016,FEMALE,TEST,Name4773,100,4773
2016,FEMALE,TEST,Name4774,100,4774
2016,FEMALE,TEST,Name4775,100,4775
2016,FEMALE,TEST,Name4776,100,4776
2016,FEMALE,TEST,Name4777,100,4777
2016,FEMALE,TEST,Name4778,100,4778
2016,FEMALE,TEST,Name4779,100,4779
2016,FEMALE,TEST,Name4780,100,4780
2016,FEMALE,TEST,Name4781,100,4781
2016,FEMALE,TEST,Name4782,100,4782
2016,FEMALE,TEST,Name4783,100,4783
2016,FEMALE,TEST,Name4784,100,4784
2016,FEMALE,TEST,Name4785,100,4785
2016,FEMALE,TEST,Name4786,100,4786
2016,FEMALE,TEST,Name4787,100,4787
2016,FEMALE,TEST,Name4788,100,4788
2016,FEMALE,TEST,Name4789,100,4789
2016,FEMALE,TEST,Name4790,100,4790
2016,FEMALE,TEST,Name4791,100,4791
2016,FEMALE,TEST,Name4792,100,4792
2016,FEMALE,TEST,Name4793,100,4793
2016,FEMALE,TEST,Name4794,100,4794
2016,FEMALE,TEST,Name4795,100,4795
2016,FEMALE,TEST,Name4796,100,4796
2016,FEMALE,TEST,Name4797,100,4797
2016,FEMALE,TEST,Name4798,100,4798
2016,FEMALE,TEST,Name4799,100,4799
2016,FEMALE,TEST,Name4800,100,4800
2016,FEMALE,TEST,Name4801,100,4801
2016,FEMALE,TEST,Name4802,100,4802
2016,FEMALE,TEST,Name4803,100,4803
2016,FEMALE,TEST,Name4804,100,4804
2016,FEMALE,TEST,Name4805,100,4805
2016,FEMALE,TEST,Name4806,100,4806
2016,FEMALE,TEST,Name4807,100,4807
2016,FEMALE,TEST,Name4808,100,4808
2016,FEMALE,TEST,Name4809,100,4809
2016,FEMALE,TEST,Name4810,100,4810
2016,FEMALE,TEST,Name4811,100,4811
2016,FEMALE,TEST,Name4812,100,4812
2016,FEMALE,TEST,Name4813,100,4813
2016,FEMALE,TEST,Name4814,100,4814
2016,FEMALE,TEST,Name4815,100,4815
2016,FEMALE,TEST,Name4816,100,4816
2016,FEMALE,TEST,Name4817,100,4817
2016,FEMALE,TEST,Name4818,100,4818
2016,FEMALE,TEST,Name4819,100,4819
2016,FEMALE,TEST,Name4820,100,4820
2016,FEMALE,TEST,Name4821,100,4821
2016,FEMALE,TEST,Name4822,100,4822
2016,FEMALE,TEST,Name4823,100,4823
2016,FEMALE,TEST,Name4824,100,4824
2016,FEMALE,TEST,Name4825,100,4825
2016,FEMALE,TEST,Name4826,100,4826
2016,FEMALE,TEST,Name4827,100,4827
2016,FEMALE,TEST,Name4828,100,4828
2016,FEMALE,TEST,Name4829,100,4829
2016,FEMALE,TEST,Name4830,100,4830
2016,FEMALE,TEST,Name4831,100,4831
2016,FEMALE,TEST,Name4832,100,4832
2016,FEMALE,TEST,Name4833,100,4833
2016,FEMALE,TEST,Name4834,100,4834
2016,FEMALE,TEST,Name4835,100,4835
2016,FEMALE,TEST,Name4836,100,4836
2016,FEMALE,TEST,Name4837,100,4837
2016,FEMALE,TEST,Name4838,100,4838
2016,FEMALE,TEST,Name4839,100,4839
2016,FEMALE,TEST,Name4840,100,4840
2016,FEMALE,TEST,Name4841,100,4841
2016,FEMALE,TEST,Name4842,100,4842
2016,FEMALE,TEST,Name4843,100,4843
2016,FEMALE,TEST,Name4844,100,4844
2016,FEMALE,TEST,Name4845,100,4845
2016,FEMALE,TEST,Name4846,100,4846
2016,FEMALE,TEST,Name4847,100,4847
2016,FEMALE,TEST,Name4848,100,4848
2016,FEMALE,TEST,Name4849,100,4849
2016,FEMALE,TEST,Name4850,100,4850
2016,FEMALE,TEST,Name4851,100,4851
2016,FEMALE,TEST,Name4852,100,4852
2016,FEMALE,TEST,Name4853,100,4853
2016,FEMALE,TEST,Name4854,100,4854
2016,FEMALE,TEST,Name4855,100,4855
2016,FEMALE,TEST,Name4856,100,4856
2016,FEMALE,TEST,Name4857,100,4857
2016,FEMALE,TEST,Name4858,100,4858
2016,FEMALE,TEST,Name4859,100,4859
2016,FEMALE,TEST,Name4860,100,4860
2016,FEMALE,TEST,Name4861,100,4861
2016,FEMALE,TEST,Name4862,100,4862
2016,FEMALE,TEST,Name4863,100,4863
2016,FEMALE,TEST,Name4864,100,4864
2016,FEMALE,TEST,Name4865,100,4865
2016,FEMALE,TEST,Name4866,100,4866
2016,FEMALE,TEST,Name4867,100,4867
2016,FEMALE,TEST,Name4868,100,4868
2016,FEMALE,TEST,Name4869,100,4869
2016,FEMALE,TEST,Name4870,100,4870
2016,FEMALE,TEST,Name4871,100,4871
2016,FEMALE,TEST,Name4872,100,4872
2016,FEMALE,TEST,Name4873,100,4873
2016,FEMALE,TEST,Name4874,100,4874
2016,FEMALE,TEST,Name4875,100,4875
2016,FEMALE,TEST,Name4876,100,4876
2016,FEMALE,TEST,Name4877,100,4877
2016,FEMALE,TEST,Name4878,100,4878
2016,FEMALE,TEST,Name4879,100,4879
2016,FEMALE,TEST,Name4880,100,4880
2016,FEMALE,TEST,Name4881,100,4881
2016,FEMALE,TEST,Name4882,100,4882
2016,FEMALE,TEST,Name4883,100,4883
2016,FEMALE,TEST,Name4884,100,4884
2016,FEMALE,TEST,Name4885,100,4885
2016,FEMALE,TEST,Name4886,100,4886
2016,FEMALE,TEST,Name4887,100,4887
2016,FEMALE,TEST,Name4888,100,4888
2016,FEMALE,TEST,Name4889,100,4889
2016,FEMALE,TEST,Name4890,100,4890
2016,FEMALE,TEST,Name4891,100,4891
2016,FEMALE,TEST,Name4892,100,4892
2016,FEMALE,TEST,Name4893,100,4893
2016,FEMALE,TEST,Name4894,100,4894
2016,FEMALE,TEST,Name4895,100,4895
2016,FEMALE,TEST,Name4896,100,4896
2016,FEMALE,TEST,Name4897,100,4897
2016,FEMALE,TEST,Name4898,100,4898
2016,FEMALE,TEST,Name4899,100,4899
2016,FEMALE,TEST,Name4900,100,4900
2016,FEMALE,TEST,Name4901,100,4901
2016,FEMALE,TEST,Name4902,100,4902
2016,FEMALE,TEST,Name4903,100,4903
2016,FEMALE,TEST,Name4904,100,4904
2016,FEMALE,TEST,Name4905,100,4905
2016,FEMALE,TEST,Name4906,100,4906
2016,FEMALE,TEST,Name4907,100,4907
2016,FEMALE,TEST,Name4908,100,4908
2016,FEMALE,TEST,Name4909,100,4909
2016,FEMALE,TEST,Name4910,100,4910
2016,FEMALE,TEST,Name4911,100,4911
2016,FEMALE,TEST,Name4912,100,4912
2016,FEMALE,TEST,Name4913,100,4913
2016,FEMALE,TEST,Name4914,100,4914
2016,FEMALE,TEST,Name4915,100,4915
2016,FEMALE,TEST,Name4916,100,4916
2016,FEMALE,TEST,Name4917,100,4917
2016,FEMALE,TEST,Name4918,100,4918
2016,FEMALE,TEST,Name4919,100,4919
2016,FEMALE,TEST,Name4920,100,4920
2016,FEMALE,TEST,Name4921,100,4921
2016,FEMALE,TEST,Name4922,100,4922
2016,FEMALE,TEST,Name4923,100,4923
2016,FEMALE,TEST,Name4924,100,4924
2016,FEMALE,TEST,Name4925,100,4925
2016,FEMALE,TEST,Name4926,100,4926
2016,FEMALE,TEST,Name4927,100,4927
2016,FEMALE,TEST,Name4928,100,4928
2016,FEMALE,TEST,Name4929,100,4929
2016,FEMALE,TEST,Name4930,100,4930
2016,FEMALE,TEST,Name4931,100,4931
2016,FEMALE,TEST,Name4932,100,4932
2016,FEMALE,TEST,Name4933,100,4933
2016,FEMALE,TEST,Name4934,100,4934
2016,FEMALE,TEST,Name4935,100,4935
2016,FEMALE,TEST,Name4936,100,4936
2016,FEMALE,TEST,Name4937,100,4937
2016,FEMALE,TEST,Name4938,100,4938
2016,FEMALE,TEST,Name4939,100,4939
2016,FEMALE,TEST,Name4940,100,4940
2016,FEMALE,TEST,Name4941,100,4941
2016,FEMALE,TEST,Name4942,100,4942
2016,FEMALE,TEST,Name4943,100,4943
2016,FEMALE,TEST,Name4944,100,4944
2016,FEMALE,TEST,Name4945,100,4945
2016,FEMALE,TEST,Name4946,100,4946
2016,FEMALE,TEST,Name4947,100,4947
2016,FEMALE,TEST,Name4948,100,4948
2016,FEMALE,TEST,Name4949,100,4949
2016,FEMALE,TEST,Name4950,100,4950
2016,FEMALE,TEST,Name4951,100,4951
2016,FEMALE,TEST,Name4952,100,4952
2016,FEMALE,TEST,Name4953,100,4953
2016,FEMALE,TEST,Name4954,100,4954
2016,FEMALE,TEST,Name4955,100,4955
2016,FEMALE,TEST,Name4956,100,4956
2016,FEMALE,TEST,Name4957,100,4957
2016,FEMALE,TEST,Name4958,100,4958
2016,FEMALE,TEST,Name4959,100,4959
2016,FEMALE,TEST,Name4960,100,4960
2016,FEMALE,TEST,Name4961,100,4961
2016,FEMALE,TEST,Name4962,100,4962
2016,FEMALE,TEST,Name4963,100,4963
2016,FEMALE,TEST,Name4964,100,4964
2016,FEMALE,TEST,Name4965,100,4965
2016,FEMALE,TEST,Name4966,100,4966
2016,FEMALE,TEST,Name4967,100,4967
2016,FEMALE,TEST,Name4968,100,4968
2016,FEMALE,TEST,Name4969,100,4969
2016,FEMALE,TEST,Name4970,100,4970
2016,FEMALE,TEST,Name4971,100,4971
2016,FEMALE,TEST,Name4972,100,4972
2016,FEMALE,TEST,Name4973,100,4973
2016,FEMALE,TEST,Name4974,100,4974
2016,FEMALE,TEST,Name4975,100,4975
2016,FEMALE,TEST,Name4976,100,4976
2016,FEMALE,TEST,Name4977,100,4977
2016,FEMALE,TEST,Name4978,100,4978
2016,FEMALE,TEST,Name4979,100,4979
2016,FEMALE,TEST,Name4980,100,4980
2016,FEMALE,TEST,Name4981,100,4981
2016,FEMALE,TEST,Name4982,100,4982
2016,FEMALE,TEST,Name4983,100,4983
2016,FEMALE,TEST,Name4984,100,4984
2016,FEMALE,TEST,Name4985,100,4985
2016,FEMALE,TEST,Name4986,100,4986
2016,FEMALE,TEST,Name4987,100,4987
2016,FEMALE,TEST,Name4988,100,4988
2016,FEMALE,TEST,Name4989,100,4989
2016,FEMALE,TEST,Name4990,100,4990
2016,FEMALE,TEST,Name4991,100,4991
2016,FEMALE,TEST,Name4992,100,4992
2016,FEMALE,TEST,Name4993,100,4993
2016,FEMALE,TEST,Name4994,100,4994
2016,FEMALE,TEST,Name4995,100,4995
2016,FEMALE,TEST,Name4996,100,4996
2016,FEMALE,TEST,Name4997,100,4997
2016,FEMALE,TEST,Name4998,100,4998
2016,FEMALE,TEST,Name4999,100,4999
2016,FEMALE,TEST,Name5000,100,5000
2016,FEMALE,TEST,Name5001,100,5001
2016,FEMALE,TEST,Name5002,100,5002
2016,FEMALE,TEST,Name5003,100,5003
2016,FEMALE,TEST,Name5004,100,5004
2016,FEMALE,TEST,Name5005,100,5005
2016,FEMALE,TEST,Name5006,100,5006
2016,FEMALE,TEST,Name5007,100,5007
2016,FEMALE,TEST,Name5008,100,5008
2016,FEMALE,TEST,Name5009,100,5009
2016,FEMALE,TEST,Name5010,100,5010
2016,FEMALE,TEST,Name5011,100,5011
2016,FEMALE,TEST,Name5012,100,5012
2016,FEMALE,TEST,Name5013,100,5013
2016,FEMALE,TEST,Name5014,100,5014
2016,FEMALE,TEST,Name5015,100,5015
2016,FEMALE,TEST,Name5016,100,5016
2016,FEMALE,TEST,Name5017,100,5017
2016,FEMALE,TEST,Name5018,100,5018
2016,FEMALE,TEST,Name5019,100,5019
2016,FEMALE,TEST,Name5020,100,5020
2016,FEMALE,TEST,Name5021,100,5021
2016,FEMALE,TEST,Name5022,100,5022
2016,FEMALE,TEST,Name5023,100,5023
2016,FEMALE,TEST,Name5024,100,5024
2016,FEMALE,TEST,Name5025,100,5025
2016,FEMALE,TEST,Name5026,100,5026
2016,FEMALE,TEST,Name5027,100,5027
2016,FEMALE,TEST,Name5028,100,5028
2016,FEMALE,TEST,Name5029,100,5029
2016,FEMALE,TEST,Name5030,100,5030
2016,FEMALE,TEST,Name5031,100,5031
2016,FEMALE,TEST,Name5032,100,5032
2016,FEMALE,TEST,Name5033,100,5033
2016,FEMALE,TEST,Name5034,100,5034
2016,FEMALE,TEST,Name5035,100,5035
2016,FEMALE,TEST,Name5036,100,5036
2016,FEMALE,TEST,Name5037,100,5037
2016,FEMALE,TEST,Name5038,100,5038
2016,FEMALE,TEST,Name5039,100,5039
2016,FEMALE,TEST,Name5040,100,5040
2016,FEMALE,TEST,Name5041,100,5041
2016,FEMALE,TEST,Name5042,100,5042
2016,FEMALE,TEST,Name5043,100,5043
2016,FEMALE,TEST,Name5044,100,5044
2016,FEMALE,TEST,Name5045,100,5045
2016,FEMALE,TEST,Name5046,100,5046
2016,FEMALE,TEST,Name5047,100,5047
2016,FEMALE,TEST,Name5048,100,5048
2016,FEMALE,TEST,Name5049,100,5049
2016,FEMALE,TEST,Name5050,100,5050
2016,FEMALE,TEST,Name5051,100,5051
2016,FEMALE,TEST,Name5052,100,5052
2016,FEMALE,TEST,Name5053,100,5053
2016,FEMALE,TEST,Name5054,100,5054
2016,FEMALE,TEST,Name5055,100,5055
2016,FEMALE,TEST,Name5056,100,5056
2016,FEMALE,TEST,Name5057,100,5057
2016,FEMALE,TEST,Name5058,100,5058
2016,FEMALE,TEST,Name5059,100,5059
2016,FEMALE,TEST,Name5060,100,5060
2016,FEMALE,TEST,Name5061,100,5061
2016,FEMALE,TEST,Name5062,100,5062
2016,FEMALE,TEST,Name5063,100,5063
2016,FEMALE,TEST,Name5064,100,5064
2016,FEMALE,TEST,Name5065,100,5065
2016,FEMALE,TEST,Name5066,100,5066
2016,FEMALE,TEST,Name5067,100,5067
2016,FEMALE,TEST,Name5068,100,5068
2016,FEMALE,TEST,Name5069,100,5069
2016,FEMALE,TEST,Name5070,100,5070
2016,FEMALE,TEST,Name5071,100,5071
2016,FEMALE,TEST,Name5072,100,5072
2016,FEMALE,TEST,Name5073,100,5073
2016,FEMALE,TEST,Name5074,100,5074
2016,FEMALE,TEST,Name5075,100,5075
2016,FEMALE,TEST,Name5076,100,5076
2016,FEMALE,TEST,Name5077,100,5077
2016,FEMALE,TEST,Name5078,100,5078
2016,FEMALE,TEST,Name5079,100,5079
2016,FEMALE,TEST,Name5080,100,5080
2016,FEMALE,TEST,Name5081,100,5081
2016,FEMALE,TEST,Name5082,100,5082
2016,FEMALE,TEST,Name5083,100,5083
2016,FEMALE,TEST,Name5084,100,5084
2016,FEMALE,TEST,Name5085,100,5085
2016,FEMALE,TEST,Name5086,100,5086
2016,FEMALE,TEST,Name5087,100,5087
2016,FEMALE,TEST,Name5088,100,5088
2016,FEMALE,TEST,Name5089,100,5089
2016,FEMALE,TEST,Name5090,100,5090
2016,FEMALE,TEST,Name5091,100,5091
2016,FEMALE,TEST,Name5092,100,5092
2016,FEMALE,TEST,Name5093,100,5093
2016,FEMALE,TEST,Name5094,100,5094
2016,FEMALE,TEST,Name5095,100,5095
2016,FEMALE,TEST,Name5096,100,5096
2016,FEMALE,TEST,Name5097,100,5097
2016,FEMALE,TEST,Name5098,100,5098
2016,FEMALE,TEST,Name5099,100,5099
2016,FEMALE,TEST,Name5100,100,5100
2016,FEMALE,TEST,Name5101,100,5101
2016,FEMALE,TEST,Name5102,100,5102
2016,FEMALE,TEST,Name5103,100,5103
2016,FEMALE,TEST,Name5104,100,5104
2016,FEMALE,TEST,Name5105,100,5105
2016,FEMALE,TEST,Name5106,100,5106
2016,FEMALE,TEST,Name5107,100,5107
2016,FEMALE,TEST,Name5108,100,5108
2016,FEMALE,TEST,Name5109,100,5109
2016,FEMALE,TEST,Name5110,100,5110
2016,FEMALE,TEST,Name5111,100,5111
2016,FEMALE,TEST,Name5112,100,5112
2016,FEMALE,TEST,Name5113,100,5113
2016,FEMALE,TEST,Name5114,100,5114
2016,FEMALE,TEST,Name5115,100,5115
2016,FEMALE,TEST,Name5116,100,5116
2016,FEMALE,TEST,Name5117,100,5117
2016,FEMALE,TEST,Name5118,100,5118
2016,FEMALE,TEST,Name5119,100,5119
2016,FEMALE,TEST,Name5120,100,5120
2016,FEMALE,TEST,Name5121,100,5121
2016,FEMALE,TEST,Name5122,100,5122
2016,FEMALE,TEST,Name5123,100,5123
2016,FEMALE,TEST,Name5124,100,5124
2016,FEMALE,TEST,Name5125,100,5125
2016,FEMALE,TEST,Name5126,100,5126
2016,FEMALE,TEST,Name5127,100,5127
2016,FEMALE,TEST,Name5128,100,5128
2016,FEMALE,TEST,Name5129,100,5129
2016,FEMALE,TEST,Name5130,100,5130
2016,FEMALE,TEST,Name5131,100,5131
2016,FEMALE,TEST,Name5132,100,5132
2016,FEMALE,TEST,Name5133,100,5133
2016,FEMALE,TEST,Name5134,100,5134
2016,FEMALE,TEST,Name5135,100,5135
2016,FEMALE,TEST,Name5136,100,5136
2016,FEMALE,TEST,Name5137,100,5137
2016,FEMALE,TEST,Name5138,100,5138
2016,FEMALE,TEST,Name5139,100,5139
2016,FEMALE,TEST,Name5140,100,5140
2016,FEMALE,TEST,Name5141,100,5141
2016,FEMALE,TEST,Name5142,100,5142
2016,FEMALE,TEST,Name5143,100,5143
2016,FEMALE,TEST,Name5144,100,5144
2016,FEMALE,TEST,Name5145,100,5145
2016,FEMALE,TEST,Name5146,100,5146
2016,FEMALE,TEST,Name5147,100,5147
2016,FEMALE,TEST,Name5148,100,5148
2016,FEMALE,TEST,Name5149,100,5149
2016,FEMALE,TEST,Name5150,100,5150
2016,FEMALE,TEST,Name5151,100,5151
2016,FEMALE,TEST,Name5152,100,5152
2016,FEMALE,TEST,Name5153,100,5153
2016,FEMALE,TEST,Name5154,100,5154
2016,FEMALE,TEST,Name5155,100,5155
2016,FEMALE,TEST,Name5156,100,5156
2016,FEMALE,TEST,Name5157,100,5157
2016,FEMALE,TEST,Name5158,100,5158
2016,FEMALE,TEST,Name5159,100,5159
2016,FEMALE,TEST,Name5160,100,5160
2016,FEMALE,TEST,Name5161,100,5161
2016,FEMALE,TEST,Name5162,100,5162
2016,FEMALE,TEST,Name5163,100,5163
2016,FEMALE,TEST,Name5164,100,5164
2016,FEMALE,TEST,Name5165,100,5165
2016,FEMALE,TEST,Name5166,100,5166
2016,FEMALE,TEST,Name5167,100,5167
2016,FEMALE,TEST,Name5168,100,5168
2016,FEMALE,TEST,Name5169,100,5169
2016,FEMALE,TEST,Name5170,100,5170
2016,FEMALE,TEST,Name5171,100,5171
2016,FEMALE,TEST,Name5172,100,5172
2016,FEMALE,TEST,Name5173,100,5173
2016,FEMALE,TEST,Name5174,100,5174
2016,FEMALE,TEST,Name5175,100,5175
2016,FEMALE,TEST,Name5176,100,5176
2016,FEMALE,TEST,Name5177,100,5177
2016,FEMALE,TEST,Name5178,100,5178
2016,FEMALE,TEST,Name5179,100,5179
2016,FEMALE,TEST,Name5180,100,5180
2016,FEMALE,TEST,Name5181,100,5181
2016,FEMALE,TEST,Name5182,100,5182
2016,FEMALE,TEST,Name5183,100,5183
2016,FEMALE,TEST,Name5184,100,5184
2016,FEMALE,TEST,Name5185,100,5185
2016,FEMALE,TEST,Name5186,100,5186
2016,FEMALE,TEST,Name5187,100,5187
2016,FEMALE,TEST,Name5188,100,5188
2016,FEMALE,TEST,Name5189,100,5189
2016,FEMALE,TEST,Name5190,100,5190
2016,FEMALE,TEST,Name5191,100,5191
2016,FEMALE,TEST,Name5192,100,5192
2016,FEMALE,TEST,Name5193,100,5193
2016,FEMALE,TEST,Name5194,100,5194
2016,FEMALE,TEST,Name5195,100,5195
2016,FEMALE,TEST,Name5196,100,5196
2016,FEMALE,TEST,Name5197,100,5197
2016,FEMALE,TEST,Name5198,100,5198
2016,FEMALE,TEST,Name5199,100,5199
2016,FEMALE,TEST,Name5200,100,5200
2016,FEMALE,TEST,Name5201,100,5201
2016,FEMALE,TEST,Name5202,100,5202
2016,FEMALE,TEST,Name5203,100,5203
2016,FEMALE,TEST,Name5204,100,5204
2016,FEMALE,TEST,Name5205,100,5205
2016,FEMALE,TEST,Name5206,100,5206
2016,FEMALE,TEST,Name5207,100,5207
2016,FEMALE,TEST,Name5208,100,5208
2016,FEMALE,TEST,Name5209,100,5209
2016,FEMALE,TEST,Name5210,100,5210
2016,FEMALE,TEST,Name5211,100,5211
2016,FEMALE,TEST,Name5212,100,5212
2016,FEMALE,TEST,Name5213,100,5213
2016,FEMALE,TEST,Name5214,100,5214
2016,FEMALE,TEST,Name5215,100,5215
2016,FEMALE,TEST,Name5216,100,5216
2016,FEMALE,TEST,Name5217,100,5217
2016,FEMALE,TEST,Name5218,100,5218
2016,FEMALE,TEST,Name5219,100,5219
2016,FEMALE,TEST,Name5220,100,5220
2016,FEMALE,TEST,Name5221,100,5221
2016,FEMALE,TEST,Name5222,100,5222
2016,FEMALE,TEST,Name5223,100,5223
2016,FEMALE,TEST,Name5224,100,5224
2016,FEMALE,TEST,Name5225,100,5225
2016,FEMALE,TEST,Name5226,100,5226
2016,FEMALE,TEST,Name5227,100,5227
2016,FEMALE,TEST,Name5228,100,5228
2016,FEMALE,TEST,Name5229,100,5229
2016,FEMALE,TEST,Name5230,100,5230
2016,FEMALE,TEST,Name5231,100,5231
2016,FEMALE,TEST,Name5232,100,5232
2016,FEMALE,TEST,Name5233,100,5233
2016,FEMALE,TEST,Name5234,100,5234
2016,FEMALE,TEST,Name5235,100,5235
2016,FEMALE,TEST,Name5236,100,5236
2016,FEMALE,TEST,Name5237,100,5237
2016,FEMALE,TEST,Name5238,100,5238
2016,FEMALE,TEST,Name5239,100,5239
2016,FEMALE,TEST,Name5240,100,5240
2016,FEMALE,TEST,Name5241,100,5241
2016,FEMALE,TEST,Name5242,100,5242
2016,FEMALE,TEST,Name5243,100,5243
2016,FEMALE,TEST,Name5244,100,5244
2016,FEMALE,TEST,Name5245,100,5245
2016,FEMALE,TEST,Name5246,100,5246
2016,FEMALE,TEST,Name5247,100,5247
2016,FEMALE,TEST,Name5248,100,5248
2016,FEMALE,TEST,Name5249,100,5249
2016,FEMALE,TEST,Name5250,100,5250
2016,FEMALE,TEST,Name5251,100,5251
2016,FEMALE,TEST,Name5252,100,5252
2016,FEMALE,TEST,Name5253,100,5253
2016,FEMALE,TEST,Name5254,100,5254
2016,FEMALE,TEST,Name5255,100,5255
2016,FEMALE,TEST,Name5256,100,5256
2016,FEMALE,TEST,Name5257,100,5257
2016,FEMALE,TEST,Name5258,100,5258
2016,FEMALE,TEST,Name5259,100,5259
2016,FEMALE,TEST,Name5260,100,5260
2016,FEMALE,TEST,Name5261,100,5261
2016,FEMALE,TEST,Name5262,100,5262
2016,FEMALE,TEST,Name5263,100,5263
2016,FEMALE,TEST,Name5264,100,5264
2016,FEMALE,TEST,Name5265,100,5265
2016,FEMALE,TEST,Name5266,100,5266
2016,FEMALE,TEST,Name5267,100,5267
2016,FEMALE,TEST,Name5268,100,5268
2016,FEMALE,TEST,Name5269,100,5269
2016,FEMALE,TEST,Name5270,100,5270
2016,FEMALE,TEST,Name5271,100,5271
2016,FEMALE,TEST,Name5272,100,5272
2016,FEMALE,TEST,Name5273,100,5273
2016,FEMALE,TEST,Name5274,100,5274
2016,FEMALE,TEST,Name5275,100,5275
2016,FEMALE,TEST,Name5276,100,5276
2016,FEMALE,TEST,Name5277,100,5277
2016,FEMALE,TEST,Name5278,100,5278
2016,FEMALE,TEST,Name5279,100,5279
2016,FEMALE,TEST,Name5280,100,5280
2016,FEMALE,TEST,Name5281,100,5281
2016,FEMALE,TEST,Name5282,100,5282
2016,FEMALE,TEST,Name5283,100,5283
2016,FEMALE,TEST,Name5284,100,5284
2016,FEMALE,TEST,Name5285,100,5285
2016,FEMALE,TEST,Name5286,100,5286
2016,FEMALE,TEST,Name5287,100,5287
2016,FEMALE,TEST,Name5288,100,5288
2016,FEMALE,TEST,Name5289,100,5289
2016,FEMALE,TEST,Name5290,100,5290
2016,FEMALE,TEST,Name5291,100,5291
2016,FEMALE,TEST,Name5292,100,5292
2016,FEMALE,TEST,Name5293,100,5293
2016,FEMALE,TEST,Name5294,100,5294
2016,FEMALE,TEST,Name5295,100,5295
2016,FEMALE,TEST,Name5296,100,5296
2016,FEMALE,TEST,Name5297,100,5297
2016,FEMALE,TEST,Name5298,100,5298
2016,FEMALE,TEST,Name5299,100,5299
2016,FEMALE,TEST,Name5300,100,5300
2016,FEMALE,TEST,Name5301,100,5301
2016,FEMALE,TEST,Name5302,100,5302
2016,FEMALE,TEST,Name5303,100,5303
2016,FEMALE,TEST,Name5304,100,5304
2016,FEMALE,TEST,Name5305,100,5305
2016,FEMALE,TEST,Name5306,100,5306
2016,FEMALE,TEST,Name5307,100,5307
2016,FEMALE,TEST,Name5308,100,5308
2016,FEMALE,TEST,Name5309,100,5309
2016,FEMALE,TEST,Name5310,100,5310
2016,FEMALE,TEST,Name5311,100,5311
2016,FEMALE,TEST,Name5312,100,5312
2016,FEMALE,TEST,Name5313,100,5313
2016,FEMALE,TEST,Name5314,100,5314
2016,FEMALE,TEST,Name5315,100,5315
2016,FEMALE,TEST,Name5316,100,5316
2016,FEMALE,TEST,Name5317,100,5317
2016,FEMALE,TEST,Name5318,100,5318
2016,FEMALE,TEST,Name5319,100,5319
2016,FEMALE,TEST,Name5320,100,5320
2016,FEMALE,TEST,Name5321,100,5321
2016,FEMALE,TEST,Name5322,100,5322
2016,FEMALE,TEST,Name5323,100,5323
2016,FEMALE,TEST,Name5324,100,5324
2016,FEMALE,TEST,Name5325,100,5325
2016,FEMALE,TEST,Name5326,100,5326
2016,FEMALE,TEST,Name5327,100,5327
2016,FEMALE,TEST,Name5328,100,5328
2016,FEMALE,TEST,Name5329,100,5329
2016,FEMALE,TEST,Name5330,100,5330
2016,FEMALE,TEST,Name5331,100,5331
2016,FEMALE,TEST,Name5332,100,5332
2016,FEMALE,TEST,Name5333,100,5333
2016,FEMALE,TEST,Name5334,100,5334
2016,FEMALE,TEST,Name5335,100,5335
2016,FEMALE,TEST,Name5336,100,5336
2016,FEMALE,TEST,Name5337,100,5337
2016,FEMALE,TEST,Name5338,100,5338
2016,FEMALE,TEST,Name5339,100,5339
2016,FEMALE,TEST,Name5340,100,5340
2016,FEMALE,TEST,Name5341,100,5341
2016,FEMALE,TEST,Name5342,100,5342
2016,FEMALE,TEST,Name5343,100,5343
2016,FEMALE,TEST,Name5344,100,5344
2016,FEMALE,TEST,Name5345,100,5345
2016,FEMALE,TEST,Name5346,100,5346
2016,FEMALE,TEST,Name5347,100,5347
2016,FEMALE,TEST,Name5348,100,5348
2016,FEMALE,TEST,Name5349,100,5349
2016,FEMALE,TEST,Name5350,100,5350
2016,FEMALE,TEST,Name5351,100,5351
2016,FEMALE,TEST,Name5352,100,5352
2016,FEMALE,TEST,Name5353,100,5353
2016,FEMALE,TEST,Name5354,100,5354
2016,FEMALE,TEST,Name5355,100,5355
2016,FEMALE,TEST,Name5356,100,5356
2016,FEMALE,TEST,Name5357,100,5357
2016,FEMALE,TEST,Name5358,100,5358
2016,FEMALE,TEST,Name5359,100,5359
2016,FEMALE,TEST,Name5360,100,5360
2016,FEMALE,TEST,Name5361,100,5361
2016,FEMALE,TEST,Name5362,100,5362
2016,FEMALE,TEST,Name5363,100,5363
2016,FEMALE,TEST,Name5364,100,5364
2016,FEMALE,TEST,Name5365,100,5365
2016,FEMALE,TEST,Name5366,100,5366
2016,FEMALE,TEST,Name5367,100,5367
2016,FEMALE,TEST,Name5368,100,5368
2016,FEMALE,TEST,Name5369,100,5369
2016,FEMALE,TEST,Name5370,100,5370
2016,FEMALE,TEST,Name5371,100,5371
2016,FEMALE,TEST,Name5372,100,5372
2016,FEMALE,TEST,Name5373,100,5373
2016,FEMALE,TEST,Name5374,100,5374
2016,FEMALE,TEST,Name5375,100,5375
2016,FEMALE,TEST,Name5376,100,5376
2016,FEMALE,TEST,Name5377,100,5377
2016,FEMALE,TEST,Name5378,100,5378
2016,FEMALE,TEST,Name5379,100,5379
2016,FEMALE,TEST,Name5380,100,5380
2016,FEMALE,TEST,Name5381,100,5381
2016,FEMALE,TEST,Name5382,100,5382
2016,FEMALE,TEST,Name5383,100,5383
2016,FEMALE,TEST,Name5384,100,5384
2016,FEMALE,TEST,Name5385,100,5385
2016,FEMALE,TEST,Name5386,100,5386
2016,FEMALE,TEST,Name5387,100,5387
2016,FEMALE,TEST,Name5388,100,5388
2016,FEMALE,TEST,Name5389,100,5389
2016,FEMALE,TEST,Name5390,100,5390
2016,FEMALE,TEST,Name5391,100,5391
2016,FEMALE,TEST,Name5392,100,5392
2016,FEMALE,TEST,Name5393,100,5393
2016,FEMALE,TEST,Name5394,100,5394
2016,FEMALE,TEST,Name5395,100,5395
2016,FEMALE,TEST,Name5396,100,5396
2016,FEMALE,TEST,Name5397,100,5397
2016,FEMALE,TEST,Name5398,100,5398
2016,FEMALE,TEST,Name5399,100,5399
2016,FEMALE,TEST,Name5400,100,5400
2016,FEMALE,TEST,Name5401,100,5401
2016,FEMALE,TEST,Name5402,100,5402
2016,FEMALE,TEST,Name5403,100,5403
2016,FEMALE,TEST,Name5404,100,5404
2016,FEMALE,TEST,Name5405,100,5405
2016,FEMALE,TEST,Name5406,100,5406
2016,FEMALE,TEST,Name5407,100,5407
2016,FEMALE,TEST,Name5408,100,5408
2016,FEMALE,TEST,Name5409,100,5409
2016,FEMALE,TEST,Name5410,100,5410
2016,FEMALE,TEST,Name5411,100,5411
2016,FEMALE,TEST,Name5412,100,5412
2016,FEMALE,TEST,Name5413,100,5413
2016,FEMALE,TEST,Name5414,100,5414
2016,FEMALE,TEST,Name5415,100,5415
2016,FEMALE,TEST,Name5416,100,5416
2016,FEMALE,TEST,Name5417,100,5417
2016,FEMALE,TEST,Name5418,100,5418
2016,FEMALE,TEST,Name5419,100,5419
2016,FEMALE,TEST,Name5420,100,5420
2016,FEMALE,TEST,Name5421,100,5421
2016,FEMALE,TEST,Name5422,100,5422
2016,FEMALE,TEST,Name5423,100,5423
2016,FEMALE,TEST,Name5424,100,5424
2016,FEMALE,TEST,Name5425,100,5425
2016,FEMALE,TEST,Name5426,100,5426
2016,FEMALE,TEST,Name5427,100,5427
2016,FEMALE,TEST,Name5428,100,5428
2016,FEMALE,TEST,Name5429,100,5429
2016,FEMALE,TEST,Name5430,100,5430
2016,FEMALE,TEST,Name5431,100,5431
2016,FEMALE,TEST,Name5432,100,5432
2016,FEMALE,TEST,Name5433,100,5433
2016,FEMALE,TEST,Name5434,100,5434
2016,FEMALE,TEST,Name5435,100,5435
2016,FEMALE,TEST,Name5436,100,5436
2016,FEMALE,TEST,Name5437,100,5437
2016,FEMALE,TEST,Name5438,100,5438
2016,FEMALE,TEST,Name5439,100,5439
2016,FEMALE,TEST,Name5440,100,5440
2016,FEMALE,TEST,Name5441,100,5441
2016,FEMALE,TEST,Name5442,100,5442
2016,FEMALE,TEST,Name5443,100,5443
2016,FEMALE,TEST,Name5444,100,5444
2016,FEMALE,TEST,Name5445,100,5445
2016,FEMALE,TEST,Name5446,100,5446
2016,FEMALE,TEST,Name5447,100,5447
2016,FEMALE,TEST,Name5448,100,5448
2016,FEMALE,TEST,Name5449,100,5449
2016,FEMALE,TEST,Name5450,100,5450
2016,FEMALE,TEST,Name5451,100,5451
2016,FEMALE,TEST,Name5452,100,5452
2016,FEMALE,TEST,Name5453,100,5453
2016,FEMALE,TEST,Name5454,100,5454
2016,FEMALE,TEST,Name5455,100,5455
2016,FEMALE,TEST,Name5456,100,5456
2016,FEMALE,TEST,Name5457,100,5457
2016,FEMALE,TEST,Name5458,100,5458
2016,FEMALE,TEST,Name5459,100,5459
2016,FEMALE,TEST,Name5460,100,5460
2016,FEMALE,TEST,Name5461,100,5461
2016,FEMALE,TEST,Name5462,100,5462
2016,FEMALE,TEST,Name5463,100,5463
2016,FEMALE,TEST,Name5464,100,5464
2016,FEMALE,TEST,Name5465,100,5465
2016,FEMALE,TEST,Name5466,100,5466
2016,FEMALE,TEST,Name5467,100,5467
2016,FEMALE,TEST,Name5468,100,5468
2016,FEMALE,TEST,Name5469,100,5469
2016,FEMALE,TEST,Name5470,100,5470
2016,FEMALE,TEST,Name5471,100,5471
2016,FEMALE,TEST,Name5472,100,5472
2016,FEMALE,TEST,Name5473,100,5473
2016,FEMALE,TEST,Name5474,100,5474
2016,FEMALE,TEST,Name5475,100,5475
2016,FEMALE,TEST,Name5476,100,5476
2016,FEMALE,TEST,Name5477,100,5477
2016,FEMALE,TEST,Name5478,100,5478
2016,FEMALE,TEST,Name5479,100,5479
2016,FEMALE,TEST,Name5480,100,5480
2016,FEMALE,TEST,Name5481,100,5481
2016,FEMALE,TEST,Name5482,100,5482
2016,FEMALE,TEST,Name5483,100,5483
2016,FEMALE,TEST,Name5484,100,5484
2016,FEMALE,TEST,Name5485,100,5485
2016,FEMALE,TEST,Name5486,100,5486
2016,FEMALE,TEST,Name5487,100,5487
2016,FEMALE,TEST,Name5488,100,5488
2016,FEMALE,TEST,Name5489,100,5489
2016,FEMALE,TEST,Name5490,100,5490
2016,FEMALE,TEST,Name5491,100,5491
2016,FEMALE,TEST,Name5492,100,5492
2016,FEMALE,TEST,Name5493,100,5493
2016,FEMALE,TEST,Name5494,100,5494
2016,FEMALE,TEST,Name5495,100,5495
2016,FEMALE,TEST,Name5496,100,5496
2016,FEMALE,TEST,Name5497,100,5497
2016,FEMALE,TEST,Name5498,100,5498
2016,FEMALE,TEST,Name5499,100,5499
2016,FEMALE,TEST,Name5500,100,5500
2016,FEMALE,TEST,Name5501,100,5501
2016,FEMALE,TEST,Name5502,100,5502
2016,FEMALE,TEST,Name5503,100,5503
2016,FEMALE,TEST,Name5504,100,5504
2016,FEMALE,TEST,Name5505,100,5505
2016,FEMALE,TEST,Name5506,100,5506
2016,FEMALE,TEST,Name5507,100,5507
2016,FEMALE,TEST,Name5508,100,5508
2016,FEMALE,TEST,Name5509,100,5509
2016,FEMALE,TEST,Name5510,100,5510
2016,FEMALE,TEST,Name5511,100,5511
2016,FEMALE,TEST,Name5512,100,5512
2016,FEMALE,TEST,Name5513,100,5513
2016,FEMALE,TEST,Name5514,100,5514
2016,FEMALE,TEST,Name5515,100,5515
2016,FEMALE,TEST,Name5516,100,5516
2016,FEMALE,TEST,Name5517,100,5517
2016,FEMALE,TEST,Name5518,100,5518
2016,FEMALE,TEST,Name5519,100,5519
2016,FEMALE,TEST,Name5520,100,5520
2016,FEMALE,TEST,Name5521,100,5521
2016,FEMALE,TEST,Name5522,100,5522
2016,FEMALE,TEST,Name5523,100,5523
2016,FEMALE,TEST,Name5524,100,5524
2016,FEMALE,TEST,Name5525,100,5525
2016,FEMALE,TEST,Name5526,100,5526
2016,FEMALE,TEST,Name5527,100,5527
2016,FEMALE,TEST,Name5528,100,5528
2016,FEMALE,TEST,Name5529,100,5529
2016,FEMALE,TEST,Name5530,100,5530
2016,FEMALE,TEST,Name5531,100,5531
2016,FEMALE,TEST,Name5532,100,5532
2016,FEMALE,TEST,Name5533,100,5533
2016,FEMALE,TEST,Name5534,100,5534
2016,FEMALE,TEST,Name5535,100,5535
2016,FEMALE,TEST,Name5536,100,5536
2016,FEMALE,TEST,Name5537,100,5537
2016,FEMALE,TEST,Name5538,100,5538
2016,FEMALE,TEST,Name5539,100,5539
2016,FEMALE,TEST,Name5540,100,5540
2016,FEMALE,TEST,Name5541,100,5541
2016,FEMALE,TEST,Name5542,100,5542
2016,FEMALE,TEST,Name5543,100,5543
2016,FEMALE,TEST,Name5544,100,5544
2016,FEMALE,TEST,Name5545,100,5545
2016,FEMALE,TEST,Name5546,100,5546
2016,FEMALE,TEST,Name5547,100,5547
2016,FEMALE,TEST,Name5548,100,5548
2016,FEMALE,TEST,Name5549,100,5549
2016,FEMALE,TEST,Name5550,100,5550
2016,FEMALE,TEST,Name5551,100,5551
2016,FEMALE,TEST,Name5552,100,5552
2016,FEMALE,TEST,Name5553,100,5553
2016,FEMALE,TEST,Name5554,100,5554
2016,FEMALE,TEST,Name5555,100,5555
2016,FEMALE,TEST,Name5556,100,5556
2016,FEMALE,TEST,Name5557,100,5557
2016,FEMALE,TEST,Name5558,100,5558
2016,FEMALE,TEST,Name5559,100,5559
2016,FEMALE,TEST,Name5560,100,5560
2016,FEMALE,TEST,Name5561,100,5561
2016,FEMALE,TEST,Name5562,100,5562
2016,FEMALE,TEST,Name5563,100,5563
2016,FEMALE,TEST,Name5564,100,5564
2016,FEMALE,TEST,Name5565,100,5565
2016,FEMALE,TEST,Name5566,100,5566
2016,FEMALE,TEST,Name5567,100,5567
2016,FEMALE,TEST,Name5568,100,5568
2016,FEMALE,TEST,Name5569,100,5569
2016,FEMALE,TEST,Name5570,100,5570
2016,FEMALE,TEST,Name5571,100,5571
2016,FEMALE,TEST,Name5572,100,5572
2016,FEMALE,TEST,Name5573,100,5573
2016,FEMALE,TEST,Name5574,100,5574
2016,FEMALE,TEST,Name5575,100,5575
2016,FEMALE,TEST,Name5576,100,5576
2016,FEMALE,TEST,Name5577,100,5577
2016,FEMALE,TEST,Name5578,100,5578
2016,FEMALE,TEST,Name5579,100,5579
2016,FEMALE,TEST,Name5580,100,5580
2016,FEMALE,TEST,Name5581,100,5581
2016,FEMALE,TEST,Name5582,100,5582
2016,FEMALE,TEST,Name5583,100,5583
2016,FEMALE,TEST,Name5584,100,5584
2016,FEMALE,TEST,Name5585,100,5585
2016,FEMALE,TEST,Name5586,100,5586
2016,FEMALE,TEST,Name5587,100,5587
2016,FEMALE,TEST,Name5588,100,5588
2016,FEMALE,TEST,Name5589,100,5589
2016,FEMALE,TEST,Name5590,100,5590
2016,FEMALE,TEST,Name5591,100,5591
2016,FEMALE,TEST,Name5592,100,5592
2016,FEMALE,TEST,Name5593,100,5593
2016,FEMALE,TEST,Name5594,100,5594
2016,FEMALE,TEST,Name5595,100,5595
2016,FEMALE,TEST,Name5596,100,5596
2016,FEMALE,TEST,Name5597,100,5597
2016,FEMALE,TEST,Name5598,100,5598
2016,FEMALE,TEST,Name5599,100,5599
2016,FEMALE,TEST,Name5600,100,5600
2016,FEMALE,TEST,Name5601,100,5601
2016,FEMALE,TEST,Name5602,100,5602
2016,FEMALE,TEST,Name5603,100,5603
2016,FEMALE,TEST,Name5604,100,5604
2016,FEMALE,TEST,Name5605,100,5605
2016,FEMALE,TEST,Name5606,100,5606
2016,FEMALE,TEST,Name5607,100,5607
2016,FEMALE,TEST,Name5608,100,5608
2016,FEMALE,TEST,Name5609,100,5609
2016,FEMALE,TEST,Name5610,100,5610
2016,FEMALE,TEST,Name5611,100,5611
2016,FEMALE,TEST,Name5612,100,5612
2016,FEMALE,TEST,Name5613,100,5613
2016,FEMALE,TEST,Name5614,100,5614
2016,FEMALE,TEST,Name5615,100,5615
2016,FEMALE,TEST,Name5616,100,5616
2016,FEMALE,TEST,Name5617,100,5617
2016,FEMALE,TEST,Name5618,100,5618
2016,FEMALE,TEST,Name5619,100,5619
2016,FEMALE,TEST,Name5620,100,5620
2016,FEMALE,TEST,Name5621,100,5621
2016,FEMALE,TEST,Name5622,100,5622
2016,FEMALE,TEST,Name5623,100,5623
2016,FEMALE,TEST,Name5624,100,5624
2016,FEMALE,TEST,Name5625,100,5625
2016,FEMALE,TEST,Name5626,100,5626
2016,FEMALE,TEST,Name5627,100,5627
2016,FEMALE,TEST,Name5628,100,5628
2016,FEMALE,TEST,Name5629,100,5629
2016,FEMALE,TEST,Name5630,100,5630
2016,FEMALE,TEST,Name5631,100,5631
2016,FEMALE,TEST,Name5632,100,5632
2016,FEMALE,TEST,Name5633,100,5633
2016,FEMALE,TEST,Name5634,100,5634
2016,FEMALE,TEST,Name5635,100,5635
2016,FEMALE,TEST,Name5636,100,5636
2016,FEMALE,TEST,Name5637,100,5637
2016,FEMALE,TEST,Name5638,100,5638
2016,FEMALE,TEST,Name5639,100,5639
2016,FEMALE,TEST,Name5640,100,5640
2016,FEMALE,TEST,Name5641,100,5641
2016,FEMALE,TEST,Name5642,100,5642
2016,FEMALE,TEST,Name5643,100,5643
2016,FEMALE,TEST,Name5644,100,5644
2016,FEMALE,TEST,Name5645,100,5645
2016,FEMALE,TEST,Name5646,100,5646
2016,FEMALE,TEST,Name5647,100,5647
2016,FEMALE,TEST,Name5648,100,5648
2016,FEMALE,TEST,Name5649,100,5649
2016,FEMALE,TEST,Name5650,100,5650
2016,FEMALE,TEST,Name5651,100,5651
2016,FEMALE,TEST,Name5652,100,5652
2016,FEMALE,TEST,Name5653,100,5653
2016,FEMALE,TEST,Name5654,100,5654
2016,FEMALE,TEST,Name5655,100,5655
2016,FEMALE,TEST,Name5656,100,5656
2016,FEMALE,TEST,Name5657,100,5657
2016,FEMALE,TEST,Name5658,100,5658
2016,FEMALE,TEST,Name5659,100,5659
2016,FEMALE,TEST,Name5660,100,5660
2016,FEMALE,TEST,Name5661,100,5661
2016,FEMALE,TEST,Name5662,100,5662
2016,FEMALE,TEST,Name5663,100,5663
2016,FEMALE,TEST,Name5664,100,5664
2016,FEMALE,TEST,Name5665,100,5665
2016,FEMALE,TEST,Name5666,100,5666
2016,FEMALE,TEST,Name5667,100,5667
2016,FEMALE,TEST,Name5668,100,5668
2016,FEMALE,TEST,Name5669,100,5669
2016,FEMALE,TEST,Name5670,100,5670
2016,FEMALE,TEST,Name5671,100,5671
2016,FEMALE,TEST,Name5672,100,5672
2016,FEMALE,TEST,Name5673,100,5673
2016,FEMALE,TEST,Name5674,100,5674
2016,FEMALE,TEST,Name5675,100,5675
2016,FEMALE,TEST,Name5676,100,5676
2016,FEMALE,TEST,Name5677,100,5677
2016,FEMALE,TEST,Name5678,100,5678
2016,FEMALE,TEST,Name5679,100,5679
2016,FEMALE,TEST,Name5680,100,5680
2016,FEMALE,TEST,Name5681,100,5681
2016,FEMALE,TEST,Name5682,100,5682
2016,FEMALE,TEST,Name5683,100,5683
2016,FEMALE,TEST,Name5684,100,5684
2016,FEMALE,TEST,Name5685,100,5685
2016,FEMALE,TEST,Name5686,100,5686
2016,FEMALE,TEST,Name5687,100,5687
2016,FEMALE,TEST,Name5688,100,5688
2016,FEMALE,TEST,Name5689,100,5689
2016,FEMALE,TEST,Name5690,100,5690
2016,FEMALE,TEST,Name5691,100,5691
2016,FEMALE,TEST,Name5692,100,5692
2016,FEMALE,TEST,Name5693,100,5693
2016,FEMALE,TEST,Name5694,100,5694
2016,FEMALE,TEST,Name5695,100,5695
2016,FEMALE,TEST,Name5696,100,5696
2016,FEMALE,TEST,Name5697,100,5697
2016,FEMALE,TEST,Name5698,100,5698
2016,FEMALE,TEST,Name5699,100,5699
2016,FEMALE,TEST,Name5700,100,5700
2016,FEMALE,TEST,Name5701,100,5701
2016,FEMALE,TEST,Name5702,100,5702
2016,FEMALE,TEST,Name5703,100,5703
2016,FEMALE,TEST,Name5704,100,5704
2016,FEMALE,TEST,Name5705,100,5705
2016,FEMALE,TEST,Name5706,100,5706
2016,FEMALE,TEST,Name5707,100,5707
2016,FEMALE,TEST,Name5708,100,5708
2016,FEMALE,TEST,Name5709,100,5709
2016,FEMALE,TEST,Name5710,100,5710
2016,FEMALE,TEST,Name5711,100,5711
2016,FEMALE,TEST,Name5712,100,5712
2016,FEMALE,TEST,Name5713,100,5713
2016,FEMALE,TEST,Name5714,100,5714
2016,FEMALE,TEST,Name5715,100,5715
2016,FEMALE,TEST,Name5716,100,5716
2016,FEMALE,TEST,Name5717,100,5717
2016,FEMALE,TEST,Name5718,100,5718
2016,FEMALE,TEST,Name5719,100,5719
2016,FEMALE,TEST,Name5720,100,5720
2016,FEMALE,TEST,Name5721,100,5721
2016,FEMALE,TEST,Name5722,100,5722
2016,FEMALE,TEST,Name5723,100,5723
2016,FEMALE,TEST,Name5724,100,5724
2016,FEMALE,TEST,Name5725,100,5725
2016,FEMALE,TEST,Name5726,100,5726
2016,FEMALE,TEST,Name5727,100,5727
2016,FEMALE,TEST,Name5728,100,5728
2016,FEMALE,TEST,Name5729,100,5729
2016,FEMALE,TEST,Name5730,100,5730
2016,FEMALE,TEST,Name5731,100,5731
2016,FEMALE,TEST,Name5732,100,5732
2016,FEMALE,TEST,Name5733,100,5733
2016,FEMALE,TEST,Name5734,100,5734
2016,FEMALE,TEST,Name5735,100,5735
2016,FEMALE,TEST,Name5736,100,5736
2016,FEMALE,TEST,Name5737,100,5737
2016,FEMALE,TEST,Name5738,100,5738
2016,FEMALE,TEST,Name5739,100,5739
2016,FEMALE,TEST,Name5740,100,5740
2016,FEMALE,TEST,Name5741,100,5741
2016,FEMALE,TEST,Name5742,100,5742
2016,FEMALE,TEST,Name5743,100,5743
2016,FEMALE,TEST,Name5744,100,5744
2016,FEMALE,TEST,Name5745,100,5745
2016,FEMALE,TEST,Name5746,100,5746
2016,FEMALE,TEST,Name5747,100,5747
2016,FEMALE,TEST,Name5748,100,5748
2016,FEMALE,TEST,Name5749,100,5749
2016,FEMALE,TEST,Name5750,100,5750
2016,FEMALE,TEST,Name5751,100,5751
2016,FEMALE,TEST,Name5752,100,5752
2016,FEMALE,TEST,Name5753,100,5753
2016,FEMALE,TEST,Name5754,100,5754
2016,FEMALE,TEST,Name5755,100,5755
2016,FEMALE,TEST,Name5756,100,5756
2016,FEMALE,TEST,Name5757,100,5757
2016,FEMALE,TEST,Name5758,100,5758
2016,FEMALE,TEST,Name5759,100,5759
2016,FEMALE,TEST,Name5760,100,5760
2016,FEMALE,TEST,Name5761,100,5761
2016,FEMALE,TEST,Name5762,100,5762
2016,FEMALE,TEST,Name5763,100,5763
2016,FEMALE,TEST,Name5764,100,5764
2016,FEMALE,TEST,Name5765,100,5765
2016,FEMALE,TEST,Name5766,100,5766
2016,FEMALE,TEST,Name5767,100,5767
2016,FEMALE,TEST,Name5768,100,5768
2016,FEMALE,TEST,Name5769,100,5769
2016,FEMALE,TEST,Name5770,100,5770
2016,FEMALE,TEST,Name5771,100,5771
2016,FEMALE,TEST,Name5772,100,5772
2016,FEMALE,TEST,Name5773,100,5773
2016,FEMALE,TEST,Name5774,100,5774
2016,FEMALE,TEST,Name5775,100,5775
2016,FEMALE,TEST,Name5776,100,5776
2016,FEMALE,TEST,Name5777,100,5777
2016,FEMALE,TEST,Name5778,100,5778
2016,FEMALE,TEST,Name5779,100,5779
2016,FEMALE,TEST,Name5780,100,5780
2016,FEMALE,TEST,Name5781,100,5781
2016,FEMALE,TEST,Name5782,100,5782
2016,FEMALE,TEST,Name5783,100,5783
2016,FEMALE,TEST,Name5784,100,5784
2016,FEMALE,TEST,Name5785,100,5785
2016,FEMALE,TEST,Name5786,100,5786
2016,FEMALE,TEST,Name5787,100,5787
2016,FEMALE,TEST,Name5788,100,5788
2016,FEMALE,TEST,Name5789,100,5789
2016,FEMALE,TEST,Name5790,100,5790
2016,FEMALE,TEST,Name5791,100,5791
2016,FEMALE,TEST,Name5792,100,5792
2016,FEMALE,TEST,Name5793,100,5793
2016,FEMALE,TEST,Name5794,100,5794
2016,FEMALE,TEST,Name5795,100,5795
2016,FEMALE,TEST,Name5796,100,5796
2016,FEMALE,TEST,Name5797,100,5797
2016,FEMALE,TEST,Name5798,100,5798
2016,FEMALE,TEST,Name5799,100,5799
2016,FEMALE,TEST,Name5800,100,5800
2016,FEMALE,TEST,Name5801,100,5801
2016,FEMALE,TEST,Name5802,100,5802
2016,FEMALE,TEST,Name5803,100,5803
2016,FEMALE,TEST,Name5804,100,5804
2016,FEMALE,TEST,Name5805,100,5805
2016,FEMALE,TEST,Name5806,100,5806
2016,FEMALE,TEST,Name5807,100,5807
2016,FEMALE,TEST,Name5808,100,5808
2016,FEMALE,TEST,Name5809,100,5809
2016,FEMALE,TEST,Name5810,100,5810
2016,FEMALE,TEST,Name5811,100,5811
2016,FEMALE,TEST,Name5812,100,5812
2016,FEMALE,TEST,Name5813,100,5813
2016,FEMALE,TEST,Name5814,100,5814
2016,FEMALE,TEST,Name5815,100,5815
2016,FEMALE,TEST,Name5816,100,5816
2016,FEMALE,TEST,Name5817,100,5817
2016,FEMALE,TEST,Name5818,100,5818
2016,FEMALE,TEST,Name5819,100,5819
2016,FEMALE,TEST,Name5820,100,5820
2016,FEMALE,TEST,Name5821,100,5821
2016,FEMALE,TEST,Name5822,100,5822
2016,FEMALE,TEST,Name5823,100,5823
2016,FEMALE,TEST,Name5824,100,5824
2016,FEMALE,TEST,Name5825,100,5825
2016,FEMALE,TEST,Name5826,100,5826
2016,FEMALE,TEST,Name5827,100,5827
2016,FEMALE,TEST,Name5828,100,5828
2016,FEMALE,TEST,Name5829,100,5829
2016,FEMALE,TEST,Name5830,100,5830
2016,FEMALE,TEST,Name5831,100,5831
2016,FEMALE,TEST,Name5832,100,5832
2016,FEMALE,TEST,Name5833,100,5833
2016,FEMALE,TEST,Name5834,100,5834
2016,FEMALE,TEST,Name5835,100,5835
2016,FEMALE,TEST,Name5836,100,5836
2016,FEMALE,TEST,Name5837,100,5837
2016,FEMALE,TEST,Name5838,100,5838
2016,FEMALE,TEST,Name5839,100,5839
2016,FEMALE,TEST,Name5840,100,5840
2016,FEMALE,TEST,Name5841,100,5841
2016,FEMALE,TEST,Name5842,100,5842
2016,FEMALE,TEST,Name5843,100,5843
2016,FEMALE,TEST,Name5844,100,5844
2016,FEMALE,TEST,Name5845,100,5845
2016,FEMALE,TEST,Name5846,100,5846
2016,FEMALE,TEST,Name5847,100,5847
2016,FEMALE,TEST,Name5848,100,5848
2016,FEMALE,TEST,Name5849,100,5849
2016,FEMALE,TEST,Name5850,100,5850
2016,FEMALE,TEST,Name5851,100,5851
2016,FEMALE,TEST,Name5852,100,5852
2016,FEMALE,TEST,Name5853,100,5853
2016,FEMALE,TEST,Name5854,100,5854
2016,FEMALE,TEST,Name5855,100,5855
2016,FEMALE,TEST,Name5856,100,5856
2016,FEMALE,TEST,Name5857,100,5857
2016,FEMALE,TEST,Name5858,100,5858
2016,FEMALE,TEST,Name5859,100,5859
2016,FEMALE,TEST,Name5860,100,5860
2016,FEMALE,TEST,Name5861,100,5861
2016,FEMALE,TEST,Name5862,100,5862
2016,FEMALE,TEST,Name5863,100,5863
2016,FEMALE,TEST,Name5864,100,5864
2016,FEMALE,TEST,Name5865,100,5865
2016,FEMALE,TEST,Name5866,100,5866
2016,FEMALE,TEST,Name5867,100,5867
2016,FEMALE,TEST,Name5868,100,5868
2016,FEMALE,TEST,Name5869,100,5869
2016,FEMALE,TEST,Name5870,100,5870
2016,FEMALE,TEST,Name5871,100,5871
2016,FEMALE,TEST,Name5872,100,5872
2016,FEMALE,TEST,Name5873,100,5873
2016,FEMALE,TEST,Name5874,100,5874
2016,FEMALE,TEST,Name5875,100,5875
2016,FEMALE,TEST,Name5876,100,5876
2016,FEMALE,TEST,Name5877,100,5877
2016,FEMALE,TEST,Name5878,100,5878
2016,FEMALE,TEST,Name5879,100,5879
2016,FEMALE,TEST,Name5880,100,5880
2016,FEMALE,TEST,Name5881,100,5881
2016,FEMALE,TEST,Name5882,100,5882
2016,FEMALE,TEST,Name5883,100,5883
2016,FEMALE,TEST,Name5884,100,5884
2016,FEMALE,TEST,Name5885,100,5885
2016,FEMALE,TEST,Name5886,100,5886
2016,FEMALE,TEST,Name5887,100,5887
2016,FEMALE,TEST,Name5888,100,5888
2016,FEMALE,TEST,Name5889,100,5889
2016,FEMALE,TEST,Name5890,100,5890
2016,FEMALE,TEST,Name5891,100,5891
2016,FEMALE,TEST,Name5892,100,5892
2016,FEMALE,TEST,Name5893,100,5893
2016,FEMALE,TEST,Name5894,100,5894
2016,FEMALE,TEST,Name5895,100,5895
2016,FEMALE,TEST,Name5896,100,5896
2016,FEMALE,TEST,Name5897,100,5897
2016,FEMALE,TEST,Name5898,100,5898
2016,FEMALE,TEST,Name5899,100,5899
2016,FEMALE,TEST,Name5900,100,5900
2016,FEMALE,TEST,Name5901,100,5901
2016,FEMALE,TEST,Name5902,100,5902
2016,FEMALE,TEST,Name5903,100,5903
2016,FEMALE,TEST,Name5904,100,5904
2016,FEMALE,TEST,Name5905,100,5905
2016,FEMALE,TEST,Name5906,100,5906
2016,FEMALE,TEST,Name5907,100,5907
2016,FEMALE,TEST,Name5908,100,5908
2016,FEMALE,TEST,Name5909,100,5909
2016,FEMALE,TEST,Name5910,100,5910
2016,FEMALE,TEST,Name5911,100,5911
2016,FEMALE,TEST,Name5912,100,5912
2016,FEMALE,TEST,Name5913,100,5913
2016,FEMALE,TEST,Name5914,100,5914
2016,FEMALE,TEST,Name5915,100,5915
2016,FEMALE,TEST,Name5916,100,5916
2016,FEMALE,TEST,Name5917,100,5917
2016,FEMALE,TEST,Name5918,100,5918
2016,FEMALE,TEST,Name5919,100,5919
2016,FEMALE,TEST,Name5920,100,5920
2016,FEMALE,TEST,Name5921,100,5921
2016,FEMALE,TEST,Name5922,100,5922
2016,FEMALE,TEST,Name5923,100,5923
2016,FEMALE,TEST,Name5924,100,5924
2016,FEMALE,TEST,Name5925,100,5925
2016,FEMALE,TEST,Name5926,100,5926
2016,FEMALE,TEST,Name5927,100,5927
2016,FEMALE,TEST,Name5928,100,5928
2016,FEMALE,TEST,Name5929,100,5929
2016,FEMALE,TEST,Name5930,100,5930
2016,FEMALE,TEST,Name5931,100,5931
2016,FEMALE,TEST,Name5932,100,5932
2016,FEMALE,TEST,Name5933,100,5933
2016,FEMALE,TEST,Name5934,100,5934
2016,FEMALE,TEST,Name5935,100,5935
2016,FEMALE,TEST,Name5936,100,5936
2016,FEMALE,TEST,Name5937,100,5937
2016,FEMALE,TEST,Name5938,100,5938
2016,FEMALE,TEST,Name5939,100,5939
2016,FEMALE,TEST,Name5940,100,5940
2016,FEMALE,TEST,Name5941,100,5941
2016,FEMALE,TEST,Name5942,100,5942
2016,FEMALE,TEST,Name5943,100,5943
2016,FEMALE,TEST,Name5944,100,5944
2016,FEMALE,TEST,Name5945,100,5945
2016,FEMALE,TEST,Name5946,100,5946
2016,FEMALE,TEST,Name5947,100,5947
2016,FEMALE,TEST,Name5948,100,5948
2016,FEMALE,TEST,Name5949,100,5949
2016,FEMALE,TEST,Name5950,100,5950
2016,FEMALE,TEST,Name5951,100,5951
2016,FEMALE,TEST,Name5952,100,5952
2016,FEMALE,TEST,Name5953,100,5953
2016,FEMALE,TEST,Name5954,100,5954
2016,FEMALE,TEST,Name5955,100,5955
2016,FEMALE,TEST,Name5956,100,5956
2016,FEMALE,TEST,Name5957,100,5957
2016,FEMALE,TEST,Name5958,100,5958
2016,FEMALE,TEST,Name5959,100,5959
2016,FEMALE,TEST,Name5960,100,5960
2016,FEMALE,TEST,Name5961,100,5961
2016,FEMALE,TEST,Name5962,100,5962
2016,FEMALE,TEST,Name5963,100,5963
2016,FEMALE,TEST,Name5964,100,5964
2016,FEMALE,TEST,Name5965,100,5965
2016,FEMALE,TEST,Name5966,100,5966
2016,FEMALE,TEST,Name5967,100,5967
2016,FEMALE,TEST,Name5968,100,5968
2016,FEMALE,TEST,Name5969,100,5969
2016,FEMALE,TEST,Name5970,100,5970
2016,FEMALE,TEST,Name5971,100,5971
2016,FEMALE,TEST,Name5972,100,5972
2016,FEMALE,TEST,Name5973,100,5973
2016,FEMALE,TEST,Name5974,100,5974
2016,FEMALE,TEST,Name5975,100,5975
2016,FEMALE,TEST,Name5976,100,5976
2016,FEMALE,TEST,Name5977,100,5977
2016,FEMALE,TEST,Name5978,100,5978
2016,FEMALE,TEST,Name5979,100,5979
2016,FEMALE,TEST,Name5980,100,5980
2016,FEMALE,TEST,Name5981,100,5981
2016,FEMALE,TEST,Name5982,100,5982
2016,FEMALE,TEST,Name5983,100,5983
2016,FEMALE,TEST,Name5984,100,5984
2016,FEMALE,TEST,Name5985,100,5985
2016,FEMALE,TEST,Name5986,100,5986
2016,FEMALE,TEST,Name5987,100,5987
2016,FEMALE,TEST,Name5988,100,5988
2016,FEMALE,TEST,Name5989,100,5989
2016,FEMALE,TEST,Name5990,100,5990
2016,FEMALE,TEST,Name5991,100,5991
2016,FEMALE,TEST,Name5992,100,5992
2016,FEMALE,TEST,Name5993,100,5993
2016,FEMALE,TEST,Name5994,100,5994
2016,FEMALE,TEST,Name5995,100,5995
2016,FEMALE,TEST,Name5996,100,5996
2016,FEMALE,TEST,Name5997,100,5997
2016,FEMALE,TEST,Name5998,100,5998
2016,FEMALE,TEST,Name5999,100,5999
2016,FEMALE,TEST,Name6000,100,6000
2016,FEMALE,TEST,Name6001,100,6001
2016,FEMALE,TEST,Name6002,100,6002
2016,FEMALE,TEST,Name6003,100,6003
2016,FEMALE,TEST,Name6004,100,6004
2016,FEMALE,TEST,Name6005,100,6005
2016,FEMALE,TEST,Name6006,100,6006
2016,FEMALE,TEST,Name6007,100,6007
2016,FEMALE,TEST,Name6008,100,6008
2016,FEMALE,TEST,Name6009,100,6009
2016,FEMALE,TEST,Name6010,100,6010
2016,FEMALE,TEST,Name6011,100,6011
2016,FEMALE,TEST,Name6012,100,6012
2016,FEMALE,TEST,Name6013,100,6013
2016,FEMALE,TEST,Name6014,100,6014
2016,FEMALE,TEST,Name6015,100,6015
2016,FEMALE,TEST,Name6016,100,6016
2016,FEMALE,TEST,Name6017,100,6017
2016,FEMALE,TEST,Name6018,100,6018
2016,FEMALE,TEST,Name6019,100,6019
2016,FEMALE,TEST,Name6020,100,6020
2016,FEMALE,TEST,Name6021,100,6021
2016,FEMALE,TEST,Name6022,100,6022
2016,FEMALE,TEST,Name6023,100,6023
2016,FEMALE,TEST,Name6024,100,6024
2016,FEMALE,TEST,Name6025,100,6025
2016,FEMALE,TEST,Name6026,100,6026
2016,FEMALE,TEST,Name6027,100,6027
2016,FEMALE,TEST,Name6028,100,6028
2016,FEMALE,TEST,Name6029,100,6029
2016,FEMALE,TEST,Name6030,100,6030
2016,FEMALE,TEST,Name6031,100,6031
2016,FEMALE,TEST,Name6032,100,6032
2016,FEMALE,TEST,Name6033,100,6033
2016,FEMALE,TEST,Name6034,100,6034
2016,FEMALE,TEST,Name6035,100,6035
2016,FEMALE,TEST,Name6036,100,6036
2016,FEMALE,TEST,Name6037,100,6037
2016,FEMALE,TEST,Name6038,100,6038
2016,FEMALE,TEST,Name6039,100,6039
2016,FEMALE,TEST,Name6040,100,6040
2016,FEMALE,TEST,Name6041,100,6041
2016,FEMALE,TEST,Name6042,100,6042
2016,FEMALE,TEST,Name6043,100,6043
2016,FEMALE,TEST,Name6044,100,6044
2016,FEMALE,TEST,Name6045,100,6045
2016,FEMALE,TEST,Name6046,100,6046
2016,FEMALE,TEST,Name6047,100,6047
2016,FEMALE,TEST,Name6048,100,6048
2016,FEMALE,TEST,Name6049,100,6049
2016,FEMALE,TEST,Name6050,100,6050
2016,FEMALE,TEST,Name6051,100,6051
2016,FEMALE,TEST,Name6052,100,6052
2016,FEMALE,TEST,Name6053,100,6053
2016,FEMALE,TEST,Name6054,100,6054
2016,FEMALE,TEST,Name6055,100,6055
2016,FEMALE,TEST,Name6056,100,6056
2016,FEMALE,TEST,Name6057,100,6057
2016,FEMALE,TEST,Name6058,100,6058
2016,FEMALE,TEST,Name6059,100,6059
2016,FEMALE,TEST,Name6060,100,6060
2016,FEMALE,TEST,Name6061,100,6061
2016,FEMALE,TEST,Name6062,100,6062
2016,FEMALE,TEST,Name6063,100,6063
2016,FEMALE,TEST,Name6064,100,6064
2016,FEMALE,TEST,Name6065,100,6065
2016,FEMALE,TEST,Name6066,100,6066
2016,FEMALE,TEST,Name6067,100,6067
2016,FEMALE,TEST,Name6068,100,6068
2016,FEMALE,TEST,Name6069,100,6069
2016,FEMALE,TEST,Name6070,100,6070
2016,FEMALE,TEST,Name6071,100,6071
2016,FEMALE,TEST,Name6072,100,6072
2016,FEMALE,TEST,Name6073,100,6073
2016,FEMALE,TEST,Name6074,100,6074
2016,FEMALE,TEST,Name6075,100,6075
2016,FEMALE,TEST,Name6076,100,6076
2016,FEMALE,TEST,Name6077,100,6077
2016,FEMALE,TEST,Name6078,100,6078
2016,FEMALE,TEST,Name6079,100,6079
2016,FEMALE,TEST,Name6080,100,6080
2016,FEMALE,TEST,Name6081,100,6081
2016,FEMALE,TEST,Name6082,100,6082
2016,FEMALE,TEST,Name6083,100,6083
2016,FEMALE,TEST,Name6084,100,6084
2016,FEMALE,TEST,Name6085,100,6085
2016,FEMALE,TEST,Name6086,100,6086
2016,FEMALE,TEST,Name6087,100,6087
2016,FEMALE,TEST,Name6088,100,6088
2016,FEMALE,TEST,Name6089,100,6089
2016,FEMALE,TEST,Name6090,100,6090
2016,FEMALE,TEST,Name6091,100,6091
2016,FEMALE,TEST,Name6092,100,6092
2016,FEMALE,TEST,Name6093,100,6093
2016,FEMALE,TEST,Name6094,100,6094
2016,FEMALE,TEST,Name6095,100,6095
2016,FEMALE,TEST,Name6096,100,6096
2016,FEMALE,TEST,Name6097,100,6097
2016,FEMALE,TEST,Name6098,100,6098
2016,FEMALE,TEST,Name6099,100,6099
2016,FEMALE,TEST,Name6100,100,6100
2016,FEMALE,TEST,Name6101,100,6101
2016,FEMALE,TEST,Name6102,100,6102
2016,FEMALE,TEST,Name6103,100,6103
2016,FEMALE,TEST,Name6104,100,6104
2016,FEMALE,TEST,Name6105,100,6105
2016,FEMALE,TEST,Name6106,100,6106
2016,FEMALE,TEST,Name6107,100,6107
2016,FEMALE,TEST,Name6108,100,6108
2016,FEMALE,TEST,Name6109,100,6109
2016,FEMALE,TEST,Name6110,100,6110
2016,FEMALE,TEST,Name6111,100,6111
2016,FEMALE,TEST,Name6112,100,6112
2016,FEMALE,TEST,Name6113,100,6113
2016,FEMALE,TEST,Name6114,100,6114
2016,FEMALE,TEST,Name6115,100,6115
2016,FEMALE,TEST,Name6116,100,6116
2016,FEMALE,TEST,Name6117,100,6117
2016,FEMALE,TEST,Name6118,100,6118
2016,FEMALE,TEST,Name6119,100,6119
2016,FEMALE,TEST,Name6120,100,6120
2016,FEMALE,TEST,Name6121,100,6121
2016,FEMALE,TEST,Name6122,100,6122
2016,FEMALE,TEST,Name6123,100,6123
2016,FEMALE,TEST,Name6124,100,6124
2016,FEMALE,TEST,Name6125,100,6125
2016,FEMALE,TEST,Name6126,100,6126
2016,FEMALE,TEST,Name6127,100,6127
2016,FEMALE,TEST,Name6128,100,6128
2016,FEMALE,TEST,Name6129,100,6129
2016,FEMALE,TEST,Name6130,100,6130
2016,FEMALE,TEST,Name6131,100,6131
2016,FEMALE,TEST,Name6132,100,6132
2016,FEMALE,TEST,Name6133,100,6133
2016,FEMALE,TEST,Name6134,100,6134
2016,FEMALE,TEST,Name6135,100,6135
2016,FEMALE,TEST,Name6136,100,6136
2016,FEMALE,TEST,Name6137,100,6137
2016,FEMALE,TEST,Name6138,100,6138
2016,FEMALE,TEST,Name6139,100,6139
2016,FEMALE,TEST,Name6140,100,6140
2016,FEMALE,TEST,Name6141,100,6141
2016,FEMALE,TEST,Name6142,100,6142
2016,FEMALE,TEST,Name6143,100,6143
2016,FEMALE,TEST,Name6144,100,6144
2016,FEMALE,TEST,Name6145,100,6145
2016,FEMALE,TEST,Name6146,100,6146
2016,FEMALE,TEST,Name6147,100,6147
2016,FEMALE,TEST,Name6148,100,6148
2016,FEMALE,TEST,Name6149,100,6149
2016,FEMALE,TEST,Name6150,100,6150
2016,FEMALE,TEST,Name6151,100,6151
2016,FEMALE,TEST,Name6152,100,6152
2016,FEMALE,TEST,Name6153,100,6153
2016,FEMALE,TEST,Name6154,100,6154
2016,FEMALE,TEST,Name6155,100,6155
2016,FEMALE,TEST,Name6156,100,6156
2016,FEMALE,TEST,Name6157,100,6157
2016,FEMALE,TEST,Name6158,100,6158
2016,FEMALE,TEST,Name6159,100,6159
2016,FEMALE,TEST,Name6160,100,6160
2016,FEMALE,TEST,Name6161,100,6161
2016,FEMALE,TEST,Name6162,100,6162
2016,FEMALE,TEST,Name6163,100,6163
2016,FEMALE,TEST,Name6164,100,6164
2016,FEMALE,TEST,Name6165,100,6165
2016,FEMALE,TEST,Name6166,100,6166
2016,FEMALE,TEST,Name6167,100,6167
2016,FEMALE,TEST,Name6168,100,6168
2016,FEMALE,TEST,Name6169,100,6169
2016,FEMALE,TEST,Name6170,100,6170
2016,FEMALE,TEST,Name6171,100,6171
2016,FEMALE,TEST,Name6172,100,6172
2016,FEMALE,TEST,Name6173,100,6173
2016,FEMALE,TEST,Name6174,100,6174
2016,FEMALE,TEST,Name6175,100,6175
2016,FEMALE,TEST,Name6176,100,6176
2016,FEMALE,TEST,Name6177,100,6177
2016,FEMALE,TEST,Name6178,100,6178
2016,FEMALE,TEST,Name6179,100,6179
2016,FEMALE,TEST,Name6180,100,6180
2016,FEMALE,TEST,Name6181,100,6181
2016,FEMALE,TEST,Name6182,100,6182
2016,FEMALE,TEST,Name6183,100,6183
2016,FEMALE,TEST,Name6184,100,6184
2016,FEMALE,TEST,Name6185,100,6185
2016,FEMALE,TEST,Name6186,100,6186
2016,FEMALE,TEST,Name6187,100,6187
2016,FEMALE,TEST,Name6188,100,6188
2016,FEMALE,TEST,Name6189,100,6189
2016,FEMALE,TEST,Name6190,100,6190
2016,FEMALE,TEST,Name6191,100,6191
2016,FEMALE,TEST,Name6192,100,6192
2016,FEMALE,TEST,Name6193,100,6193
2016,FEMALE,TEST,Name6194,100,6194
2016,FEMALE,TEST,Name6195,100,6195
2016,FEMALE,TEST,Name6196,100,6196
2016,FEMALE,TEST,Name6197,100,6197
2016,FEMALE,TEST,Name6198,100,6198
2016,FEMALE,TEST,Name6199,100,6199
2016,FEMALE,TEST,Name6200,100,6200
2016,FEMALE,TEST,Name6201,100,6201
2016,FEMALE,TEST,Name6202,100,6202
2016,FEMALE,TEST,Name6203,100,6203
2016,FEMALE,TEST,Name6204,100,6204
2016,FEMALE,TEST,Name6205,100,6205
2016,FEMALE,TEST,Name6206,100,6206
2016,FEMALE,TEST,Name6207,100,6207
2016,FEMALE,TEST,Name6208,100,6208
2016,FEMALE,TEST,Name6209,100,6209
2016,FEMALE,TEST,Name6210,100,6210
2016,FEMALE,TEST,Name6211,100,6211
2016,FEMALE,TEST,Name6212,100,6212
2016,FEMALE,TEST,Name6213,100,6213
2016,FEMALE,TEST,Name6214,100,6214
2016,FEMALE,TEST,Name6215,100,6215
2016,FEMALE,TEST,Name6216,100,6216
2016,FEMALE,TEST,Name6217,100,6217
2016,FEMALE,TEST,Name6218,100,6218
2016,FEMALE,TEST,Name6219,100,6219
2016,FEMALE,TEST,Name6220,100,6220
2016,FEMALE,TEST,Name6221,100,6221
2016,FEMALE,TEST,Name6222,100,6222
2016,FEMALE,TEST,Name6223,100,6223
2016,FEMALE,TEST,Name6224,100,6224
2016,FEMALE,TEST,Name6225,100,6225
2016,FEMALE,TEST,Name6226,100,6226
2016,FEMALE,TEST,Name6227,100,6227
2016,FEMALE,TEST,Name6228,100,6228
2016,FEMALE,TEST,Name6229,100,6229
2016,FEMALE,TEST,Name6230,100,6230
2016,FEMALE,TEST,Name6231,100,6231
2016,FEMALE,TEST,Name6232,100,6232
2016,FEMALE,TEST,Name6233,100,6233
2016,FEMALE,TEST,Name6234,100,6234
2016,FEMALE,TEST,Name6235,100,6235
2016,FEMALE,TEST,Name6236,100,6236
2016,FEMALE,TEST,Name6237,100,6237
2016,FEMALE,TEST,Name6238,100,6238
2016,FEMALE,TEST,Name6239,100,6239
2016,FEMALE,TEST,Name6240,100,6240
2016,FEMALE,TEST,Name6241,100,6241
2016,FEMALE,TEST,Name6242,100,6242
2016,FEMALE,TEST,Name6243,100,6243
2016,FEMALE,TEST,Name6244,100,6244
2016,FEMALE,TEST,Name6245,100,6245
2016,FEMALE,TEST,Name6246,100,6246
2016,FEMALE,TEST,Name6247,100,6247
2016,FEMALE,TEST,Name6248,100,6248
2016,FEMALE,TEST,Name6249,100,6249
2016,FEMALE,TEST,Name6250,100,6250
2016,FEMALE,TEST,Name6251,100,6251
2016,FEMALE,TEST,Name6252,100,6252
2016,FEMALE,TEST,Name6253,100,6253
2016,FEMALE,TEST,Name6254,100,6254
2016,FEMALE,TEST,Name6255,100,6255
2016,FEMALE,TEST,Name6256,100,6256
2016,FEMALE,TEST,Name6257,100,6257
2016,FEMALE,TEST,Name6258,100,6258
2016,FEMALE,TEST,Name6259,100,6259
2016,FEMALE,TEST,Name6260,100,6260
2016,FEMALE,TEST,Name6261,100,6261
2016,FEMALE,TEST,Name6262,100,6262
2016,FEMALE,TEST,Name6263,100,6263
2016,FEMALE,TEST,Name6264,100,6264
2016,FEMALE,TEST,Name6265,100,6265
2016,FEMALE,TEST,Name6266,100,6266
2016,FEMALE,TEST,Name6267,100,6267
2016,FEMALE,TEST,Name6268,100,6268
2016,FEMALE,TEST,Name6269,100,6269
2016,FEMALE,TEST,Name6270,100,6270
2016,FEMALE,TEST,Name6271,100,6271
2016,FEMALE,TEST,Name6272,100,6272
2016,FEMALE,TEST,Name6273,100,6273
2016,FEMALE,TEST,Name6274,100,6274
2016,FEMALE,TEST,Name6275,100,6275
2016,FEMALE,TEST,Name6276,100,6276
2016,FEMALE,TEST,Name6277,100,6277
2016,FEMALE,TEST,Name6278,100,6278
2016,FEMALE,TEST,Name6279,100,6279
2016,FEMALE,TEST,Name6280,100,6280
2016,FEMALE,TEST,Name6281,100,6281
2016,FEMALE,TEST,Name6282,100,6282
2016,FEMALE,TEST,Name6283,100,6283
2016,FEMALE,TEST,Name6284,100,6284
2016,FEMALE,TEST,Name6285,100,6285
2016,FEMALE,TEST,Name6286,100,6286
2016,FEMALE,TEST,Name6287,100,6287
2016,FEMALE,TEST,Name6288,100,6288
2016,FEMALE,TEST,Name6289,100,6289
2016,FEMALE,TEST,Name6290,100,6290
2016,FEMALE,TEST,Name6291,100,6291
2016,FEMALE,TEST,Name6292,100,6292
2016,FEMALE,TEST,Name6293,100,6293
2016,FEMALE,TEST,Name6294,100,6294
2016,FEMALE,TEST,Name6295,100,6295
2016,FEMALE,TEST,Name6296,100,6296
2016,FEMALE,TEST,Name6297,100,6297
2016,FEMALE,TEST,Name6298,100,6298
2016,FEMALE,TEST,Name6299,100,6299
2016,FEMALE,TEST,Name6300,100,6300
2016,FEMALE,TEST,Name6301,100,6301
2016,FEMALE,TEST,Name6302,100,6302
2016,FEMALE,TEST,Name6303,100,6303
2016,FEMALE,TEST,Name6304,100,6304
2016,FEMALE,TEST,Name6305,100,6305
2016,FEMALE,TEST,Name6306,100,6306
2016,FEMALE,TEST,Name6307,100,6307
2016,FEMALE,TEST,Name6308,100,6308
2016,FEMALE,TEST,Name6309,100,6309
2016,FEMALE,TEST,Name6310,100,6310
2016,FEMALE,TEST,Name6311,100,6311
2016,FEMALE,TEST,Name6312,100,6312
2016,FEMALE,TEST,Name6313,100,6313
2016,FEMALE,TEST,Name6314,100,6314
2016,FEMALE,TEST,Name6315,100,6315
2016,FEMALE,TEST,Name6316,100,6316
2016,FEMALE,TEST,Name6317,100,6317
2016,FEMALE,TEST,Name6318,100,6318
2016,FEMALE,TEST,Name6319,100,6319
2016,FEMALE,TEST,Name6320,100,6320
2016,FEMALE,TEST,Name6321,100,6321
2016,FEMALE,TEST,Name6322,100,6322
2016,FEMALE,TEST,Name6323,100,6323
2016,FEMALE,TEST,Name6324,100,6324
2016,FEMALE,TEST,Name6325,100,6325
2016,FEMALE,TEST,Name6326,100,6326
2016,FEMALE,TEST,Name6327,100,6327
2016,FEMALE,TEST,Name6328,100,6328
2016,FEMALE,TEST,Name6329,100,6329
2016,FEMALE,TEST,Name6330,100,6330
2016,FEMALE,TEST,Name6331,100,6331
2016,FEMALE,TEST,Name6332,100,6332
2016,FEMALE,TEST,Name6333,100,6333
2016,FEMALE,TEST,Name6334,100,6334
2016,FEMALE,TEST,Name6335,100,6335
2016,FEMALE,TEST,Name6336,100,6336
2016,FEMALE,TEST,Name6337,100,6337
2016,FEMALE,TEST,Name6338,100,6338
2016,FEMALE,TEST,Name6339,100,6339
2016,FEMALE,TEST,Name6340,100,6340
2016,FEMALE,TEST,Name6341,100,6341
2016,FEMALE,TEST,Name6342,100,6342
2016,FEMALE,TEST,Name6343,100,6343
2016,FEMALE,TEST,Name6344,100,6344
2016,FEMALE,TEST,Name6345,100,6345
2016,FEMALE,TEST,Name6346,100,6346
2016,FEMALE,TEST,Name6347,100,6347
2016,FEMALE,TEST,Name6348,100,6348
2016,FEMALE,TEST,Name6349,100,6349
2016,FEMALE,TEST,Name6350,100,6350
2016,FEMALE,TEST,Name6351,100,6351
2016,FEMALE,TEST,Name6352,100,6352
2016,FEMALE,TEST,Name6353,100,6353
2016,FEMALE,TEST,Name6354,100,6354
2016,FEMALE,TEST,Name6355,100,6355
2016,FEMALE,TEST,Name6356,100,6356
2016,FEMALE,TEST,Name6357,100,6357
2016,FEMALE,TEST,Name6358,100,6358
2016,FEMALE,TEST,Name6359,100,6359
2016,FEMALE,TEST,Name6360,100,6360
2016,FEMALE,TEST,Name6361,100,6361
2016,FEMALE,TEST,Name6362,100,6362
2016,FEMALE,TEST,Name6363,100,6363
2016,FEMALE,TEST,Name6364,100,6364
2016,FEMALE,TEST,Name6365,100,6365
2016,FEMALE,TEST,Name6366,100,6366
2016,FEMALE,TEST,Name6367,100,6367
2016,FEMALE,TEST,Name6368,100,6368
2016,FEMALE,TEST,Name6369,100,6369
2016,FEMALE,TEST,Name6370,100,6370
2016,FEMALE,TEST,Name6371,100,6371
2016,FEMALE,TEST,Name6372,100,6372
2016,FEMALE,TEST,Name6373,100,6373
2016,FEMALE,TEST,Name6374,100,6374
2016,FEMALE,TEST,Name6375,100,6375
2016,FEMALE,TEST,Name6376,100,6376
2016,FEMALE,TEST,Name6377,100,6377
2016,FEMALE,TEST,Name6378,100,6378
2016,FEMALE,TEST,Name6379,100,6379
2016,FEMALE,TEST,Name6380,100,6380
2016,FEMALE,TEST,Name6381,100,6381
2016,FEMALE,TEST,Name6382,100,6382
2016,FEMALE,TEST,Name6383,100,6383
2016,FEMALE,TEST,Name6384,100,6384
2016,FEMALE,TEST,Name6385,100,6385
2016,FEMALE,TEST,Name6386,100,6386
2016,FEMALE,TEST,Name6387,100,6387
2016,FEMALE,TEST,Name6388,100,6388
2016,FEMALE,TEST,Name6389,100,6389
2016,FEMALE,TEST,Name6390,100,6390
2016,FEMALE,TEST,Name6391,100,6391
2016,FEMALE,TEST,Name6392,100,6392
2016,FEMALE,TEST,Name6393,100,6393
2016,FEMALE,TEST,Name6394,100,6394
2016,FEMALE,TEST,Name6395,100,6395
2016,FEMALE,TEST,Name6396,100,6396
2016,FEMALE,TEST,Name6397,100,6397
2016,FEMALE,TEST,Name6398,100,6398
2016,FEMALE,TEST,Name6399,100,6399
2016,FEMALE,TEST,Name6400,100,6400
2016,FEMALE,TEST,Name6401,100,6401
2016,FEMALE,TEST,Name6402,100,6402
2016,FEMALE,TEST,Name6403,100,6403
2016,FEMALE,TEST,Name6404,100,6404
2016,FEMALE,TEST,Name6405,100,6405
2016,FEMALE,TEST,Name6406,100,6406
2016,FEMALE,TEST,Name6407,100,6407
2016,FEMALE,TEST,Name6408,100,6408
2016,FEMALE,TEST,Name6409,100,6409
2016,FEMALE,TEST,Name6410,100,6410
2016,FEMALE,TEST,Name6411,100,6411
2016,FEMALE,TEST,Name6412,100,6412
2016,FEMALE,TEST,Name6413,100,6413
2016,FEMALE,TEST,Name6414,100,6414
2016,FEMALE,TEST,Name6415,100,6415
2016,FEMALE,TEST,Name6416,100,6416
2016,FEMALE,TEST,Name6417,100,6417
2016,FEMALE,TEST,Name6418,100,6418
2016,FEMALE,TEST,Name6419,100,6419
2016,FEMALE,TEST,Name6420,100,6420
2016,FEMALE,TEST,Name6421,100,6421
2016,FEMALE,TEST,Name6422,100,6422
2016,FEMALE,TEST,Name6423,100,6423
2016,FEMALE,TEST,Name6424,100,6424
2016,FEMALE,TEST,Name6425,100,6425
2016,FEMALE,TEST,Name6426,100,6426
2016,FEMALE,TEST,Name6427,100,6427
2016,FEMALE,TEST,Name6428,100,6428
2016,FEMALE,TEST,Name6429,100,6429
2016,FEMALE,TEST,Name6430,100,6430
2016,FEMALE,TEST,Name6431,100,6431
2016,FEMALE,TEST,Name6432,100,6432
2016,FEMALE,TEST,Name6433,100,6433
2016,FEMALE,TEST,Name6434,100,6434
2016,FEMALE,TEST,Name6435,100,6435
2016,FEMALE,TEST,Name6436,100,6436
2016,FEMALE,TEST,Name6437,100,6437
2016,FEMALE,TEST,Name6438,100,6438
2016,FEMALE,TEST,Name6439,100,6439
2016,FEMALE,TEST,Name6440,100,6440
2016,FEMALE,TEST,Name6441,100,6441
2016,FEMALE,TEST,Name6442,100,6442
2016,FEMALE,TEST,Name6443,100,6443
2016,FEMALE,TEST,Name6444,100,6444
2016,FEMALE,TEST,Name6445,100,6445
2016,FEMALE,TEST,Name6446,100,6446
2016,FEMALE,TEST,Name6447,100,6447
2016,FEMALE,TEST,Name6448,100,6448
2016,FEMALE,TEST,Name6449,100,6449
2016,FEMALE,TEST,Name6450,100,6450
2016,FEMALE,TEST,Name6451,100,6451
2016,FEMALE,TEST,Name6452,100,6452
2016,FEMALE,TEST,Name6453,100,6453
2016,FEMALE,TEST,Name6454,100,6454
2016,FEMALE,TEST,Name6455,100,6455
2016,FEMALE,TEST,Name6456,100,6456
2016,FEMALE,TEST,Name6457,100,6457
2016,FEMALE,TEST,Name6458,100,6458
2016,FEMALE,TEST,Name6459,100,6459
2016,FEMALE,TEST,Name6460,100,6460
2016,FEMALE,TEST,Name6461,100,6461
2016,FEMALE,TEST,Name6462,100,6462
2016,FEMALE,TEST,Name6463,100,6463
2016,FEMALE,TEST,Name6464,100,6464
2016,FEMALE,TEST,Name6465,100,6465
2016,FEMALE,TEST,Name6466,100,6466
2016,FEMALE,TEST,Name6467,100,6467
2016,FEMALE,TEST,Name6468,100,6468
2016,FEMALE,TEST,Name6469,100,6469
2016,FEMALE,TEST,Name6470,100,6470
2016,FEMALE,TEST,Name6471,100,6471
2016,FEMALE,TEST,Name6472,100,6472
2016,FEMALE,TEST,Name6473,100,6473
2016,FEMALE,TEST,Name6474,100,6474
2016,FEMALE,TEST,Name6475,100,6475
2016,FEMALE,TEST,Name6476,100,6476
2016,FEMALE,TEST,Name6477,100,6477
2016,FEMALE,TEST,Name6478,100,6478
2016,FEMALE,TEST,Name6479,100,6479
2016,FEMALE,TEST,Name6480,100,6480
2016,FEMALE,TEST,Name6481,100,6481
2016,FEMALE,TEST,Name6482,100,6482
2016,FEMALE,TEST,Name6483,100,6483
2016,FEMALE,TEST,Name6484,100,6484
2016,FEMALE,TEST,Name6485,100,6485
2016,FEMALE,TEST,Name6486,100,6486
2016,FEMALE,TEST,Name6487,100,6487
2016,FEMALE,TEST,Name6488,100,6488
2016,FEMALE,TEST,Name6489,100,6489
2016,FEMALE,TEST,Name6490,100,6490
2016,FEMALE,TEST,Name6491,100,6491
2016,FEMALE,TEST,Name6492,100,6492
2016,FEMALE,TEST,Name6493,100,6493
2016,FEMALE,TEST,Name6494,100,6494
2016,FEMALE,TEST,Name6495,100,6495
2016,FEMALE,TEST,Name6496,100,6496
2016,FEMALE,TEST,Name6497,100,6497
2016,FEMALE,TEST,Name6498,100,6498
2016,FEMALE,TEST,Name6499,100,6499
2016,FEMALE,TEST,Name6500,100,6500
2016,FEMALE,TEST,Name6501,100,6501
2016,FEMALE,TEST,Name6502,100,6502
2016,FEMALE,TEST,Name6503,100,6503
2016,FEMALE,TEST,Name6504,100,6504
2016,FEMALE,TEST,Name6505,100,6505
2016,FEMALE,TEST,Name6506,100,6506
2016,FEMALE,TEST,Name6507,100,6507
2016,FEMALE,TEST,Name6508,100,6508
2016,FEMALE,TEST,Name6509,100,6509
2016,FEMALE,TEST,Name6510,100,6510
2016,FEMALE,TEST,Name6511,100,6511
2016,FEMALE,TEST,Name6512,100,6512
2016,FEMALE,TEST,Name6513,100,6513
2016,FEMALE,TEST,Name6514,100,6514
2016,FEMALE,TEST,Name6515,100,6515
2016,FEMALE,TEST,Name6516,100,6516
2016,FEMALE,TEST,Name6517,100,6517
2016,FEMALE,TEST,Name6518,100,6518
2016,FEMALE,TEST,Name6519,100,6519
2016,FEMALE,TEST,Name6520,100,6520
2016,FEMALE,TEST,Name6521,100,6521
2016,FEMALE,TEST,Name6522,100,6522
2016,FEMALE,TEST,Name6523,100,6523
2016,FEMALE,TEST,Name6524,100,6524
2016,FEMALE,TEST,Name6525,100,6525
2016,FEMALE,TEST,Name6526,100,6526
2016,FEMALE,TEST,Name6527,100,6527
2016,FEMALE,TEST,Name6528,100,6528
2016,FEMALE,TEST,Name6529,100,6529
2016,FEMALE,TEST,Name6530,100,6530
2016,FEMALE,TEST,Name6531,100,6531
2016,FEMALE,TEST,Name6532,100,6532
2016,FEMALE,TEST,Name6533,100,6533
2016,FEMALE,TEST,Name6534,100,6534
2016,FEMALE,TEST,Name6535,100,6535
2016,FEMALE,TEST,Name6536,100,6536
2016,FEMALE,TEST,Name6537,100,6537
2016,FEMALE,TEST,Name6538,100,6538
2016,FEMALE,TEST,Name6539,100,6539
2016,FEMALE,TEST,Name6540,100,6540
2016,FEMALE,TEST,Name6541,100,6541
2016,FEMALE,TEST,Name6542,100,6542
2016,FEMALE,TEST,Name6543,100,6543
2016,FEMALE,TEST,Name6544,100,6544
2016,FEMALE,TEST,Name6545,100,6545
2016,FEMALE,TEST,Name6546,100,6546
2016,FEMALE,TEST,Name6547,100,6547
2016,FEMALE,TEST,Name6548,100,6548
2016,FEMALE,TEST,Name6549,100,6549
2016,FEMALE,TEST,Name6550,100,6550
2016,FEMALE,TEST,Name6551,100,6551
2016,FEMALE,TEST,Name6552,100,6552
2016,FEMALE,TEST,Name6553,100,6553
2016,FEMALE,TEST,Name6554,100,6554
2016,FEMALE,TEST,Name6555,100,6555
2016,FEMALE,TEST,Name6556,100,6556
2016,FEMALE,TEST,Name6557,100,6557
2016,FEMALE,TEST,Name6558,100,6558
2016,FEMALE,TEST,Name6559,100,6559
2016,FEMALE,TEST,Name6560,100,6560
2016,FEMALE,TEST,Name6561,100,6561
2016,FEMALE,TEST,Name6562,100,6562
2016,FEMALE,TEST,Name6563,100,6563
2016,FEMALE,TEST,Name6564,100,6564
2016,FEMALE,TEST,Name6565,100,6565
2016,FEMALE,TEST,Name6566,100,6566
2016,FEMALE,TEST,Name6567,100,6567
2016,FEMALE,TEST,Name6568,100,6568
2016,FEMALE,TEST,Name6569,100,6569
2016,FEMALE,TEST,Name6570,100,6570
2016,FEMALE,TEST,Name6571,100,6571
2016,FEMALE,TEST,Name6572,100,6572
2016,FEMALE,TEST,Name6573,100,6573
2016,FEMALE,TEST,Name6574,100,6574
2016,FEMALE,TEST,Name6575,100,6575
2016,FEMALE,TEST,Name6576,100,6576
2016,FEMALE,TEST,Name6577,100,6577
2016,FEMALE,TEST,Name6578,100,6578
2016,FEMALE,TEST,Name6579,100,6579
2016,FEMALE,TEST,Name6580,100,6580
2016,FEMALE,TEST,Name6581,100,6581
2016,FEMALE,TEST,Name6582,100,6582
2016,FEMALE,TEST,Name6583,100,6583
2016,FEMALE,TEST,Name6584,100,6584
2016,FEMALE,TEST,Name6585,100,6585
2016,FEMALE,TEST,Name6586,100,6586
2016,FEMALE,TEST,Name6587,100,6587
2016,FEMALE,TEST,Name6588,100,6588
2016,FEMALE,TEST,Name6589,100,6589
2016,FEMALE,TEST,Name6590,100,6590
2016,FEMALE,TEST,Name6591,100,6591
2016,FEMALE,TEST,Name6592,100,6592
2016,FEMALE,TEST,Name6593,100,6593
2016,FEMALE,TEST,Name6594,100,6594
2016,FEMALE,TEST,Name6595,100,6595
2016,FEMALE,TEST,Name6596,100,6596
2016,FEMALE,TEST,Name6597,100,6597
2016,FEMALE,TEST,Name6598,100,6598
2016,FEMALE,TEST,Name6599,100,6599
2016,FEMALE,TEST,Name6600,100,6600
2016,FEMALE,TEST,Name6601,100,6601
2016,FEMALE,TEST,Name6602,100,6602
2016,FEMALE,TEST,Name6603,100,6603
2016,FEMALE,TEST,Name6604,100,6604
2016,FEMALE,TEST,Name6605,100,6605
2016,FEMALE,TEST,Name6606,100,6606
2016,FEMALE,TEST,Name6607,100,6607
2016,FEMALE,TEST,Name6608,100,6608
2016,FEMALE,TEST,Name6609,100,6609
2016,FEMALE,TEST,Name6610,100,6610
2016,FEMALE,TEST,Name6611,100,6611
2016,FEMALE,TEST,Name6612,100,6612
2016,FEMALE,TEST,Name6613,100,6613
2016,FEMALE,TEST,Name6614,100,6614
2016,FEMALE,TEST,Name6615,100,6615
2016,FEMALE,TEST,Name6616,100,6616
2016,FEMALE,TEST,Name6617,100,6617
2016,FEMALE,TEST,Name6618,100,6618
2016,FEMALE,TEST,Name6619,100,6619
2016,FEMALE,TEST,Name6620,100,6620
2016,FEMALE,TEST,Name6621,100,6621
2016,FEMALE,TEST,Name6622,100,6622
2016,FEMALE,TEST,Name6623,100,6623
2016,FEMALE,TEST,Name6624,100,6624
2016,FEMALE,TEST,Name6625,100,6625
2016,FEMALE,TEST,Name6626,100,6626
2016,FEMALE,TEST,Name6627,100,6627
2016,FEMALE,TEST,Name6628,100,6628
2016,FEMALE,TEST,Name6629,100,6629
2016,FEMALE,TEST,Name6630,100,6630
2016,FEMALE,TEST,Name6631,100,6631
2016,FEMALE,TEST,Name6632,100,6632
2016,FEMALE,TEST,Name6633,100,6633
2016,FEMALE,TEST,Name6634,100,6634
2016,FEMALE,TEST,Name6635,100,6635
2016,FEMALE,TEST,Name6636,100,6636
2016,FEMALE,TEST,Name6637,100,6637
2016,FEMALE,TEST,Name6638,100,6638
2016,FEMALE,TEST,Name6639,100,6639
2016,FEMALE,TEST,Name6640,100,6640
2016,FEMALE,TEST,Name6641,100,6641
2016,FEMALE,TEST,Name6642,100,6642
2016,FEMALE,TEST,Name6643,100,6643
2016,FEMALE,TEST,Name6644,100,6644
2016,FEMALE,TEST,Name6645,100,6645
2016,FEMALE,TEST,Name6646,100,6646
2016,FEMALE,TEST,Name6647,100,6647
2016,FEMALE,TEST,Name6648,100,6648
2016,FEMALE,TEST,Name6649,100,6649
2016,FEMALE,TEST,Name6650,100,6650
2016,FEMALE,TEST,Name6651,100,6651
2016,FEMALE,TEST,Name6652,100,6652
2016,FEMALE,TEST,Name6653,100,6653
2016,FEMALE,TEST,Name6654,100,6654
2016,FEMALE,TEST,Name6655,100,6655
2016,FEMALE,TEST,Name6656,100,6656
2016,FEMALE,TEST,Name6657,100,6657
2016,FEMALE,TEST,Name6658,100,6658
2016,FEMALE,TEST,Name6659,100,6659
2016,FEMALE,TEST,Name6660,100,6660
2016,FEMALE,TEST,Name6661,100,6661
2016,FEMALE,TEST,Name6662,100,6662
2016,FEMALE,TEST,Name6663,100,6663
2016,FEMALE,TEST,Name6664,100,6664
2016,FEMALE,TEST,Name6665,100,6665
2016,FEMALE,TEST,Name6666,100,6666
2016,FEMALE,TEST,Name6667,100,6667
2016,FEMALE,TEST,Name6668,100,6668
2016,FEMALE,TEST,Name6669,100,6669
2016,FEMALE,TEST,Name6670,100,6670
2016,FEMALE,TEST,Name6671,100,6671
2016,FEMALE,TEST,Name6672,100,6672
2016,FEMALE,TEST,Name6673,100,6673
2016,FEMALE,TEST,Name6674,100,6674
2016,FEMALE,TEST,Name6675,100,6675
2016,FEMALE,TEST,Name6676,100,6676
2016,FEMALE,TEST,Name6677,100,6677
2016,FEMALE,TEST,Name6678,100,6678
2016,FEMALE,TEST,Name6679,100,6679
2016,FEMALE,TEST,Name6680,100,6680
2016,FEMALE,TEST,Name6681,100,6681
2016,FEMALE,TEST,Name6682,100,6682
2016,FEMALE,TEST,Name6683,100,6683
2016,FEMALE,TEST,Name6684,100,6684
2016,FEMALE,TEST,Name6685,100,6685
2016,FEMALE,TEST,Name6686,100,6686
2016,FEMALE,TEST,Name6687,100,6687
2016,FEMALE,TEST,Name6688,100,6688
2016,FEMALE,TEST,Name6689,100,6689
2016,FEMALE,TEST,Name6690,100,6690
2016,FEMALE,TEST,Name6691,100,6691
2016,FEMALE,TEST,Name6692,100,6692
2016,FEMALE,TEST,Name6693,100,6693
2016,FEMALE,TEST,Name6694,100,6694
2016,FEMALE,TEST,Name6695,100,6695
2016,FEMALE,TEST,Name6696,100,6696
2016,FEMALE,TEST,Name6697,100,6697
2016,FEMALE,TEST,Name6698,100,6698
2016,FEMALE,TEST,Name6699,100,6699
2016,FEMALE,TEST,Name6700,100,6700
2016,FEMALE,TEST,Name6701,100,6701
2016,FEMALE,TEST,Name6702,100,6702
2016,FEMALE,TEST,Name6703,100,6703
2016,FEMALE,TEST,Name6704,100,6704
2016,FEMALE,TEST,Name6705,100,6705
2016,FEMALE,TEST,Name6706,100,6706
2016,FEMALE,TEST,Name6707,100,6707
2016,FEMALE,TEST,Name6708,100,6708
2016,FEMALE,TEST,Name6709,100,6709
2016,FEMALE,TEST,Name6710,100,6710
2016,FEMALE,TEST,Name6711,100,6711
2016,FEMALE,TEST,Name6712,100,6712
2016,FEMALE,TEST,Name6713,100,6713
2016,FEMALE,TEST,Name6714,100,6714
2016,FEMALE,TEST,Name6715,100,6715
2016,FEMALE,TEST,Name6716,100,6716
2016,FEMALE,TEST,Name6717,100,6717
2016,FEMALE,TEST,Name6718,100,6718
2016,FEMALE,TEST,Name6719,100,6719
2016,FEMALE,TEST,Name6720,100,6720
2016,FEMALE,TEST,Name6721,100,6721
2016,FEMALE,TEST,Name6722,100,6722
2016,FEMALE,TEST,Name6723,100,6723
2016,FEMALE,TEST,Name6724,100,6724
2016,FEMALE,TEST,Name6725,100,6725
2016,FEMALE,TEST,Name6726,100,6726
2016,FEMALE,TEST,Name6727,100,6727
2016,FEMALE,TEST,Name6728,100,6728
2016,FEMALE,TEST,Name6729,100,6729
2016,FEMALE,TEST,Name6730,100,6730
2016,FEMALE,TEST,Name6731,100,6731
2016,FEMALE,TEST,Name6732,100,6732
2016,FEMALE,TEST,Name6733,100,6733
2016,FEMALE,TEST,Name6734,100,6734
2016,FEMALE,TEST,Name6735,100,6735
2016,FEMALE,TEST,Name6736,100,6736
2016,FEMALE,TEST,Name6737,100,6737
2016,FEMALE,TEST,Name6738,100,6738
2016,FEMALE,TEST,Name6739,100,6739
2016,FEMALE,TEST,Name6740,100,6740
2016,FEMALE,TEST,Name6741,100,6741
2016,FEMALE,TEST,Name6742,100,6742
2016,FEMALE,TEST,Name6743,100,6743
2016,FEMALE,TEST,Name6744,100,6744
2016,FEMALE,TEST,Name6745,100,6745
2016,FEMALE,TEST,Name6746,100,6746
2016,FEMALE,TEST,Name6747,100,6747
2016,FEMALE,TEST,Name6748,100,6748
2016,FEMALE,TEST,Name6749,100,6749
2016,FEMALE,TEST,Name6750,100,6750
2016,FEMALE,TEST,Name6751,100,6751
2016,FEMALE,TEST,Name6752,100,6752
2016,FEMALE,TEST,Name6753,100,6753
2016,FEMALE,TEST,Name6754,100,6754
2016,FEMALE,TEST,Name6755,100,6755
2016,FEMALE,TEST,Name6756,100,6756
2016,FEMALE,TEST,Name6757,100,6757
2016,FEMALE,TEST,Name6758,100,6758
2016,FEMALE,TEST,Name6759,100,6759
2016,FEMALE,TEST,Name6760,100,6760
2016,FEMALE,TEST,Name6761,100,6761
2016,FEMALE,TEST,Name6762,100,6762
2016,FEMALE,TEST,Name6763,100,6763
2016,FEMALE,TEST,Name6764,100,6764
2016,FEMALE,TEST,Name6765,100,6765
2016,FEMALE,TEST,Name6766,100,6766
2016,FEMALE,TEST,Name6767,100,6767
2016,FEMALE,TEST,Name6768,100,6768
2016,FEMALE,TEST,Name6769,100,6769
2016,FEMALE,TEST,Name6770,100,6770
2016,FEMALE,TEST,Name6771,100,6771
2016,FEMALE,TEST,Name6772,100,6772
2016,FEMALE,TEST,Name6773,100,6773
2016,FEMALE,TEST,Name6774,100,6774
2016,FEMALE,TEST,Name6775,100,6775
2016,FEMALE,TEST,Name6776,100,6776
2016,FEMALE,TEST,Name6777,100,6777
2016,FEMALE,TEST,Name6778,100,6778
2016,FEMALE,TEST,Name6779,100,6779
2016,FEMALE,TEST,Name6780,100,6780
2016,FEMALE,TEST,Name6781,100,6781
2016,FEMALE,TEST,Name6782,100,6782
2016,FEMALE,TEST,Name6783,100,6783
2016,FEMALE,TEST,Name6784,100,6784
2016,FEMALE,TEST,Name6785,100,6785
2016,FEMALE,TEST,Name6786,100,6786
2016,FEMALE,TEST,Name6787,100,6787
2016,FEMALE,TEST,Name6788,100,6788
2016,FEMALE,TEST,Name6789,100,6789
2016,FEMALE,TEST,Name6790,100,6790
2016,FEMALE,TEST,Name6791,100,6791
2016,FEMALE,TEST,Name6792,100,6792
2016,FEMALE,TEST,Name6793,100,6793
2016,FEMALE,TEST,Name6794,100,6794
2016,FEMALE,TEST,Name6795,100,6795
2016,FEMALE,TEST,Name6796,100,6796
2016,FEMALE,TEST,Name6797,100,6797
2016,FEMALE,TEST,Name6798,100,6798
2016,FEMALE,TEST,Name6799,100,6799
2016,FEMALE,TEST,Name6800,100,6800
2016,FEMALE,TEST,Name6801,100,6801
2016,FEMALE,TEST,Name6802,100,6802
2016,FEMALE,TEST,Name6803,100,6803
2016,FEMALE,TEST,Name6804,100,6804
2016,FEMALE,TEST,Name6805,100,6805
2016,FEMALE,TEST,Name6806,100,6806
2016,FEMALE,TEST,Name6807,100,6807
2016,FEMALE,TEST,Name6808,100,6808
2016,FEMALE,TEST,Name6809,100,6809
2016,FEMALE,TEST,Name6810,100,6810
2016,FEMALE,TEST,Name6811,100,6811
2016,FEMALE,TEST,Name6812,100,6812
2016,FEMALE,TEST,Name6813,100,6813
2016,FEMALE,TEST,Name6814,100,6814
2016,FEMALE,TEST,Name6815,100,6815
2016,FEMALE,TEST,Name6816,100,6816
2016,FEMALE,TEST,Name6817,100,6817
2016,FEMALE,TEST,Name6818,100,6818
2016,FEMALE,TEST,Name6819,100,6819
2016,FEMALE,TEST,Name6820,100,6820
2016,FEMALE,TEST,Name6821,100,6821
2016,FEMALE,TEST,Name6822,100,6822
2016,FEMALE,TEST,Name6823,100,6823
2016,FEMALE,TEST,Name6824,100,6824
2016,FEMALE,TEST,Name6825,100,6825
2016,FEMALE,TEST,Name6826,100,6826
2016,FEMALE,TEST,Name6827,100,6827
2016,FEMALE,TEST,Name6828,100,6828
2016,FEMALE,TEST,Name6829,100,6829
2016,FEMALE,TEST,Name6830,100,6830
2016,FEMALE,TEST,Name6831,100,6831
2016,FEMALE,TEST,Name6832,100,6832
2016,FEMALE,TEST,Name6833,100,6833
2016,FEMALE,TEST,Name6834,100,6834
2016,FEMALE,TEST,Name6835,100,6835
2016,FEMALE,TEST,Name6836,100,6836
2016,FEMALE,TEST,Name6837,100,6837
2016,FEMALE,TEST,Name6838,100,6838
2016,FEMALE,TEST,Name6839,100,6839
2016,FEMALE,TEST,Name6840,100,6840
2016,FEMALE,TEST,Name6841,100,6841
2016,FEMALE,TEST,Name6842,100,6842
2016,FEMALE,TEST,Name6843,100,6843
2016,FEMALE,TEST,Name6844,100,6844
2016,FEMALE,TEST,Name6845,100,6845
2016,FEMALE,TEST,Name6846,100,6846
2016,FEMALE,TEST,Name6847,100,6847
2016,FEMALE,TEST,Name6848,100,6848
2016,FEMALE,TEST,Name6849,100,6849
2016,FEMALE,TEST,Name6850,100,6850
2016,FEMALE,TEST,Name6851,100,6851
2016,FEMALE,TEST,Name6852,100,6852
2016,FEMALE,TEST,Name6853,100,6853
2016,FEMALE,TEST,Name6854,100,6854
2016,FEMALE,TEST,Name6855,100,6855
2016,FEMALE,TEST,Name6856,100,6856
2016,FEMALE,TEST,Name6857,100,6857
2016,FEMALE,TEST,Name6858,100,6858
2016,FEMALE,TEST,Name6859,100,6859
2016,FEMALE,TEST,Name6860,100,6860
2016,FEMALE,TEST,Name6861,100,6861
2016,FEMALE,TEST,Name6862,100,6862
2016,FEMALE,TEST,Name6863,100,6863
2016,FEMALE,TEST,Name6864,100,6864
2016,FEMALE,TEST,Name6865,100,6865
2016,FEMALE,TEST,Name6866,100,6866
2016,FEMALE,TEST,Name6867,100,6867
2016,FEMALE,TEST,Name6868,100,6868
2016,FEMALE,TEST,Name6869,100,6869
2016,FEMALE,TEST,Name6870,100,6870
2016,FEMALE,TEST,Name6871,100,6871
2016,FEMALE,TEST,Name6872,100,6872
2016,FEMALE,TEST,Name6873,100,6873
2016,FEMALE,TEST,Name6874,100,6874
2016,FEMALE,TEST,Name6875,100,6875
2016,FEMALE,TEST,Name6876,100,6876
2016,FEMALE,TEST,Name6877,100,6877
2016,FEMALE,TEST,Name6878,100,6878
2016,FEMALE,TEST,Name6879,100,6879
2016,FEMALE,TEST,Name6880,100,6880
2016,FEMALE,TEST,Name6881,100,6881
2016,FEMALE,TEST,Name6882,100,6882
2016,FEMALE,TEST,Name6883,100,6883
2016,FEMALE,TEST,Name6884,100,6884
2016,FEMALE,TEST,Name6885,100,6885
2016,FEMALE,TEST,Name6886,100,6886
2016,FEMALE,TEST,Name6887,100,6887
2016,FEMALE,TEST,Name6888,100,6888
2016,FEMALE,TEST,Name6889,100,6889
2016,FEMALE,TEST,Name6890,100,6890
2016,FEMALE,TEST,Name6891,100,6891
2016,FEMALE,TEST,Name6892,100,6892
2016,FEMALE,TEST,Name6893,100,6893
2016,FEMALE,TEST,Name6894,100,6894
2016,FEMALE,TEST,Name6895,100,6895
2016,FEMALE,TEST,Name6896,100,6896
2016,FEMALE,TEST,Name6897,100,6897
2016,FEMALE,TEST,Name6898,100,6898
2016,FEMALE,TEST,Name6899,100,6899
2016,FEMALE,TEST,Name6900,100,6900
2016,FEMALE,TEST,Name6901,100,6901
2016,FEMALE,TEST,Name6902,100,6902
2016,FEMALE,TEST,Name6903,100,6903
2016,FEMALE,TEST,Name6904,100,6904
2016,FEMALE,TEST,Name6905,100,6905
2016,FEMALE,TEST,Name6906,100,6906
2016,FEMALE,TEST,Name6907,100,6907
2016,FEMALE,TEST,Name6908,100,6908
2016,FEMALE,TEST,Name6909,100,6909
2016,FEMALE,TEST,Name6910,100,6910
2016,FEMALE,TEST,Name6911,100,6911
2016,FEMALE,TEST,Name6912,100,6912
2016,FEMALE,TEST,Name6913,100,6913
2016,FEMALE,TEST,Name6914,100,6914
2016,FEMALE,TEST,Name6915,100,6915
2016,FEMALE,TEST,Name6916,100,6916
2016,FEMALE,TEST,Name6917,100,6917
2016,FEMALE,TEST,Name6918,100,6918
2016,FEMALE,TEST,Name6919,100,6919
2016,FEMALE,TEST,Name6920,100,6920
2016,FEMALE,TEST,Name6921,100,6921
2016,FEMALE,TEST,Name6922,100,6922
2016,FEMALE,TEST,Name6923,100,6923
2016,FEMALE,TEST,Name6924,100,6924
2016,FEMALE,TEST,Name6925,100,6925
2016,FEMALE,TEST,Name6926,100,6926
2016,FEMALE,TEST,Name6927,100,6927
2016,FEMALE,TEST,Name6928,100,6928
2016,FEMALE,TEST,Name6929,100,6929
2016,FEMALE,TEST,Name6930,100,6930
2016,FEMALE,TEST,Name6931,100,6931
2016,FEMALE,TEST,Name6932,100,6932
2016,FEMALE,TEST,Name6933,100,6933
2016,FEMALE,TEST,Name6934,100,6934
2016,FEMALE,TEST,Name6935,100,6935
2016,FEMALE,TEST,Name6936,100,6936
2016,FEMALE,TEST,Name6937,100,6937
2016,FEMALE,TEST,Name6938,100,6938
2016,FEMALE,TEST,Name6939,100,6939
2016,FEMALE,TEST,Name6940,100,6940
2016,FEMALE,TEST,Name6941,100,6941
2016,FEMALE,TEST,Name6942,100,6942
2016,FEMALE,TEST,Name6943,100,6943
2016,FEMALE,TEST,Name6944,100,6944
2016,FEMALE,TEST,Name6945,100,6945
2016,FEMALE,TEST,Name6946,100,6946
2016,FEMALE,TEST,Name6947,100,6947
2016,FEMALE,TEST,Name6948,100,6948
2016,FEMALE,TEST,Name6949,100,6949
2016,FEMALE,TEST,Name6950,100,6950
2016,FEMALE,TEST,Name6951,100,6951
2016,FEMALE,TEST,Name6952,100,6952
2016,FEMALE,TEST,Name6953,100,6953
2016,FEMALE,TEST,Name6954,100,6954
2016,FEMALE,TEST,Name6955,100,6955
2016,FEMALE,TEST,Name6956,100,6956
2016,FEMALE,TEST,Name6957,100,6957
2016,FEMALE,TEST,Name6958,100,6958
2016,FEMALE,TEST,Name6959,100,6959
2016,FEMALE,TEST,Name6960,100,6960
2016,FEMALE,TEST,Name6961,100,6961
2016,FEMALE,TEST,Name6962,100,6962
2016,FEMALE,TEST,Name6963,100,6963
2016,FEMALE,TEST,Name6964,100,6964
2016,FEMALE,TEST,Name6965,100,6965
2016,FEMALE,TEST,Name6966,100,6966
2016,FEMALE,TEST,Name6967,100,6967
2016,FEMALE,TEST,Name6968,100,6968
2016,FEMALE,TEST,Name6969,100,6969
2016,FEMALE,TEST,Name6970,100,6970
2016,FEMALE,TEST,Name6971,100,6971
2016,FEMALE,TEST,Name6972,100,6972
2016,FEMALE,TEST,Name6973,100,6973
2016,FEMALE,TEST,Name6974,100,6974
2016,FEMALE,TEST,Name6975,100,6975
2016,FEMALE,TEST,Name6976,100,6976
2016,FEMALE,TEST,Name6977,100,6977
2016,FEMALE,TEST,Name6978,100,6978
2016,FEMALE,TEST,Name6979,100,6979
2016,FEMALE,TEST,Name6980,100,6980
2016,FEMALE,TEST,Name6981,100,6981
2016,FEMALE,TEST,Name6982,100,6982
2016,FEMALE,TEST,Name6983,100,6983
2016,FEMALE,TEST,Name6984,100,6984
2016,FEMALE,TEST,Name6985,100,6985
2016,FEMALE,TEST,Name6986,100,6986
2016,FEMALE,TEST,Name6987,100,6987
2016,FEMALE,TEST,Name6988,100,6988
2016,FEMALE,TEST,Name6989,100,6989
2016,FEMALE,TEST,Name6990,100,6990
2016,FEMALE,TEST,Name6991,100,6991
2016,FEMALE,TEST,Name6992,100,6992
2016,FEMALE,TEST,Name6993,100,6993
2016,FEMALE,TEST,Name6994,100,6994
2016,FEMALE,TEST,Name6995,100,6995
2016,FEMALE,TEST,Name6996,100,6996
2016,FEMALE,TEST,Name6997,100,6997
2016,FEMALE,TEST,Name6998,100,6998
2016,FEMALE,TEST,Name6999,100,6999
2016,FEMALE,TEST,Name7000,100,7000
2016,FEMALE,TEST,Name7001,100,7001
2016,FEMALE,TEST,Name7002,100,7002
2016,FEMALE,TEST,Name7003,100,7003
2016,FEMALE,TEST,Name7004,100,7004
2016,FEMALE,TEST,Name7005,100,7005
2016,FEMALE,TEST,Name7006,100,7006
2016,FEMALE,TEST,Name7007,100,7007
2016,FEMALE,TEST,Name7008,100,7008
2016,FEMALE,TEST,Name7009,100,7009
2016,FEMALE,TEST,Name7010,100,7010
2016,FEMALE,TEST,Name7011,100,7011
2016,FEMALE,TEST,Name7012,100,7012
2016,FEMALE,TEST,Name7013,100,7013
2016,FEMALE,TEST,Name7014,100,7014
2016,FEMALE,TEST,Name7015,100,7015
2016,FEMALE,TEST,Name7016,100,7016
2016,FEMALE,TEST,Name7017,100,7017
2016,FEMALE,TEST,Name7018,100,7018
2016,FEMALE,TEST,Name7019,100,7019
2016,FEMALE,TEST,Name7020,100,7020
2016,FEMALE,TEST,Name7021,100,7021
2016,FEMALE,TEST,Name7022,100,7022
2016,FEMALE,TEST,Name7023,100,7023
2016,FEMALE,TEST,Name7024,100,7024
2016,FEMALE,TEST,Name7025,100,7025
2016,FEMALE,TEST,Name7026,100,7026
2016,FEMALE,TEST,Name7027,100,7027
2016,FEMALE,TEST,Name7028,100,7028
2016,FEMALE,TEST,Name7029,100,7029
2016,FEMALE,TEST,Name7030,100,7030
2016,FEMALE,TEST,Name7031,100,7031
2016,FEMALE,TEST,Name7032,100,7032
2016,FEMALE,TEST,Name7033,100,7033
2016,FEMALE,TEST,Name7034,100,7034
2016,FEMALE,TEST,Name7035,100,7035
2016,FEMALE,TEST,Name7036,100,7036
2016,FEMALE,TEST,Name7037,100,7037
2016,FEMALE,TEST,Name7038,100,7038
2016,FEMALE,TEST,Name7039,100,7039
2016,FEMALE,TEST,Name7040,100,7040
2016,FEMALE,TEST,Name7041,100,7041
2016,FEMALE,TEST,Name7042,100,7042
2016,FEMALE,TEST,Name7043,100,7043
2016,FEMALE,TEST,Name7044,100,7044
2016,FEMALE,TEST,Name7045,100,7045
2016,FEMALE,TEST,Name7046,100,7046
2016,FEMALE,TEST,Name7047,100,7047
2016,FEMALE,TEST,Name7048,100,7048
2016,FEMALE,TEST,Name7049,100,7049
2016,FEMALE,TEST,Name7050,100,7050
2016,FEMALE,TEST,Name7051,100,7051
2016,FEMALE,TEST,Name7052,100,7052
2016,FEMALE,TEST,Name7053,100,7053
2016,FEMALE,TEST,Name7054,100,7054
2016,FEMALE,TEST,Name7055,100,7055
2016,FEMALE,TEST,Name7056,100,7056
2016,FEMALE,TEST,Name7057,100,7057
2016,FEMALE,TEST,Name7058,100,7058
2016,FEMALE,TEST,Name7059,100,7059
2016,FEMALE,TEST,Name7060,100,7060
2016,FEMALE,TEST,Name7061,100,7061
2016,FEMALE,TEST,Name7062,100,7062
2016,FEMALE,TEST,Name7063,100,7063
2016,FEMALE,TEST,Name7064,100,7064
2016,FEMALE,TEST,Name7065,100,7065
2016,FEMALE,TEST,Name7066,100,7066
2016,FEMALE,TEST,Name7067,100,7067
2016,FEMALE,TEST,Name7068,100,7068
2016,FEMALE,TEST,Name7069,100,7069
2016,FEMALE,TEST,Name7070,100,7070
2016,FEMALE,TEST,Name7071,100,7071
2016,FEMALE,TEST,Name7072,100,7072
2016,FEMALE,TEST,Name7073,100,7073
2016,FEMALE,TEST,Name7074,100,7074
2016,FEMALE,TEST,Name7075,100,7075
2016,FEMALE,TEST,Name7076,100,7076
2016,FEMALE,TEST,Name7077,100,7077
2016,FEMALE,TEST,Name7078,100,7078
2016,FEMALE,TEST,Name7079,100,7079
2016,FEMALE,TEST,Name7080,100,7080
2016,FEMALE,TEST,Name7081,100,7081
2016,FEMALE,TEST,Name7082,100,7082
2016,FEMALE,TEST,Name7083,100,7083
2016,FEMALE,TEST,Name7084,100,7084
2016,FEMALE,TEST,Name7085,100,7085
2016,FEMALE,TEST,Name7086,100,7086
2016,FEMALE,TEST,Name7087,100,7087
2016,FEMALE,TEST,Name7088,100,7088
2016,FEMALE,TEST,Name7089,100,7089
2016,FEMALE,TEST,Name7090,100,7090
2016,FEMALE,TEST,Name7091,100,7091
2016,FEMALE,TEST,Name7092,100,7092
2016,FEMALE,TEST,Name7093,100,7093
2016,FEMALE,TEST,Name7094,100,7094
2016,FEMALE,TEST,Name7095,100,7095
2016,FEMALE,TEST,Name7096,100,7096
2016,FEMALE,TEST,Name7097,100,7097
2016,FEMALE,TEST,Name7098,100,7098
2016,FEMALE,TEST,Name7099,100,7099
2016,FEMALE,TEST,Name7100,100,7100
2016,FEMALE,TEST,Name7101,100,7101
2016,FEMALE,TEST,Name7102,100,7102
2016,FEMALE,TEST,Name7103,100,7103
2016,FEMALE,TEST,Name7104,100,7104
2016,FEMALE,TEST,Name7105,100,7105
2016,FEMALE,TEST,Name7106,100,7106
2016,FEMALE,TEST,Name7107,100,7107
2016,FEMALE,TEST,Name7108,100,7108
2016,FEMALE,TEST,Name7109,100,7109
2016,FEMALE,TEST,Name7110,100,7110
2016,FEMALE,TEST,Name7111,100,7111
2016,FEMALE,TEST,Name7112,100,7112
2016,FEMALE,TEST,Name7113,100,7113
2016,FEMALE,TEST,Name7114,100,7114
2016,FEMALE,TEST,Name7115,100,7115
2016,FEMALE,TEST,Name7116,100,7116
2016,FEMALE,TEST,Name7117,100,7117
2016,FEMALE,TEST,Name7118,100,7118
2016,FEMALE,TEST,Name7119,100,7119
2016,FEMALE,TEST,Name7120,100,7120
2016,FEMALE,TEST,Name7121,100,7121
2016,FEMALE,TEST,Name7122,100,7122
2016,FEMALE,TEST,Name7123,100,7123
2016,FEMALE,TEST,Name7124,100,7124
2016,FEMALE,TEST,Name7125,100,7125
2016,FEMALE,TEST,Name7126,100,7126
2016,FEMALE,TEST,Name7127,100,7127
2016,FEMALE,TEST,Name7128,100,7128
2016,FEMALE,TEST,Name7129,100,7129
2016,FEMALE,TEST,Name7130,100,7130
2016,FEMALE,TEST,Name7131,100,7131
2016,FEMALE,TEST,Name7132,100,7132
2016,FEMALE,TEST,Name7133,100,7133
2016,FEMALE,TEST,Name7134,100,7134
2016,FEMALE,TEST,Name7135,100,7135
2016,FEMALE,TEST,Name7136,100,7136
2016,FEMALE,TEST,Name7137,100,7137
2016,FEMALE,TEST,Name7138,100,7138
2016,FEMALE,TEST,Name7139,100,7139
2016,FEMALE,TEST,Name7140,100,7140
2016,FEMALE,TEST,Name7141,100,7141
2016,FEMALE,TEST,Name7142,100,7142
2016,FEMALE,TEST,Name7143,100,7143
2016,FEMALE,TEST,Name7144,100,7144
2016,FEMALE,TEST,Name7145,100,7145
2016,FEMALE,TEST,Name7146,100,7146
2016,FEMALE,TEST,Name7147,100,7147
2016,FEMALE,TEST,Name7148,100,7148
2016,FEMALE,TEST,Name7149,100,7149
2016,FEMALE,TEST,Name7150,100,7150
2016,FEMALE,TEST,Name7151,100,7151
2016,FEMALE,TEST,Name7152,100,7152
2016,FEMALE,TEST,Name7153,100,7153
2016,FEMALE,TEST,Name7154,100,7154
2016,FEMALE,TEST,Name7155,100,7155
2016,FEMALE,TEST,Name7156,100,7156
2016,FEMALE,TEST,Name7157,100,7157
2016,FEMALE,TEST,Name7158,100,7158
2016,FEMALE,TEST,Name7159,100,7159
2016,FEMALE,TEST,Name7160,100,7160
2016,FEMALE,TEST,Name7161,100,7161
2016,FEMALE,TEST,Name7162,100,7162
2016,FEMALE,TEST,Name7163,100,7163
2016,FEMALE,TEST,Name7164,100,7164
2016,FEMALE,TEST,Name7165,100,7165
2016,FEMALE,TEST,Name7166,100,7166
2016,FEMALE,TEST,Name7167,100,7167
2016,FEMALE,TEST,Name7168,100,7168
2016,FEMALE,TEST,Name7169,100,7169
2016,FEMALE,TEST,Name7170,100,7170
2016,FEMALE,TEST,Name7171,100,7171
2016,FEMALE,TEST,Name7172,100,7172
2016,FEMALE,TEST,Name7173,100,7173
2016,FEMALE,TEST,Name7174,100,7174
2016,FEMALE,TEST,Name7175,100,7175
2016,FEMALE,TEST,Name7176,100,7176
2016,FEMALE,TEST,Name7177,100,7177
2016,FEMALE,TEST,Name7178,100,7178
2016,FEMALE,TEST,Name7179,100,7179
2016,FEMALE,TEST,Name7180,100,7180
2016,FEMALE,TEST,Name7181,100,7181
2016,FEMALE,TEST,Name7182,100,7182
2016,FEMALE,TEST,Name7183,100,7183
2016,FEMALE,TEST,Name7184,100,7184
2016,FEMALE,TEST,Name7185,100,7185
2016,FEMALE,TEST,Name7186,100,7186
2016,FEMALE,TEST,Name7187,100,7187
2016,FEMALE,TEST,Name7188,100,7188
2016,FEMALE,TEST,Name7189,100,7189
2016,FEMALE,TEST,Name7190,100,7190
2016,FEMALE,TEST,Name7191,100,7191
2016,FEMALE,TEST,Name7192,100,7192
2016,FEMALE,TEST,Name7193,100,7193
2016,FEMALE,TEST,Name7194,100,7194
2016,FEMALE,TEST,Name7195,100,7195
2016,FEMALE,TEST,Name7196,100,7196
2016,FEMALE,TEST,Name7197,100,7197
2016,FEMALE,TEST,Name7198,100,7198
2016,FEMALE,TEST,Name7199,100,7199
2016,FEMALE,TEST,Name7200,100,7200
2016,FEMALE,TEST,Name7201,100,7201
2016,FEMALE,TEST,Name7202,100,7202
2016,FEMALE,TEST,Name7203,100,7203
2016,FEMALE,TEST,Name7204,100,7204
2016,FEMALE,TEST,Name7205,100,7205
2016,FEMALE,TEST,Name7206,100,7206
2016,FEMALE,TEST,Name7207,100,7207
2016,FEMALE,TEST,Name7208,100,7208
2016,FEMALE,TEST,Name7209,100,7209
2016,FEMALE,TEST,Name7210,100,7210
2016,FEMALE,TEST,Name7211,100,7211
2016,FEMALE,TEST,Name7212,100,7212
2016,FEMALE,TEST,Name7213,100,7213
2016,FEMALE,TEST,Name7214,100,7214
2016,FEMALE,TEST,Name7215,100,7215
2016,FEMALE,TEST,Name7216,100,7216
2016,FEMALE,TEST,Name7217,100,7217
2016,FEMALE,TEST,Name7218,100,7218
2016,FEMALE,TEST,Name7219,100,7219
2016,FEMALE,TEST,Name7220,100,7220
2016,FEMALE,TEST,Name7221,100,7221
2016,FEMALE,TEST,Name7222,100,7222
2016,FEMALE,TEST,Name7223,100,7223
2016,FEMALE,TEST,Name7224,100,7224
2016,FEMALE,TEST,Name7225,100,7225
2016,FEMALE,TEST,Name7226,100,7226
2016,FEMALE,TEST,Name7227,100,7227
2016,FEMALE,TEST,Name7228,100,7228
2016,FEMALE,TEST,Name7229,100,7229
2016,FEMALE,TEST,Name7230,100,7230
2016,FEMALE,TEST,Name7231,100,7231
2016,FEMALE,TEST,Name7232,100,7232
2016,FEMALE,TEST,Name7233,100,7233
2016,FEMALE,TEST,Name7234,100,7234
2016,FEMALE,TEST,Name7235,100,7235
2016,FEMALE,TEST,Name7236,100,7236
2016,FEMALE,TEST,Name7237,100,7237
2016,FEMALE,TEST,Name7238,100,7238
2016,FEMALE,TEST,Name7239,100,7239
2016,FEMALE,TEST,Name7240,100,7240
2016,FEMALE,TEST,Name7241,100,7241
2016,FEMALE,TEST,Name7242,100,7242
2016,FEMALE,TEST,Name7243,100,7243
2016,FEMALE,TEST,Name7244,100,7244
2016,FEMALE,TEST,Name7245,100,7245
2016,FEMALE,TEST,Name7246,100,7246
2016,FEMALE,TEST,Name7247,100,7247
2016,FEMALE,TEST,Name7248,100,7248
2016,FEMALE,TEST,Name7249,100,7249
2016,FEMALE,TEST,Name7250,100,7250
2016,FEMALE,TEST,Name7251,100,7251
2016,FEMALE,TEST,Name7252,100,7252
2016,FEMALE,TEST,Name7253,100,7253
2016,FEMALE,TEST,Name7254,100,7254
2016,FEMALE,TEST,Name7255,100,7255
2016,FEMALE,TEST,Name7256,100,7256
2016,FEMALE,TEST,Name7257,100,7257
2016,FEMALE,TEST,Name7258,100,7258
2016,FEMALE,TEST,Name7259,100,7259
2016,FEMALE,TEST,Name7260,100,7260
2016,FEMALE,TEST,Name7261,100,7261
2016,FEMALE,TEST,Name7262,100,7262
2016,FEMALE,TEST,Name7263,100,7263
2016,FEMALE,TEST,Name7264,100,7264
2016,FEMALE,TEST,Name7265,100,7265
2016,FEMALE,TEST,Name7266,100,7266
2016,FEMALE,TEST,Name7267,100,7267
2016,FEMALE,TEST,Name7268,100,7268
2016,FEMALE,TEST,Name7269,100,7269
2016,FEMALE,TEST,Name7270,100,7270
2016,FEMALE,TEST,Name7271,100,7271
2016,FEMALE,TEST,Name7272,100,7272
2016,FEMALE,TEST,Name7273,100,7273
2016,FEMALE,TEST,Name7274,100,7274
2016,FEMALE,TEST,Name7275,100,7275
2016,FEMALE,TEST,Name7276,100,7276
2016,FEMALE,TEST,Name7277,100,7277
2016,FEMALE,TEST,Name7278,100,7278
2016,FEMALE,TEST,Name7279,100,7279
2016,FEMALE,TEST,Name7280,100,7280
2016,FEMALE,TEST,Name7281,100,7281
2016,FEMALE,TEST,Name7282,100,7282
2016,FEMALE,TEST,Name7283,100,7283
2016,FEMALE,TEST,Name7284,100,7284
2016,FEMALE,TEST,Name7285,100,7285
2016,FEMALE,TEST,Name7286,100,7286
2016,FEMALE,TEST,Name7287,100,7287
2016,FEMALE,TEST,Name7288,100,7288
2016,FEMALE,TEST,Name7289,100,7289
2016,FEMALE,TEST,Name7290,100,7290
2016,FEMALE,TEST,Name7291,100,7291
2016,FEMALE,TEST,Name7292,100,7292
2016,FEMALE,TEST,Name7293,100,7293
2016,FEMALE,TEST,Name7294,100,7294
2016,FEMALE,TEST,Name7295,100,7295
2016,FEMALE,TEST,Name7296,100,7296
2016,FEMALE,TEST,Name7297,100,7297
2016,FEMALE,TEST,Name7298,100,7298
2016,FEMALE,TEST,Name7299,100,7299
2016,FEMALE,TEST,Name7300,100,7300
2016,FEMALE,TEST,Name7301,100,7301
2016,FEMALE,TEST,Name7302,100,7302
2016,FEMALE,TEST,Name7303,100,7303
2016,FEMALE,TEST,Name7304,100,7304
2016,FEMALE,TEST,Name7305,100,7305
2016,FEMALE,TEST,Name7306,100,7306
2016,FEMALE,TEST,Name7307,100,7307
2016,FEMALE,TEST,Name7308,100,7308
2016,FEMALE,TEST,Name7309,100,7309
2016,FEMALE,TEST,Name7310,100,7310
2016,FEMALE,TEST,Name7311,100,7311
2016,FEMALE,TEST,Name7312,100,7312
2016,FEMALE,TEST,Name7313,100,7313
2016,FEMALE,TEST,Name7314,100,7314
2016,FEMALE,TEST,Name7315,100,7315
2016,FEMALE,TEST,Name7316,100,7316
2016,FEMALE,TEST,Name7317,100,7317
2016,FEMALE,TEST,Name7318,100,7318
2016,FEMALE,TEST,Name7319,100,7319
2016,FEMALE,TEST,Name7320,100,7320
2016,FEMALE,TEST,Name7321,100,7321
2016,FEMALE,TEST,Name7322,100,7322
2016,FEMALE,TEST,Name7323,100,7323
2016,FEMALE,TEST,Name7324,100,7324
2016,FEMALE,TEST,Name7325,100,7325
2016,FEMALE,TEST,Name7326,100,7326
2016,FEMALE,TEST,Name7327,100,7327
2016,FEMALE,TEST,Name7328,100,7328
2016,FEMALE,TEST,Name7329,100,7329
2016,FEMALE,TEST,Name7330,100,7330
2016,FEMALE,TEST,Name7331,100,7331
2016,FEMALE,TEST,Name7332,100,7332
2016,FEMALE,TEST,Name7333,100,7333
2016,FEMALE,TEST,Name7334,100,7334
2016,FEMALE,TEST,Name7335,100,7335
2016,FEMALE,TEST,Name7336,100,7336
2016,FEMALE,TEST,Name7337,100,7337
2016,FEMALE,TEST,Name7338,100,7338
2016,FEMALE,TEST,Name7339,100,7339
2016,FEMALE,TEST,Name7340,100,7340
2016,FEMALE,TEST,Name7341,100,7341
2016,FEMALE,TEST,Name7342,100,7342
2016,FEMALE,TEST,Name7343,100,7343
2016,FEMALE,TEST,Name7344,100,7344
2016,FEMALE,TEST,Name7345,100,7345
2016,FEMALE,TEST,Name7346,100,7346
2016,FEMALE,TEST,Name7347,100,7347
2016,FEMALE,TEST,Name7348,100,7348
2016,FEMALE,TEST,Name7349,100,7349
2016,FEMALE,TEST,Name7350,100,7350
2016,FEMALE,TEST,Name7351,100,7351
2016,FEMALE,TEST,Name7352,100,7352
2016,FEMALE,TEST,Name7353,100,7353
2016,FEMALE,TEST,Name7354,100,7354
2016,FEMALE,TEST,Name7355,100,7355
2016,FEMALE,TEST,Name7356,100,7356
2016,FEMALE,TEST,Name7357,100,7357
2016,FEMALE,TEST,Name7358,100,7358
2016,FEMALE,TEST,Name7359,100,7359
2016,FEMALE,TEST,Name7360,100,7360
2016,FEMALE,TEST,Name7361,100,7361
2016,FEMALE,TEST,Name7362,100,7362
2016,FEMALE,TEST,Name7363,100,7363
2016,FEMALE,TEST,Name7364,100,7364
2016,FEMALE,TEST,Name7365,100,7365
2016,FEMALE,TEST,Name7366,100,7366
2016,FEMALE,TEST,Name7367,100,7367
2016,FEMALE,TEST,Name7368,100,7368
2016,FEMALE,TEST,Name7369,100,7369
2016,FEMALE,TEST,Name7370,100,7370
2016,FEMALE,TEST,Name7371,100,7371
2016,FEMALE,TEST,Name7372,100,7372
2016,FEMALE,TEST,Name7373,100,7373
2016,FEMALE,TEST,Name7374,100,7374
2016,FEMALE,TEST,Name7375,100,7375
2016,FEMALE,TEST,Name7376,100,7376
2016,FEMALE,TEST,Name7377,100,7377
2016,FEMALE,TEST,Name7378,100,7378
2016,FEMALE,TEST,Name7379,100,7379
2016,FEMALE,TEST,Name7380,100,7380
2016,FEMALE,TEST,Name7381,100,7381
2016,FEMALE,TEST,Name7382,100,7382
2016,FEMALE,TEST,Name7383,100,7383
2016,FEMALE,TEST,Name7384,100,7384
2016,FEMALE,TEST,Name7385,100,7385
2016,FEMALE,TEST,Name7386,100,7386
2016,FEMALE,TEST,Name7387,100,7387
2016,FEMALE,TEST,Name7388,100,7388
2016,FEMALE,TEST,Name7389,100,7389
2016,FEMALE,TEST,Name7390,100,7390
2016,FEMALE,TEST,Name7391,100,7391
2016,FEMALE,TEST,Name7392,100,7392
2016,FEMALE,TEST,Name7393,100,7393
2016,FEMALE,TEST,Name7394,100,7394
2016,FEMALE,TEST,Name7395,100,7395
2016,FEMALE,TEST,Name7396,100,7396
2016,FEMALE,TEST,Name7397,100,7397
2016,FEMALE,TEST,Name7398,100,7398
2016,FEMALE,TEST,Name7399,100,7399
2016,FEMALE,TEST,Name7400,100,7400
2016,FEMALE,TEST,Name7401,100,7401
2016,FEMALE,TEST,Name7402,100,7402
2016,FEMALE,TEST,Name7403,100,7403
2016,FEMALE,TEST,Name7404,100,7404
2016,FEMALE,TEST,Name7405,100,7405
2016,FEMALE,TEST,Name7406,100,7406
2016,FEMALE,TEST,Name7407,100,7407
2016,FEMALE,TEST,Name7408,100,7408
2016,FEMALE,TEST,Name7409,100,7409
2016,FEMALE,TEST,Name7410,100,7410
2016,FEMALE,TEST,Name7411,100,7411
2016,FEMALE,TEST,Name7412,100,7412
2016,FEMALE,TEST,Name7413,100,7413
2016,FEMALE,TEST,Name7414,100,7414
2016,FEMALE,TEST,Name7415,100,7415
2016,FEMALE,TEST,Name7416,100,7416
2016,FEMALE,TEST,Name7417,100,7417
2016,FEMALE,TEST,Name7418,100,7418
2016,FEMALE,TEST,Name7419,100,7419
2016,FEMALE,TEST,Name7420,100,7420
2016,FEMALE,TEST,Name7421,100,7421
2016,FEMALE,TEST,Name7422,100,7422
2016,FEMALE,TEST,Name7423,100,7423
2016,FEMALE,TEST,Name7424,100,7424
2016,FEMALE,TEST,Name7425,100,7425
2016,FEMALE,TEST,Name7426,100,7426
2016,FEMALE,TEST,Name7427,100,7427
2016,FEMALE,TEST,Name7428,100,7428
2016,FEMALE,TEST,Name7429,100,7429
2016,FEMALE,TEST,Name7430,100,7430
2016,FEMALE,TEST,Name7431,100,7431
2016,FEMALE,TEST,Name7432,100,7432
2016,FEMALE,TEST,Name7433,100,7433
2016,FEMALE,TEST,Name7434,100,7434
2016,FEMALE,TEST,Name7435,100,7435
2016,FEMALE,TEST,Name7436,100,7436
2016,FEMALE,TEST,Name7437,100,7437
2016,FEMALE,TEST,Name7438,100,7438
2016,FEMALE,TEST,Name7439,100,7439
2016,FEMALE,TEST,Name7440,100,7440
2016,FEMALE,TEST,Name7441,100,7441
2016,FEMALE,TEST,Name7442,100,7442
2016,FEMALE,TEST,Name7443,100,7443
2016,FEMALE,TEST,Name7444,100,7444
2016,FEMALE,TEST,Name7445,100,7445
2016,FEMALE,TEST,Name7446,100,7446
2016,FEMALE,TEST,Name7447,100,7447
2016,FEMALE,TEST,Name7448,100,7448
2016,FEMALE,TEST,Name7449,100,7449
2016,FEMALE,TEST,Name7450,100,7450
2016,FEMALE,TEST,Name7451,100,7451
2016,FEMALE,TEST,Name7452,100,7452
2016,FEMALE,TEST,Name7453,100,7453
2016,FEMALE,TEST,Name7454,100,7454
2016,FEMALE,TEST,Name7455,100,7455
2016,FEMALE,TEST,Name7456,100,7456
2016,FEMALE,TEST,Name7457,100,7457
2016,FEMALE,TEST,Name7458,100,7458
2016,FEMALE,TEST,Name7459,100,7459
2016,FEMALE,TEST,Name7460,100,7460
2016,FEMALE,TEST,Name7461,100,7461
2016,FEMALE,TEST,Name7462,100,7462
2016,FEMALE,TEST,Name7463,100,7463
2016,FEMALE,TEST,Name7464,100,7464
2016,FEMALE,TEST,Name7465,100,7465
2016,FEMALE,TEST,Name7466,100,7466
2016,FEMALE,TEST,Name7467,100,7467
2016,FEMALE,TEST,Name7468,100,7468
2016,FEMALE,TEST,Name7469,100,7469
2016,FEMALE,TEST,Name7470,100,7470
2016,FEMALE,TEST,Name7471,100,7471
2016,FEMALE,TEST,Name7472,100,7472
2016,FEMALE,TEST,Name7473,100,7473
2016,FEMALE,TEST,Name7474,100,7474
2016,FEMALE,TEST,Name7475,100,7475
2016,FEMALE,TEST,Name7476,100,7476
2016,FEMALE,TEST,Name7477,100,7477
2016,FEMALE,TEST,Name7478,100,7478
2016,FEMALE,TEST,Name7479,100,7479
2016,FEMALE,TEST,Name7480,100,7480
2016,FEMALE,TEST,Name7481,100,7481
2016,FEMALE,TEST,Name7482,100,7482
2016,FEMALE,TEST,Name7483,100,7483
2016,FEMALE,TEST,Name7484,100,7484
2016,FEMALE,TEST,Name7485,100,7485
2016,FEMALE,TEST,Name7486,100,7486
2016,FEMALE,TEST,Name7487,100,7487
2016,FEMALE,TEST,Name7488,100,7488
2016,FEMALE,TEST,Name7489,100,7489
2016,FEMALE,TEST,Name7490,100,7490
2016,FEMALE,TEST,Name7491,100,7491
2016,FEMALE,TEST,Name7492,100,7492
2016,FEMALE,TEST,Name7493,100,7493
2016,FEMALE,TEST,Name7494,100,7494
2016,FEMALE,TEST,Name7495,100,7495
2016,FEMALE,TEST,Name7496,100,7496
2016,FEMALE,TEST,Name7497,100,7497
2016,FEMALE,TEST,Name7498,100,7498
2016,FEMALE,TEST,Name7499,100,7499
2016,FEMALE,TEST,Name7500,100,7500
2016,FEMALE,TEST,Name7501,100,7501
2016,FEMALE,TEST,Name7502,100,7502
2016,FEMALE,TEST,Name7503,100,7503
2016,FEMALE,TEST,Name7504,100,7504
2016,FEMALE,TEST,Name7505,100,7505
2016,FEMALE,TEST,Name7506,100,7506
2016,FEMALE,TEST,Name7507,100,7507
2016,FEMALE,TEST,Name7508,100,7508
2016,FEMALE,TEST,Name7509,100,7509
2016,FEMALE,TEST,Name7510,100,7510
2016,FEMALE,TEST,Name7511,100,7511
2016,FEMALE,TEST,Name7512,100,7512
2016,FEMALE,TEST,Name7513,100,7513
2016,FEMALE,TEST,Name7514,100,7514
2016,FEMALE,TEST,Name7515,100,7515
2016,FEMALE,TEST,Name7516,100,7516
2016,FEMALE,TEST,Name7517,100,7517
2016,FEMALE,TEST,Name7518,100,7518
2016,FEMALE,TEST,Name7519,100,7519
2016,FEMALE,TEST,Name7520,100,7520
2016,FEMALE,TEST,Name7521,100,7521
2016,FEMALE,TEST,Name7522,100,7522
2016,FEMALE,TEST,Name7523,100,7523
2016,FEMALE,TEST,Name7524,100,7524
2016,FEMALE,TEST,Name7525,100,7525
2016,FEMALE,TEST,Name7526,100,7526
2016,FEMALE,TEST,Name7527,100,7527
2016,FEMALE,TEST,Name7528,100,7528
2016,FEMALE,TEST,Name7529,100,7529
2016,FEMALE,TEST,Name7530,100,7530
2016,FEMALE,TEST,Name7531,100,7531
2016,FEMALE,TEST,Name7532,100,7532
2016,FEMALE,TEST,Name7533,100,7533
2016,FEMALE,TEST,Name7534,100,7534
2016,FEMALE,TEST,Name7535,100,7535
2016,FEMALE,TEST,Name7536,100,7536
2016,FEMALE,TEST,Name7537,100,7537
2016,FEMALE,TEST,Name7538,100,7538
2016,FEMALE,TEST,Name7539,100,7539
2016,FEMALE,TEST,Name7540,100,7540
2016,FEMALE,TEST,Name7541,100,7541
2016,FEMALE,TEST,Name7542,100,7542
2016,FEMALE,TEST,Name7543,100,7543
2016,FEMALE,TEST,Name7544,100,7544
2016,FEMALE,TEST,Name7545,100,7545
2016,FEMALE,TEST,Name7546,100,7546
2016,FEMALE,TEST,Name7547,100,7547
2016,FEMALE,TEST,Name7548,100,7548
2016,FEMALE,TEST,Name7549,100,7549
2016,FEMALE,TEST,Name7550,100,7550
2016,FEMALE,TEST,Name7551,100,7551
2016,FEMALE,TEST,Name7552,100,7552
2016,FEMALE,TEST,Name7553,100,7553
2016,FEMALE,TEST,Name7554,100,7554
2016,FEMALE,TEST,Name7555,100,7555
2016,FEMALE,TEST,Name7556,100,7556
2016,FEMALE,TEST,Name7557,100,7557
2016,FEMALE,TEST,Name7558,100,7558
2016,FEMALE,TEST,Name7559,100,7559
2016,FEMALE,TEST,Name7560,100,7560
2016,FEMALE,TEST,Name7561,100,7561
2016,FEMALE,TEST,Name7562,100,7562
2016,FEMALE,TEST,Name7563,100,7563
2016,FEMALE,TEST,Name7564,100,7564
2016,FEMALE,TEST,Name7565,100,7565
2016,FEMALE,TEST,Name7566,100,7566
2016,FEMALE,TEST,Name7567,100,7567
2016,FEMALE,TEST,Name7568,100,7568
2016,FEMALE,TEST,Name7569,100,7569
2016,FEMALE,TEST,Name7570,100,7570
2016,FEMALE,TEST,Name7571,100,7571
2016,FEMALE,TEST,Name7572,100,7572
2016,FEMALE,TEST,Name7573,100,7573
2016,FEMALE,TEST,Name7574,100,7574
2016,FEMALE,TEST,Name7575,100,7575
2016,FEMALE,TEST,Name7576,100,7576
2016,FEMALE,TEST,Name7577,100,7577
2016,FEMALE,TEST,Name7578,100,7578
2016,FEMALE,TEST,Name7579,100,7579
2016,FEMALE,TEST,Name7580,100,7580
2016,FEMALE,TEST,Name7581,100,7581
2016,FEMALE,TEST,Name7582,100,7582
2016,FEMALE,TEST,Name7583,100,7583
2016,FEMALE,TEST,Name7584,100,7584
2016,FEMALE,TEST,Name7585,100,7585
2016,FEMALE,TEST,Name7586,100,7586
2016,FEMALE,TEST,Name7587,100,7587
2016,FEMALE,TEST,Name7588,100,7588
2016,FEMALE,TEST,Name7589,100,7589
2016,FEMALE,TEST,Name7590,100,7590
2016,FEMALE,TEST,Name7591,100,7591
2016,FEMALE,TEST,Name7592,100,7592
2016,FEMALE,TEST,Name7593,100,7593
2016,FEMALE,TEST,Name7594,100,7594
2016,FEMALE,TEST,Name7595,100,7595
2016,FEMALE,TEST,Name7596,100,7596
2016,FEMALE,TEST,Name7597,100,7597
2016,FEMALE,TEST,Name7598,100,7598
2016,FEMALE,TEST,Name7599,100,7599
2016,FEMALE,TEST,Name7600,100,7600
2016,FEMALE,TEST,Name7601,100,7601
2016,FEMALE,TEST,Name7602,100,7602
2016,FEMALE,TEST,Name7603,100,7603
2016,FEMALE,TEST,Name7604,100,7604
2016,FEMALE,TEST,Name7605,100,7605
2016,FEMALE,TEST,Name7606,100,7606
2016,FEMALE,TEST,Name7607,100,7607
2016,FEMALE,TEST,Name7608,100,7608
2016,FEMALE,TEST,Name7609,100,7609
2016,FEMALE,TEST,Name7610,100,7610
2016,FEMALE,TEST,Name7611,100,7611
2016,FEMALE,TEST,Name7612,100,7612
2016,FEMALE,TEST,Name7613,100,7613
2016,FEMALE,TEST,Name7614,100,7614
2016,FEMALE,TEST,Name7615,100,7615
2016,FEMALE,TEST,Name7616,100,7616
2016,FEMALE,TEST,Name7617,100,7617
2016,FEMALE,TEST,Name7618,100,7618
2016,FEMALE,TEST,Name7619,100,7619
2016,FEMALE,TEST,Name7620,100,7620
2016,FEMALE,TEST,Name7621,100,7621
2016,FEMALE,TEST,Name7622,100,7622
2016,FEMALE,TEST,Name7623,100,7623
2016,FEMALE,TEST,Name7624,100,7624
2016,FEMALE,TEST,Name7625,100,7625
2016,FEMALE,TEST,Name7626,100,7626
2016,FEMALE,TEST,Name7627,100,7627
2016,FEMALE,TEST,Name7628,100,7628
2016,FEMALE,TEST,Name7629,100,7629
2016,FEMALE,TEST,Name7630,100,7630
2016,FEMALE,TEST,Name7631,100,7631
2016,FEMALE,TEST,Name7632,100,7632
2016,FEMALE,TEST,Name7633,100,7633
2016,FEMALE,TEST,Name7634,100,7634
2016,FEMALE,TEST,Name7635,100,7635
2016,FEMALE,TEST,Name7636,100,7636
2016,FEMALE,TEST,Name7637,100,7637
2016,FEMALE,TEST,Name7638,100,7638
2016,FEMALE,TEST,Name7639,100,7639
2016,FEMALE,TEST,Name7640,100,7640
2016,FEMALE,TEST,Name7641,100,7641
2016,FEMALE,TEST,Name7642,100,7642
2016,FEMALE,TEST,Name7643,100,7643
2016,FEMALE,TEST,Name7644,100,7644
2016,FEMALE,TEST,Name7645,100,7645
2016,FEMALE,TEST,Name7646,100,7646
2016,FEMALE,TEST,Name7647,100,7647
2016,FEMALE,TEST,Name7648,100,7648
2016,FEMALE,TEST,Name7649,100,7649
2016,FEMALE,TEST,Name7650,100,7650
2016,FEMALE,TEST,Name7651,100,7651
2016,FEMALE,TEST,Name7652,100,7652
2016,FEMALE,TEST,Name7653,100,7653
2016,FEMALE,TEST,Name7654,100,7654
2016,FEMALE,TEST,Name7655,100,7655
2016,FEMALE,TEST,Name7656,100,7656
2016,FEMALE,TEST,Name7657,100,7657
2016,FEMALE,TEST,Name7658,100,7658
2016,FEMALE,TEST,Name7659,100,7659
2016,FEMALE,TEST,Name7660,100,7660
2016,FEMALE,TEST,Name7661,100,7661
2016,FEMALE,TEST,Name7662,100,7662
2016,FEMALE,TEST,Name7663,100,7663
2016,FEMALE,TEST,Name7664,100,7664
2016,FEMALE,TEST,Name7665,100,7665
2016,FEMALE,TEST,Name7666,100,7666
2016,FEMALE,TEST,Name7667,100,7667
2016,FEMALE,TEST,Name7668,100,7668
2016,FEMALE,TEST,Name7669,100,7669
2016,FEMALE,TEST,Name7670,100,7670
2016,FEMALE,TEST,Name7671,100,7671
2016,FEMALE,TEST,Name7672,100,7672
2016,FEMALE,TEST,Name7673,100,7673
2016,FEMALE,TEST,Name7674,100,7674
2016,FEMALE,TEST,Name7675,100,7675
2016,FEMALE,TEST,Name7676,100,7676
2016,FEMALE,TEST,Name7677,100,7677
2016,FEMALE,TEST,Name7678,100,7678
2016,FEMALE,TEST,Name7679,100,7679
2016,FEMALE,TEST,Name7680,100,7680
2016,FEMALE,TEST,Name7681,100,7681
2016,FEMALE,TEST,Name7682,100,7682
2016,FEMALE,TEST,Name7683,100,7683
2016,FEMALE,TEST,Name7684,100,7684
2016,FEMALE,TEST,Name7685,100,7685
2016,FEMALE,TEST,Name7686,100,7686
2016,FEMALE,TEST,Name7687,100,7687
2016,FEMALE,TEST,Name7688,100,7688
2016,FEMALE,TEST,Name7689,100,7689
2016,FEMALE,TEST,Name7690,100,7690
2016,FEMALE,TEST,Name7691,100,7691
2016,FEMALE,TEST,Name7692,100,7692
2016,FEMALE,TEST,Name7693,100,7693
2016,FEMALE,TEST,Name7694,100,7694
2016,FEMALE,TEST,Name7695,100,7695
2016,FEMALE,TEST,Name7696,100,7696
2016,FEMALE,TEST,Name7697,100,7697
2016,FEMALE,TEST,Name7698,100,7698
2016,FEMALE,TEST,Name7699,100,7699
2016,FEMALE,TEST,Name7700,100,7700
2016,FEMALE,TEST,Name7701,100,7701
2016,FEMALE,TEST,Name7702,100,7702
2016,FEMALE,TEST,Name7703,100,7703
2016,FEMALE,TEST,Name7704,100,7704
2016,FEMALE,TEST,Name7705,100,7705
2016,FEMALE,TEST,Name7706,100,7706
2016,FEMALE,TEST,Name7707,100,7707
2016,FEMALE,TEST,Name7708,100,7708
2016,FEMALE,TEST,Name7709,100,7709
2016,FEMALE,TEST,Name7710,100,7710
2016,FEMALE,TEST,Name7711,100,7711
2016,FEMALE,TEST,Name7712,100,7712
2016,FEMALE,TEST,Name7713,100,7713
2016,FEMALE,TEST,Name7714,100,7714
2016,FEMALE,TEST,Name7715,100,7715
2016,FEMALE,TEST,Name7716,100,7716
2016,FEMALE,TEST,Name7717,100,7717
2016,FEMALE,TEST,Name7718,100,7718
2016,FEMALE,TEST,Name7719,100,7719
2016,FEMALE,TEST,Name7720,100,7720
2016,FEMALE,TEST,Name7721,100,7721
2016,FEMALE,TEST,Name7722,100,7722
2016,FEMALE,TEST,Name7723,100,7723
2016,FEMALE,TEST,Name7724,100,7724
2016,FEMALE,TEST,Name7725,100,7725
2016,FEMALE,TEST,Name7726,100,7726
2016,FEMALE,TEST,Name7727,100,7727
2016,FEMALE,TEST,Name7728,100,7728
2016,FEMALE,TEST,Name7729,100,7729
2016,FEMALE,TEST,Name7730,100,7730
2016,FEMALE,TEST,Name7731,100,7731
2016,FEMALE,TEST,Name7732,100,7732
2016,FEMALE,TEST,Name7733,100,7733
2016,FEMALE,TEST,Name7734,100,7734
2016,FEMALE,TEST,Name7735,100,7735
2016,FEMALE,TEST,Name7736,100,7736
2016,FEMALE,TEST,Name7737,100,7737
2016,FEMALE,TEST,Name7738,100,7738
2016,FEMALE,TEST,Name7739,100,7739
2016,FEMALE,TEST,Name7740,100,7740
2016,FEMALE,TEST,Name7741,100,7741
2016,FEMALE,TEST,Name7742,100,7742
2016,FEMALE,TEST,Name7743,100,7743
2016,FEMALE,TEST,Name7744,100,7744
2016,FEMALE,TEST,Name7745,100,7745
2016,FEMALE,TEST,Name7746,100,7746
2016,FEMALE,TEST,Name7747,100,7747
2016,FEMALE,TEST,Name7748,100,7748
2016,FEMALE,TEST,Name7749,100,7749
2016,FEMALE,TEST,Name7750,100,7750
2016,FEMALE,TEST,Name7751,100,7751
2016,FEMALE,TEST,Name7752,100,7752
2016,FEMALE,TEST,Name7753,100,7753
2016,FEMALE,TEST,Name7754,100,7754
2016,FEMALE,TEST,Name7755,100,7755
2016,FEMALE,TEST,Name7756,100,7756
2016,FEMALE,TEST,Name7757,100,7757
2016,FEMALE,TEST,Name7758,100,7758
2016,FEMALE,TEST,Name7759,100,7759
2016,FEMALE,TEST,Name7760,100,7760
2016,FEMALE,TEST,Name7761,100,7761
2016,FEMALE,TEST,Name7762,100,7762
2016,FEMALE,TEST,Name7763,100,7763
2016,FEMALE,TEST,Name7764,100,7764
2016,FEMALE,TEST,Name7765,100,7765
2016,FEMALE,TEST,Name7766,100,7766
2016,FEMALE,TEST,Name7767,100,7767
2016,FEMALE,TEST,Name7768,100,7768
2016,FEMALE,TEST,Name7769,100,7769
2016,FEMALE,TEST,Name7770,100,7770
2016,FEMALE,TEST,Name7771,100,7771
2016,FEMALE,TEST,Name7772,100,7772
2016,FEMALE,TEST,Name7773,100,7773
2016,FEMALE,TEST,Name7774,100,7774
2016,FEMALE,TEST,Name7775,100,7775
2016,FEMALE,TEST,Name7776,100,7776
2016,FEMALE,TEST,Name7777,100,7777
2016,FEMALE,TEST,Name7778,100,7778
2016,FEMALE,TEST,Name7779,100,7779
2016,FEMALE,TEST,Name7780,100,7780
2016,FEMALE,TEST,Name7781,100,7781
2016,FEMALE,TEST,Name7782,100,7782
2016,FEMALE,TEST,Name7783,100,7783
2016,FEMALE,TEST,Name7784,100,7784
2016,FEMALE,TEST,Name7785,100,7785
2016,FEMALE,TEST,Name7786,100,7786
2016,FEMALE,TEST,Name7787,100,7787
2016,FEMALE,TEST,Name7788,100,7788
2016,FEMALE,TEST,Name7789,100,7789
2016,FEMALE,TEST,Name7790,100,7790
2016,FEMALE,TEST,Name7791,100,7791
2016,FEMALE,TEST,Name7792,100,7792
2016,FEMALE,TEST,Name7793,100,7793
2016,FEMALE,TEST,Name7794,100,7794
2016,FEMALE,TEST,Name7795,100,7795
2016,FEMALE,TEST,Name7796,100,7796
2016,FEMALE,TEST,Name7797,100,7797
2016,FEMALE,TEST,Name7798,100,7798
2016,FEMALE,TEST,Name7799,100,7799
2016,FEMALE,TEST,Name7800,100,7800
2016,FEMALE,TEST,Name7801,100,7801
2016,FEMALE,TEST,Name7802,100,7802
2016,FEMALE,TEST,Name7803,100,7803
2016,FEMALE,TEST,Name7804,100,7804
2016,FEMALE,TEST,Name7805,100,7805
2016,FEMALE,TEST,Name7806,100,7806
2016,FEMALE,TEST,Name7807,100,7807
2016,FEMALE,TEST,Name7808,100,7808
2016,FEMALE,TEST,Name7809,100,7809
2016,FEMALE,TEST,Name7810,100,7810
2016,FEMALE,TEST,Name7811,100,7811
2016,FEMALE,TEST,Name7812,100,7812
2016,FEMALE,TEST,Name7813,100,7813
2016,FEMALE,TEST,Name7814,100,7814
2016,FEMALE,TEST,Name7815,100,7815
2016,FEMALE,TEST,Name7816,100,7816
2016,FEMALE,TEST,Name7817,100,7817
2016,FEMALE,TEST,Name7818,100,7818
2016,FEMALE,TEST,Name7819,100,7819
2016,FEMALE,TEST,Name7820,100,7820
2016,FEMALE,TEST,Name7821,100,7821
2016,FEMALE,TEST,Name7822,100,7822
2016,FEMALE,TEST,Name7823,100,7823
2016,FEMALE,TEST,Name7824,100,7824
2016,FEMALE,TEST,Name7825,100,7825
2016,FEMALE,TEST,Name7826,100,7826
2016,FEMALE,TEST,Name7827,100,7827
2016,FEMALE,TEST,Name7828,100,7828
2016,FEMALE,TEST,Name7829,100,7829
2016,FEMALE,TEST,Name7830,100,7830
2016,FEMALE,TEST,Name7831,100,7831
2016,FEMALE,TEST,Name7832,100,7832
2016,FEMALE,TEST,Name7833,100,7833
2016,FEMALE,TEST,Name7834,100,7834
2016,FEMALE,TEST,Name7835,100,7835
2016,FEMALE,TEST,Name7836,100,7836
2016,FEMALE,TEST,Name7837,100,7837
2016,FEMALE,TEST,Name7838,100,7838
2016,FEMALE,TEST,Name7839,100,7839
2016,FEMALE,TEST,Name7840,100,7840
2016,FEMALE,TEST,Name7841,100,7841
2016,FEMALE,TEST,Name7842,100,7842
2016,FEMALE,TEST,Name7843,100,7843
2016,FEMALE,TEST,Name7844,100,7844
2016,FEMALE,TEST,Name7845,100,7845
2016,FEMALE,TEST,Name7846,100,7846
2016,FEMALE,TEST,Name7847,100,7847
2016,FEMALE,TEST,Name7848,100,7848
2016,FEMALE,TEST,Name7849,100,7849
2016,FEMALE,TEST,Name7850,100,7850
2016,FEMALE,TEST,Name7851,100,7851
2016,FEMALE,TEST,Name7852,100,7852
2016,FEMALE,TEST,Name7853,100,7853
2016,FEMALE,TEST,Name7854,100,7854
2016,FEMALE,TEST,Name7855,100,7855
2016,FEMALE,TEST,Name7856,100,7856
2016,FEMALE,TEST,Name7857,100,7857
2016,FEMALE,TEST,Name7858,100,7858
2016,FEMALE,TEST,Name7859,100,7859
2016,FEMALE,TEST,Name7860,100,7860
2016,FEMALE,TEST,Name7861,100,7861
2016,FEMALE,TEST,Name7862,100,7862
2016,FEMALE,TEST,Name7863,100,7863
2016,FEMALE,TEST,Name7864,100,7864
2016,FEMALE,TEST,Name7865,100,7865
2016,FEMALE,TEST,Name7866,100,7866
2016,FEMALE,TEST,Name7867,100,7867
2016,FEMALE,TEST,Name7868,100,7868
2016,FEMALE,TEST,Name7869,100,7869
2016,FEMALE,TEST,Name7870,100,7870
2016,FEMALE,TEST,Name7871,100,7871
2016,FEMALE,TEST,Name7872,100,7872
2016,FEMALE,TEST,Name7873,100,7873
2016,FEMALE,TEST,Name7874,100,7874
2016,FEMALE,TEST,Name7875,100,7875
2016,FEMALE,TEST,Name7876,100,7876
2016,FEMALE,TEST,Name7877,100,7877
2016,FEMALE,TEST,Name7878,100,7878
2016,FEMALE,TEST,Name7879,100,7879
2016,FEMALE,TEST,Name7880,100,7880
2016,FEMALE,TEST,Name7881,100,7881
2016,FEMALE,TEST,Name7882,100,7882
2016,FEMALE,TEST,Name7883,100,7883
2016,FEMALE,TEST,Name7884,100,7884
2016,FEMALE,TEST,Name7885,100,7885
2016,FEMALE,TEST,Name7886,100,7886
2016,FEMALE,TEST,Name7887,100,7887
2016,FEMALE,TEST,Name7888,100,7888
2016,FEMALE,TEST,Name7889,100,7889
2016,FEMALE,TEST,Name7890,100,7890
2016,FEMALE,TEST,Name7891,100,7891
2016,FEMALE,TEST,Name7892,100,7892
2016,FEMALE,TEST,Name7893,100,7893
2016,FEMALE,TEST,Name7894,100,7894
2016,FEMALE,TEST,Name7895,100,7895
2016,FEMALE,TEST,Name7896,100,7896
2016,FEMALE,TEST,Name7897,100,7897
2016,FEMALE,TEST,Name7898,100,7898
2016,FEMALE,TEST,Name7899,100,7899
2016,FEMALE,TEST,Name7900,100,7900
2016,FEMALE,TEST,Name7901,100,7901
2016,FEMALE,TEST,Name7902,100,7902
2016,FEMALE,TEST,Name7903,100,7903
2016,FEMALE,TEST,Name7904,100,7904
2016,FEMALE,TEST,Name7905,100,7905
2016,FEMALE,TEST,Name7906,100,7906
2016,FEMALE,TEST,Name7907,100,7907
2016,FEMALE,TEST,Name7908,100,7908
2016,FEMALE,TEST,Name7909,100,7909
2016,FEMALE,TEST,Name7910,100,7910
2016,FEMALE,TEST,Name7911,100,7911
2016,FEMALE,TEST,Name7912,100,7912
2016,FEMALE,TEST,Name7913,100,7913
2016,FEMALE,TEST,Name7914,100,7914
2016,FEMALE,TEST,Name7915,100,7915
2016,FEMALE,TEST,Name7916,100,7916
2016,FEMALE,TEST,Name7917,100,7917
2016,FEMALE,TEST,Name7918,100,7918
2016,FEMALE,TEST,Name7919,100,7919
2016,FEMALE,TEST,Name7920,100,7920
2016,FEMALE,TEST,Name7921,100,7921
2016,FEMALE,TEST,Name7922,100,7922
2016,FEMALE,TEST,Name7923,100,7923
2016,FEMALE,TEST,Name7924,100,7924
2016,FEMALE,TEST,Name7925,100,7925
2016,FEMALE,TEST,Name7926,100,7926
2016,FEMALE,TEST,Name7927,100,7927
2016,FEMALE,TEST,Name7928,100,7928
2016,FEMALE,TEST,Name7929,100,7929
2016,FEMALE,TEST,Name7930,100,7930
2016,FEMALE,TEST,Name7931,100,7931
2016,FEMALE,TEST,Name7932,100,7932
2016,FEMALE,TEST,Name7933,100,7933
2016,FEMALE,TEST,Name7934,100,7934
2016,FEMALE,TEST,Name7935,100,7935
2016,FEMALE,TEST,Name7936,100,7936
2016,FEMALE,TEST,Name7937,100,7937
2016,FEMALE,TEST,Name7938,100,7938
2016,FEMALE,TEST,Name7939,100,7939
2016,FEMALE,TEST,Name7940,100,7940
2016,FEMALE,TEST,Name7941,100,7941
2016,FEMALE,TEST,Name7942,100,7942
2016,FEMALE,TEST,Name7943,100,7943
2016,FEMALE,TEST,Name7944,100,7944
2016,FEMALE,TEST,Name7945,100,7945
2016,FEMALE,TEST,Name7946,100,7946
2016,FEMALE,TEST,Name7947,100,7947
2016,FEMALE,TEST,Name7948,100,7948
2016,FEMALE,TEST,Name7949,100,7949
2016,FEMALE,TEST,Name7950,100,7950
2016,FEMALE,TEST,Name7951,100,7951
2016,FEMALE,TEST,Name7952,100,7952
2016,FEMALE,TEST,Name7953,100,7953
2016,FEMALE,TEST,Name7954,100,7954
2016,FEMALE,TEST,Name7955,100,7955
2016,FEMALE,TEST,Name7956,100,7956
2016,FEMALE,TEST,Name7957,100,7957
2016,FEMALE,TEST,Name7958,100,7958
2016,FEMALE,TEST,Name7959,100,7959
2016,FEMALE,TEST,Name7960,100,7960
2016,FEMALE,TEST,Name7961,100,7961
2016,FEMALE,TEST,Name7962,100,7962
2016,FEMALE,TEST,Name7963,100,7963
2016,FEMALE,TEST,Name7964,100,7964
2016,FEMALE,TEST,Name7965,100,7965
2016,FEMALE,TEST,Name7966,100,7966
2016,FEMALE,TEST,Name7967,100,7967
2016,FEMALE,TEST,Name7968,100,7968
2016,FEMALE,TEST,Name7969,100,7969
2016,FEMALE,TEST,Name7970,100,7970
2016,FEMALE,TEST,Name7971,100,7971
2016,FEMALE,TEST,Name7972,100,7972
2016,FEMALE,TEST,Name7973,100,7973
2016,FEMALE,TEST,Name7974,100,7974
2016,FEMALE,TEST,Name7975,100,7975
2016,FEMALE,TEST,Name7976,100,7976
2016,FEMALE,TEST,Name7977,100,7977
2016,FEMALE,TEST,Name7978,100,7978
2016,FEMALE,TEST,Name7979,100,7979
2016,FEMALE,TEST,Name7980,100,7980
2016,FEMALE,TEST,Name7981,100,7981
2016,FEMALE,TEST,Name7982,100,7982
2016,FEMALE,TEST,Name7983,100,7983
2016,FEMALE,TEST,Name7984,100,7984
2016,FEMALE,TEST,Name7985,100,7985
2016,FEMALE,TEST,Name7986,100,7986
2016,FEMALE,TEST,Name7987,100,7987
2016,FEMALE,TEST,Name7988,100,7988
2016,FEMALE,TEST,Name7989,100,7989
2016,FEMALE,TEST,Name7990,100,7990
2016,FEMALE,TEST,Name7991,100,7991
2016,FEMALE,TEST,Name7992,100,7992
2016,FEMALE,TEST,Name7993,100,7993
2016,FEMALE,TEST,Name7994,100,7994
2016,FEMALE,TEST,Name7995,100,7995
2016,FEMALE,TEST,Name7996,100,7996
2016,FEMALE,TEST,Name7997,100,7997
2016,FEMALE,TEST,Name7998,100,7998
2016,FEMALE,TEST,Name7999,100,7999
2016,FEMALE,TEST,Name8000,100,8000
2016,FEMALE,TEST,Name8001,100,8001
2016,FEMALE,TEST,Name8002,100,8002
2016,FEMALE,TEST,Name8003,100,8003
2016,FEMALE,TEST,Name8004,100,8004
2016,FEMALE,TEST,Name8005,100,8005
2016,FEMALE,TEST,Name8006,100,8006
2016,FEMALE,TEST,Name8007,100,8007
2016,FEMALE,TEST,Name8008,100,8008
2016,FEMALE,TEST,Name8009,100,8009
2016,FEMALE,TEST,Name8010,100,8010
2016,FEMALE,TEST,Name8011,100,8011
2016,FEMALE,TEST,Name8012,100,8012
2016,FEMALE,TEST,Name8013,100,8013
2016,FEMALE,TEST,Name8014,100,8014
2016,FEMALE,TEST,Name8015,100,8015
2016,FEMALE,TEST,Name8016,100,8016
2016,FEMALE,TEST,Name8017,100,8017
2016,FEMALE,TEST,Name8018,100,8018
2016,FEMALE,TEST,Name8019,100,8019
2016,FEMALE,TEST,Name8020,100,8020
2016,FEMALE,TEST,Name8021,100,8021
2016,FEMALE,TEST,Name8022,100,8022
2016,FEMALE,TEST,Name8023,100,8023
2016,FEMALE,TEST,Name8024,100,8024
2016,FEMALE,TEST,Name8025,100,8025
2016,FEMALE,TEST,Name8026,100,8026
2016,FEMALE,TEST,Name8027,100,8027
2016,FEMALE,TEST,Name8028,100,8028
2016,FEMALE,TEST,Name8029,100,8029
2016,FEMALE,TEST,Name8030,100,8030
2016,FEMALE,TEST,Name8031,100,8031
2016,FEMALE,TEST,Name8032,100,8032
2016,FEMALE,TEST,Name8033,100,8033
2016,FEMALE,TEST,Name8034,100,8034
2016,FEMALE,TEST,Name8035,100,8035
2016,FEMALE,TEST,Name8036,100,8036
2016,FEMALE,TEST,Name8037,100,8037
2016,FEMALE,TEST,Name8038,100,8038
2016,FEMALE,TEST,Name8039,100,8039
2016,FEMALE,TEST,Name8040,100,8040
2016,FEMALE,TEST,Name8041,100,8041
2016,FEMALE,TEST,Name8042,100,8042
2016,FEMALE,TEST,Name8043,100,8043
2016,FEMALE,TEST,Name8044,100,8044
2016,FEMALE,TEST,Name8045,100,8045
2016,FEMALE,TEST,Name8046,100,8046
2016,FEMALE,TEST,Name8047,100,8047
2016,FEMALE,TEST,Name8048,100,8048
2016,FEMALE,TEST,Name8049,100,8049
2016,FEMALE,TEST,Name8050,100,8050
2016,FEMALE,TEST,Name8051,100,8051
2016,FEMALE,TEST,Name8052,100,8052
2016,FEMALE,TEST,Name8053,100,8053
2016,FEMALE,TEST,Name8054,100,8054
2016,FEMALE,TEST,Name8055,100,8055
2016,FEMALE,TEST,Name8056,100,8056
2016,FEMALE,TEST,Name8057,100,8057
2016,FEMALE,TEST,Name8058,100,8058
2016,FEMALE,TEST,Name8059,100,8059
2016,FEMALE,TEST,Name8060,100,8060
2016,FEMALE,TEST,Name8061,100,8061
2016,FEMALE,TEST,Name8062,100,8062
2016,FEMALE,TEST,Name8063,100,8063
2016,FEMALE,TEST,Name8064,100,8064
2016,FEMALE,TEST,Name8065,100,8065
2016,FEMALE,TEST,Name8066,100,8066
2016,FEMALE,TEST,Name8067,100,8067
2016,FEMALE,TEST,Name8068,100,8068
2016,FEMALE,TEST,Name8069,100,8069
2016,FEMALE,TEST,Name8070,100,8070
2016,FEMALE,TEST,Name8071,100,8071
2016,FEMALE,TEST,Name8072,100,8072
2016,FEMALE,TEST,Name8073,100,8073
2016,FEMALE,TEST,Name8074,100,8074
2016,FEMALE,TEST,Name8075,100,8075
2016,FEMALE,TEST,Name8076,100,8076
2016,FEMALE,TEST,Name8077,100,8077
2016,FEMALE,TEST,Name8078,100,8078
2016,FEMALE,TEST,Name8079,100,8079
2016,FEMALE,TEST,Name8080,100,8080
2016,FEMALE,TEST,Name8081,100,8081
2016,FEMALE,TEST,Name8082,100,8082
2016,FEMALE,TEST,Name8083,100,8083
2016,FEMALE,TEST,Name8084,100,8084
2016,FEMALE,TEST,Name8085,100,8085
2016,FEMALE,TEST,Name8086,100,8086
2016,FEMALE,TEST,Name8087,100,8087
2016,FEMALE,TEST,Name8088,100,8088
2016,FEMALE,TEST,Name8089,100,8089
2016,FEMALE,TEST,Name8090,100,8090
2016,FEMALE,TEST,Name8091,100,8091
2016,FEMALE,TEST,Name8092,100,8092
2016,FEMALE,TEST,Name8093,100,8093
2016,FEMALE,TEST,Name8094,100,8094
2016,FEMALE,TEST,Name8095,100,8095
2016,FEMALE,TEST,Name8096,100,8096
2016,FEMALE,TEST,Name8097,100,8097
2016,FEMALE,TEST,Name8098,100,8098
2016,FEMALE,TEST,Name8099,100,8099
2016,FEMALE,TEST,Name8100,100,8100
2016,FEMALE,TEST,Name8101,100,8101
2016,FEMALE,TEST,Name8102,100,8102
2016,FEMALE,TEST,Name8103,100,8103
2016,FEMALE,TEST,Name8104,100,8104
2016,FEMALE,TEST,Name8105,100,8105
2016,FEMALE,TEST,Name8106,100,8106
2016,FEMALE,TEST,Name8107,100,8107
2016,FEMALE,TEST,Name8108,100,8108
2016,FEMALE,TEST,Name8109,100,8109
2016,FEMALE,TEST,Name8110,100,8110
2016,FEMALE,TEST,Name8111,100,8111
2016,FEMALE,TEST,Name8112,100,8112
2016,FEMALE,TEST,Name8113,100,8113
2016,FEMALE,TEST,Name8114,100,8114
2016,FEMALE,TEST,Name8115,100,8115
2016,FEMALE,TEST,Name8116,100,8116
2016,FEMALE,TEST,Name8117,100,8117
2016,FEMALE,TEST,Name8118,100,8118
2016,FEMALE,TEST,Name8119,100,8119
2016,FEMALE,TEST,Name8120,100,8120
2016,FEMALE,TEST,Name8121,100,8121
2016,FEMALE,TEST,Name8122,100,8122
2016,FEMALE,TEST,Name8123,100,8123
2016,FEMALE,TEST,Name8124,100,8124
2016,FEMALE,TEST,Name8125,100,8125
2016,FEMALE,TEST,Name8126,100,8126
2016,FEMALE,TEST,Name8127,100,8127
2016,FEMALE,TEST,Name8128,100,8128
2016,FEMALE,TEST,Name8129,100,8129
2016,FEMALE,TEST,Name8130,100,8130
2016,FEMALE,TEST,Name8131,100,8131
2016,FEMALE,TEST,Name8132,100,8132
2016,FEMALE,TEST,Name8133,100,8133
2016,FEMALE,TEST,Name8134,100,8134
2016,FEMALE,TEST,Name8135,100,8135
2016,FEMALE,TEST,Name8136,100,8136
2016,FEMALE,TEST,Name8137,100,8137
2016,FEMALE,TEST,Name8138,100,8138
2016,FEMALE,TEST,Name8139,100,8139
2016,FEMALE,TEST,Name8140,100,8140
2016,FEMALE,TEST,Name8141,100,8141
2016,FEMALE,TEST,Name8142,100,8142
2016,FEMALE,TEST,Name8143,100,8143
2016,FEMALE,TEST,Name8144,100,8144
2016,FEMALE,TEST,Name8145,100,8145
2016,FEMALE,TEST,Name8146,100,8146
2016,FEMALE,TEST,Name8147,100,8147
2016,FEMALE,TEST,Name8148,100,8148
2016,FEMALE,TEST,Name8149,100,8149
2016,FEMALE,TEST,Name8150,100,8150
2016,FEMALE,TEST,Name8151,100,8151
2016,FEMALE,TEST,Name8152,100,8152
2016,FEMALE,TEST,Name8153,100,8153
2016,FEMALE,TEST,Name8154,100,8154
2016,FEMALE,TEST,Name8155,100,8155
2016,FEMALE,TEST,Name8156,100,8156
2016,FEMALE,TEST,Name8157,100,8157
2016,FEMALE,TEST,Name8158,100,8158
2016,FEMALE,TEST,Name8159,100,8159
2016,FEMALE,TEST,Name8160,100,8160
2016,FEMALE,TEST,Name8161,100,8161
2016,FEMALE,TEST,Name8162,100,8162
2016,FEMALE,TEST,Name8163,100,8163
2016,FEMALE,TEST,Name8164,100,8164
2016,FEMALE,TEST,Name8165,100,8165
2016,FEMALE,TEST,Name8166,100,8166
2016,FEMALE,TEST,Name8167,100,8167
2016,FEMALE,TEST,Name8168,100,8168
2016,FEMALE,TEST,Name8169,100,8169
2016,FEMALE,TEST,Name8170,100,8170
2016,FEMALE,TEST,Name8171,100,8171
2016,FEMALE,TEST,Name8172,100,8172
2016,FEMALE,TEST,Name8173,100,8173
2016,FEMALE,TEST,Name8174,100,8174
2016,FEMALE,TEST,Name8175,100,8175
2016,FEMALE,TEST,Name8176,100,8176
2016,FEMALE,TEST,Name8177,100,8177
2016,FEMALE,TEST,Name8178,100,8178
2016,FEMALE,TEST,Name8179,100,8179
2016,FEMALE,TEST,Name8180,100,8180
2016,FEMALE,TEST,Name8181,100,8181
2016,FEMALE,TEST,Name8182,100,8182
2016,FEMALE,TEST,Name8183,100,8183
2016,FEMALE,TEST,Name8184,100,8184
2016,FEMALE,TEST,Name8185,100,8185
2016,FEMALE,TEST,Name8186,100,8186
2016,FEMALE,TEST,Name8187,100,8187
2016,FEMALE,TEST,Name8188,100,8188
2016,FEMALE,TEST,Name8189,100,8189
2016,FEMALE,TEST,Name8190,100,8190
2016,FEMALE,TEST,Name8191,100,8191
2016,FEMALE,TEST,Name8192,100,8192
2016,FEMALE,TEST,Name8193,100,8193
2016,FEMALE,TEST,Name8194,100,8194
2016,FEMALE,TEST,Name8195,100,8195
2016,FEMALE,TEST,Name8196,100,8196
2016,FEMALE,TEST,Name8197,100,8197
2016,FEMALE,TEST,Name8198,100,8198
2016,FEMALE,TEST,Name8199,100,8199
2016,FEMALE,TEST,Name8200,100,8200
2016,FEMALE,TEST,Name8201,100,8201
2016,FEMALE,TEST,Name8202,100,8202
2016,FEMALE,TEST,Name8203,100,8203
2016,FEMALE,TEST,Name8204,100,8204
2016,FEMALE,TEST,Name8205,100,8205
2016,FEMALE,TEST,Name8206,100,8206
2016,FEMALE,TEST,Name8207,100,8207
2016,FEMALE,TEST,Name8208,100,8208
2016,FEMALE,TEST,Name8209,100,8209
2016,FEMALE,TEST,Name8210,100,8210
2016,FEMALE,TEST,Name8211,100,8211
2016,FEMALE,TEST,Name8212,100,8212
2016,FEMALE,TEST,Name8213,100,8213
2016,FEMALE,TEST,Name8214,100,8214
2016,FEMALE,TEST,Name8215,100,8215
2016,FEMALE,TEST,Name8216,100,8216
2016,FEMALE,TEST,Name8217,100,8217
2016,FEMALE,TEST,Name8218,100,8218
2016,FEMALE,TEST,Name8219,100,8219
2016,FEMALE,TEST,Name8220,100,8220
2016,FEMALE,TEST,Name8221,100,8221
2016,FEMALE,TEST,Name8222,100,8222
2016,FEMALE,TEST,Name8223,100,8223
2016,FEMALE,TEST,Name8224,100,8224
2016,FEMALE,TEST,Name8225,100,8225
2016,FEMALE,TEST,Name8226,100,8226
2016,FEMALE,TEST,Name8227,100,8227
2016,FEMALE,TEST,Name8228,100,8228
2016,FEMALE,TEST,Name8229,100,8229
2016,FEMALE,TEST,Name8230,100,8230
2016,FEMALE,TEST,Name8231,100,8231
2016,FEMALE,TEST,Name8232,100,8232
2016,FEMALE,TEST,Name8233,100,8233
2016,FEMALE,TEST,Name8234,100,8234
2016,FEMALE,TEST,Name8235,100,8235
2016,FEMALE,TEST,Name8236,100,8236
2016,FEMALE,TEST,Name8237,100,8237
2016,FEMALE,TEST,Name8238,100,8238
2016,FEMALE,TEST,Name8239,100,8239
2016,FEMALE,TEST,Name8240,100,8240
2016,FEMALE,TEST,Name8241,100,8241
2016,FEMALE,TEST,Name8242,100,8242
2016,FEMALE,TEST,Name8243,100,8243
2016,FEMALE,TEST,Name8244,100,8244
2016,FEMALE,TEST,Name8245,100,8245
2016,FEMALE,TEST,Name8246,100,8246
2016,FEMALE,TEST,Name8247,100,8247
2016,FEMALE,TEST,Name8248,100,8248
2016,FEMALE,TEST,Name8249,100,8249
2016,FEMALE,TEST,Name8250,100,8250
2016,FEMALE,TEST,Name8251,100,8251
2016,FEMALE,TEST,Name8252,100,8252
2016,FEMALE,TEST,Name8253,100,8253
2016,FEMALE,TEST,Name8254,100,8254
2016,FEMALE,TEST,Name8255,100,8255
2016,FEMALE,TEST,Name8256,100,8256
2016,FEMALE,TEST,Name8257,100,8257
2016,FEMALE,TEST,Name8258,100,8258
2016,FEMALE,TEST,Name8259,100,8259
2016,FEMALE,TEST,Name8260,100,8260
2016,FEMALE,TEST,Name8261,100,8261
2016,FEMALE,TEST,Name8262,100,8262
2016,FEMALE,TEST,Name8263,100,8263
2016,FEMALE,TEST,Name8264,100,8264
2016,FEMALE,TEST,Name8265,100,8265
2016,FEMALE,TEST,Name8266,100,8266
2016,FEMALE,TEST,Name8267,100,8267
2016,FEMALE,TEST,Name8268,100,8268
2016,FEMALE,TEST,Name8269,100,8269
2016,FEMALE,TEST,Name8270,100,8270
2016,FEMALE,TEST,Name8271,100,8271
2016,FEMALE,TEST,Name8272,100,8272
2016,FEMALE,TEST,Name8273,100,8273
2016,FEMALE,TEST,Name8274,100,8274
2016,FEMALE,TEST,Name8275,100,8275
2016,FEMALE,TEST,Name8276,100,8276
2016,FEMALE,TEST,Name8277,100,8277
2016,FEMALE,TEST,Name8278,100,8278
2016,FEMALE,TEST,Name8279,100,8279
2016,FEMALE,TEST,Name8280,100,8280
2016,FEMALE,TEST,Name8281,100,8281
2016,FEMALE,TEST,Name8282,100,8282
2016,FEMALE,TEST,Name8283,100,8283
2016,FEMALE,TEST,Name8284,100,8284
2016,FEMALE,TEST,Name8285,100,8285
2016,FEMALE,TEST,Name8286,100,8286
2016,FEMALE,TEST,Name8287,100,8287
2016,FEMALE,TEST,Name8288,100,8288
2016,FEMALE,TEST,Name8289,100,8289
2016,FEMALE,TEST,Name8290,100,8290
2016,FEMALE,TEST,Name8291,100,8291
2016,FEMALE,TEST,Name8292,100,8292
2016,FEMALE,TEST,Name8293,100,8293
2016,FEMALE,TEST,Name8294,100,8294
2016,FEMALE,TEST,Name8295,100,8295
2016,FEMALE,TEST,Name8296,100,8296
2016,FEMALE,TEST,Name8297,100,8297
2016,FEMALE,TEST,Name8298,100,8298
2016,FEMALE,TEST,Name8299,100,8299
2016,FEMALE,TEST,Name8300,100,8300
2016,FEMALE,TEST,Name8301,100,8301
2016,FEMALE,TEST,Name8302,100,8302
2016,FEMALE,TEST,Name8303,100,8303
2016,FEMALE,TEST,Name8304,100,8304
2016,FEMALE,TEST,Name8305,100,8305
2016,FEMALE,TEST,Name8306,100,8306
2016,FEMALE,TEST,Name8307,100,8307
2016,FEMALE,TEST,Name8308,100,8308
2016,FEMALE,TEST,Name8309,100,8309
2016,FEMALE,TEST,Name8310,100,8310
2016,FEMALE,TEST,Name8311,100,8311
2016,FEMALE,TEST,Name8312,100,8312
2016,FEMALE,TEST,Name8313,100,8313
2016,FEMALE,TEST,Name8314,100,8314
2016,FEMALE,TEST,Name8315,100,8315
2016,FEMALE,TEST,Name8316,100,8316
2016,FEMALE,TEST,Name8317,100,8317
2016,FEMALE,TEST,Name8318,100,8318
2016,FEMALE,TEST,Name8319,100,8319
2016,FEMALE,TEST,Name8320,100,8320
2016,FEMALE,TEST,Name8321,100,8321
2016,FEMALE,TEST,Name8322,100,8322
2016,FEMALE,TEST,Name8323,100,8323
2016,FEMALE,TEST,Name8324,100,8324
2016,FEMALE,TEST,Name8325,100,8325
2016,FEMALE,TEST,Name8326,100,8326
2016,FEMALE,TEST,Name8327,100,8327
2016,FEMALE,TEST,Name8328,100,8328
2016,FEMALE,TEST,Name8329,100,8329
2016,FEMALE,TEST,Name8330,100,8330
2016,FEMALE,TEST,Name8331,100,8331
2016,FEMALE,TEST,Name8332,100,8332
2016,FEMALE,TEST,Name8333,100,8333
2016,FEMALE,TEST,Name8334,100,8334
2016,FEMALE,TEST,Name8335,100,8335
2016,FEMALE,TEST,Name8336,100,8336
2016,FEMALE,TEST,Name8337,100,8337
2016,FEMALE,TEST,Name8338,100,8338
2016,FEMALE,TEST,Name8339,100,8339
2016,FEMALE,TEST,Name8340,100,8340
2016,FEMALE,TEST,Name8341,100,8341
2016,FEMALE,TEST,Name8342,100,8342
2016,FEMALE,TEST,Name8343,100,8343
2016,FEMALE,TEST,Name8344,100,8344
2016,FEMALE,TEST,Name8345,100,8345
2016,FEMALE,TEST,Name8346,100,8346
2016,FEMALE,TEST,Name8347,100,8347
2016,FEMALE,TEST,Name8348,100,8348
2016,FEMALE,TEST,Name8349,100,8349
2016,FEMALE,TEST,Name8350,100,8350
2016,FEMALE,TEST,Name8351,100,8351
2016,FEMALE,TEST,Name8352,100,8352
2016,FEMALE,TEST,Name8353,100,8353
2016,FEMALE,TEST,Name8354,100,8354
2016,FEMALE,TEST,Name8355,100,8355
2016,FEMALE,TEST,Name8356,100,8356
2016,FEMALE,TEST,Name8357,100,8357
2016,FEMALE,TEST,Name8358,100,8358
2016,FEMALE,TEST,Name8359,100,8359
2016,FEMALE,TEST,Name8360,100,8360
2016,FEMALE,TEST,Name8361,100,8361
2016,FEMALE,TEST,Name8362,100,8362
2016,FEMALE,TEST,Name8363,100,8363
2016,FEMALE,TEST,Name8364,100,8364
2016,FEMALE,TEST,Name8365,100,8365
2016,FEMALE,TEST,Name8366,100,8366
2016,FEMALE,TEST,Name8367,100,8367
2016,FEMALE,TEST,Name8368,100,8368
2016,FEMALE,TEST,Name8369,100,8369
2016,FEMALE,TEST,Name8370,100,8370
2016,FEMALE,TEST,Name8371,100,8371
2016,FEMALE,TEST,Name8372,100,8372
2016,FEMALE,TEST,Name8373,100,8373
2016,FEMALE,TEST,Name8374,100,8374
2016,FEMALE,TEST,Name8375,100,8375
2016,FEMALE,TEST,Name8376,100,8376
2016,FEMALE,TEST,Name8377,100,8377
2016,FEMALE,TEST,Name8378,100,8378
2016,FEMALE,TEST,Name8379,100,8379
2016,FEMALE,TEST,Name8380,100,8380
2016,FEMALE,TEST,Name8381,100,8381
2016,FEMALE,TEST,Name8382,100,8382
2016,FEMALE,TEST,Name8383,100,8383
2016,FEMALE,TEST,Name8384,100,8384
2016,FEMALE,TEST,Name8385,100,8385
2016,FEMALE,TEST,Name8386,100,8386
2016,FEMALE,TEST,Name8387,100,8387
2016,FEMALE,TEST,Name8388,100,8388
2016,FEMALE,TEST,Name8389,100,8389
2016,FEMALE,TEST,Name8390,100,8390
2016,FEMALE,TEST,Name8391,100,8391
2016,FEMALE,TEST,Name8392,100,8392
2016,FEMALE,TEST,Name8393,100,8393
2016,FEMALE,TEST,Name8394,100,8394
2016,FEMALE,TEST,Name8395,100,8395
2016,FEMALE,TEST,Name8396,100,8396
2016,FEMALE,TEST,Name8397,100,8397
2016,FEMALE,TEST,Name8398,100,8398
2016,FEMALE,TEST,Name8399,100,8399
2016,FEMALE,TEST,Name8400,100,8400
2016,FEMALE,TEST,Name8401,100,8401
2016,FEMALE,TEST,Name8402,100,8402
2016,FEMALE,TEST,Name8403,100,8403
2016,FEMALE,TEST,Name8404,100,8404
2016,FEMALE,TEST,Name8405,100,8405
2016,FEMALE,TEST,Name8406,100,8406
2016,FEMALE,TEST,Name8407,100,8407
2016,FEMALE,TEST,Name8408,100,8408
2016,FEMALE,TEST,Name8409,100,8409
2016,FEMALE,TEST,Name8410,100,8410
2016,FEMALE,TEST,Name8411,100,8411
2016,FEMALE,TEST,Name8412,100,8412
2016,FEMALE,TEST,Name8413,100,8413
2016,FEMALE,TEST,Name8414,100,8414
2016,FEMALE,TEST,Name8415,100,8415
2016,FEMALE,TEST,Name8416,100,8416
2016,FEMALE,TEST,Name8417,100,8417
2016,FEMALE,TEST,Name8418,100,8418
2016,FEMALE,TEST,Name8419,100,8419
2016,FEMALE,TEST,Name8420,100,8420
2016,FEMALE,TEST,Name8421,100,8421
2016,FEMALE,TEST,Name8422,100,8422
2016,FEMALE,TEST,Name8423,100,8423
2016,FEMALE,TEST,Name8424,100,8424
2016,FEMALE,TEST,Name8425,100,8425
2016,FEMALE,TEST,Name8426,100,8426
2016,FEMALE,TEST,Name8427,100,8427
2016,FEMALE,TEST,Name8428,100,8428
2016,FEMALE,TEST,Name8429,100,8429
2016,FEMALE,TEST,Name8430,100,8430
2016,FEMALE,TEST,Name8431,100,8431
2016,FEMALE,TEST,Name8432,100,8432
2016,FEMALE,TEST,Name8433,100,8433
2016,FEMALE,TEST,Name8434,100,8434
2016,FEMALE,TEST,Name8435,100,8435
2016,FEMALE,TEST,Name8436,100,8436
2016,FEMALE,TEST,Name8437,100,8437
2016,FEMALE,TEST,Name8438,100,8438
2016,FEMALE,TEST,Name8439,100,8439
2016,FEMALE,TEST,Name8440,100,8440
2016,FEMALE,TEST,Name8441,100,8441
2016,FEMALE,TEST,Name8442,100,8442
2016,FEMALE,TEST,Name8443,100,8443
2016,FEMALE,TEST,Name8444,100,8444
2016,FEMALE,TEST,Name8445,100,8445
2016,FEMALE,TEST,Name8446,100,8446
2016,FEMALE,TEST,Name8447,100,8447
2016,FEMALE,TEST,Name8448,100,8448
2016,FEMALE,TEST,Name8449,100,8449
2016,FEMALE,TEST,Name8450,100,8450
2016,FEMALE,TEST,Name8451,100,8451
2016,FEMALE,TEST,Name8452,100,8452
2016,FEMALE,TEST,Name8453,100,8453
2016,FEMALE,TEST,Name8454,100,8454
2016,FEMALE,TEST,Name8455,100,8455
2016,FEMALE,TEST,Name8456,100,8456
2016,FEMALE,TEST,Name8457,100,8457
2016,FEMALE,TEST,Name8458,100,8458
2016,FEMALE,TEST,Name8459,100,8459
2016,FEMALE,TEST,Name8460,100,8460
2016,FEMALE,TEST,Name8461,100,8461
2016,FEMALE,TEST,Name8462,100,8462
2016,FEMALE,TEST,Name8463,100,8463
2016,FEMALE,TEST,Name8464,100,8464
2016,FEMALE,TEST,Name8465,100,8465
2016,FEMALE,TEST,Name8466,100,8466
2016,FEMALE,TEST,Name8467,100,8467
2016,FEMALE,TEST,Name8468,100,8468
2016,FEMALE,TEST,Name8469,100,8469
2016,FEMALE,TEST,Name8470,100,8470
2016,FEMALE,TEST,Name8471,100,8471
2016,FEMALE,TEST,Name8472,100,8472
2016,FEMALE,TEST,Name8473,100,8473
2016,FEMALE,TEST,Name8474,100,8474
2016,FEMALE,TEST,Name8475,100,8475
2016,FEMALE,TEST,Name8476,100,8476
2016,FEMALE,TEST,Name8477,100,8477
2016,FEMALE,TEST,Name8478,100,8478
2016,FEMALE,TEST,Name8479,100,8479
2016,FEMALE,TEST,Name8480,100,8480
2016,FEMALE,TEST,Name8481,100,8481
2016,FEMALE,TEST,Name8482,100,8482
2016,FEMALE,TEST,Name8483,100,8483
2016,FEMALE,TEST,Name8484,100,8484
2016,FEMALE,TEST,Name8485,100,8485
2016,FEMALE,TEST,Name8486,100,8486
2016,FEMALE,TEST,Name8487,100,8487
2016,FEMALE,TEST,Name8488,100,8488
2016,FEMALE,TEST,Name8489,100,8489
2016,FEMALE,TEST,Name8490,100,8490
2016,FEMALE,TEST,Name8491,100,8491
2016,FEMALE,TEST,Name8492,100,8492
2016,FEMALE,TEST,Name8493,100,8493
2016,FEMALE,TEST,Name8494,100,8494
2016,FEMALE,TEST,Name8495,100,8495
2016,FEMALE,TEST,Name8496,100,8496
2016,FEMALE,TEST,Name8497,100,8497
2016,FEMALE,TEST,Name8498,100,8498
2016,FEMALE,TEST,Name8499,100,8499
2016,FEMALE,TEST,Name8500,100,8500
2016,FEMALE,TEST,Name8501,100,8501
2016,FEMALE,TEST,Name8502,100,8502
2016,FEMALE,TEST,Name8503,100,8503
2016,FEMALE,TEST,Name8504,100,8504
2016,FEMALE,TEST,Name8505,100,8505
2016,FEMALE,TEST,Name8506,100,8506
2016,FEMALE,TEST,Name8507,100,8507
2016,FEMALE,TEST,Name8508,100,8508
2016,FEMALE,TEST,Name8509,100,8509
2016,FEMALE,TEST,Name8510,100,8510
2016,FEMALE,TEST,Name8511,100,8511
2016,FEMALE,TEST,Name8512,100,8512
2016,FEMALE,TEST,Name8513,100,8513
2016,FEMALE,TEST,Name8514,100,8514
2016,FEMALE,TEST,Name8515,100,8515
2016,FEMALE,TEST,Name8516,100,8516
2016,FEMALE,TEST,Name8517,100,8517
2016,FEMALE,TEST,Name8518,100,8518
2016,FEMALE,TEST,Name8519,100,8519
2016,FEMALE,TEST,Name8520,100,8520
2016,FEMALE,TEST,Name8521,100,8521
2016,FEMALE,TEST,Name8522,100,8522
2016,FEMALE,TEST,Name8523,100,8523
2016,FEMALE,TEST,Name8524,100,8524
2016,FEMALE,TEST,Name8525,100,8525
2016,FEMALE,TEST,Name8526,100,8526
2016,FEMALE,TEST,Name8527,100,8527
2016,FEMALE,TEST,Name8528,100,8528
2016,FEMALE,TEST,Name8529,100,8529
2016,FEMALE,TEST,Name8530,100,8530
2016,FEMALE,TEST,Name8531,100,8531
2016,FEMALE,TEST,Name8532,100,8532
2016,FEMALE,TEST,Name8533,100,8533
2016,FEMALE,TEST,Name8534,100,8534
2016,FEMALE,TEST,Name8535,100,8535
2016,FEMALE,TEST,Name8536,100,8536
2016,FEMALE,TEST,Name8537,100,8537
2016,FEMALE,TEST,Name8538,100,8538
2016,FEMALE,TEST,Name8539,100,8539
2016,FEMALE,TEST,Name8540,100,8540
2016,FEMALE,TEST,Name8541,100,8541
2016,FEMALE,TEST,Name8542,100,8542
2016,FEMALE,TEST,Name8543,100,8543
2016,FEMALE,TEST,Name8544,100,8544
2016,FEMALE,TEST,Name8545,100,8545
2016,FEMALE,TEST,Name8546,100,8546
2016,FEMALE,TEST,Name8547,100,8547
2016,FEMALE,TEST,Name8548,100,8548
2016,FEMALE,TEST,Name8549,100,8549
2016,FEMALE,TEST,Name8550,100,8550
2016,FEMALE,TEST,Name8551,100,8551
2016,FEMALE,TEST,Name8552,100,8552
2016,FEMALE,TEST,Name8553,100,8553
2016,FEMALE,TEST,Name8554,100,8554
2016,FEMALE,TEST,Name8555,100,8555
2016,FEMALE,TEST,Name8556,100,8556
2016,FEMALE,TEST,Name8557,100,8557
2016,FEMALE,TEST,Name8558,100,8558
2016,FEMALE,TEST,Name8559,100,8559
2016,FEMALE,TEST,Name8560,100,8560
2016,FEMALE,TEST,Name8561,100,8561
2016,FEMALE,TEST,Name8562,100,8562
2016,FEMALE,TEST,Name8563,100,8563
2016,FEMALE,TEST,Name8564,100,8564
2016,FEMALE,TEST,Name8565,100,8565
2016,FEMALE,TEST,Name8566,100,8566
2016,FEMALE,TEST,Name8567,100,8567
2016,FEMALE,TEST,Name8568,100,8568
2016,FEMALE,TEST,Name8569,100,8569
2016,FEMALE,TEST,Name8570,100,8570
2016,FEMALE,TEST,Name8571,100,8571
2016,FEMALE,TEST,Name8572,100,8572
2016,FEMALE,TEST,Name8573,100,8573
2016,FEMALE,TEST,Name8574,100,8574
2016,FEMALE,TEST,Name8575,100,8575
2016,FEMALE,TEST,Name8576,100,8576
2016,FEMALE,TEST,Name8577,100,8577
2016,FEMALE,TEST,Name8578,100,8578
2016,FEMALE,TEST,Name8579,100,8579
2016,FEMALE,TEST,Name8580,100,8580
2016,FEMALE,TEST,Name8581,100,8581
2016,FEMALE,TEST,Name8582,100,8582
2016,FEMALE,TEST,Name8583,100,8583
2016,FEMALE,TEST,Name8584,100,8584
2016,FEMALE,TEST,Name8585,100,8585
2016,FEMALE,TEST,Name8586,100,8586
2016,FEMALE,TEST,Name8587,100,8587
2016,FEMALE,TEST,Name8588,100,8588
2016,FEMALE,TEST,Name8589,100,8589
2016,FEMALE,TEST,Name8590,100,8590
2016,FEMALE,TEST,Name8591,100,8591
2016,FEMALE,TEST,Name8592,100,8592
2016,FEMALE,TEST,Name8593,100,8593
2016,FEMALE,TEST,Name8594,100,8594
2016,FEMALE,TEST,Name8595,100,8595
2016,FEMALE,TEST,Name8596,100,8596
2016,FEMALE,TEST,Name8597,100,8597
2016,FEMALE,TEST,Name8598,100,8598
2016,FEMALE,TEST,Name8599,100,8599
2016,FEMALE,TEST,Name8600,100,8600
2016,FEMALE,TEST,Name8601,100,8601
2016,FEMALE,TEST,Name8602,100,8602
2016,FEMALE,TEST,Name8603,100,8603
2016,FEMALE,TEST,Name8604,100,8604
2016,FEMALE,TEST,Name8605,100,8605
2016,FEMALE,TEST,Name8606,100,8606
2016,FEMALE,TEST,Name8607,100,8607
2016,FEMALE,TEST,Name8608,100,8608
2016,FEMALE,TEST,Name8609,100,8609
2016,FEMALE,TEST,Name8610,100,8610
2016,FEMALE,TEST,Name8611,100,8611
2016,FEMALE,TEST,Name8612,100,8612
2016,FEMALE,TEST,Name8613,100,8613
2016,FEMALE,TEST,Name8614,100,8614
2016,FEMALE,TEST,Name8615,100,8615
2016,FEMALE,TEST,Name8616,100,8616
2016,FEMALE,TEST,Name8617,100,8617
2016,FEMALE,TEST,Name8618,100,8618
2016,FEMALE,TEST,Name8619,100,8619
2016,FEMALE,TEST,Name8620,100,8620
2016,FEMALE,TEST,Name8621,100,8621
2016,FEMALE,TEST,Name8622,100,8622
2016,FEMALE,TEST,Name8623,100,8623
2016,FEMALE,TEST,Name8624,100,8624
2016,FEMALE,TEST,Name8625,100,8625
2016,FEMALE,TEST,Name8626,100,8626
2016,FEMALE,TEST,Name8627,100,8627
2016,FEMALE,TEST,Name8628,100,8628
2016,FEMALE,TEST,Name8629,100,8629
2016,FEMALE,TEST,Name8630,100,8630
2016,FEMALE,TEST,Name8631,100,8631
2016,FEMALE,TEST,Name8632,100,8632
2016,FEMALE,TEST,Name8633,100,8633
2016,FEMALE,TEST,Name8634,100,8634
2016,FEMALE,TEST,Name8635,100,8635
2016,FEMALE,TEST,Name8636,100,8636
2016,FEMALE,TEST,Name8637,100,8637
2016,FEMALE,TEST,Name8638,100,8638
2016,FEMALE,TEST,Name8639,100,8639
2016,FEMALE,TEST,Name8640,100,8640
2016,FEMALE,TEST,Name8641,100,8641
2016,FEMALE,TEST,Name8642,100,8642
2016,FEMALE,TEST,Name8643,100,8643
2016,FEMALE,TEST,Name8644,100,8644
2016,FEMALE,TEST,Name8645,100,8645
2016,FEMALE,TEST,Name8646,100,8646
2016,FEMALE,TEST,Name8647,100,8647
2016,FEMALE,TEST,Name8648,100,8648
2016,FEMALE,TEST,Name8649,100,8649
2016,FEMALE,TEST,Name8650,100,8650
2016,FEMALE,TEST,Name8651,100,8651
2016,FEMALE,TEST,Name8652,100,8652
2016,FEMALE,TEST,Name8653,100,8653
2016,FEMALE,TEST,Name8654,100,8654
2016,FEMALE,TEST,Name8655,100,8655
2016,FEMALE,TEST,Name8656,100,8656
2016,FEMALE,TEST,Name8657,100,8657
2016,FEMALE,TEST,Name8658,100,8658
2016,FEMALE,TEST,Name8659,100,8659
2016,FEMALE,TEST,Name8660,100,8660
2016,FEMALE,TEST,Name8661,100,8661
2016,FEMALE,TEST,Name8662,100,8662
2016,FEMALE,TEST,Name8663,100,8663
2016,FEMALE,TEST,Name8664,100,8664
2016,FEMALE,TEST,Name8665,100,8665
2016,FEMALE,TEST,Name8666,100,8666
2016,FEMALE,TEST,Name8667,100,8667
2016,FEMALE,TEST,Name8668,100,8668
2016,FEMALE,TEST,Name8669,100,8669
2016,FEMALE,TEST,Name8670,100,8670
2016,FEMALE,TEST,Name8671,100,8671
2016,FEMALE,TEST,Name8672,100,8672
2016,FEMALE,TEST,Name8673,100,8673
2016,FEMALE,TEST,Name8674,100,8674
2016,FEMALE,TEST,Name8675,100,8675
2016,FEMALE,TEST,Name8676,100,8676
2016,FEMALE,TEST,Name8677,100,8677
2016,FEMALE,TEST,Name8678,100,8678
2016,FEMALE,TEST,Name8679,100,8679
2016,FEMALE,TEST,Name8680,100,8680
2016,FEMALE,TEST,Name8681,100,8681
2016,FEMALE,TEST,Name8682,100,8682
2016,FEMALE,TEST,Name8683,100,8683
2016,FEMALE,TEST,Name8684,100,8684
2016,FEMALE,TEST,Name8685,100,8685
2016,FEMALE,TEST,Name8686,100,8686
2016,FEMALE,TEST,Name8687,100,8687
2016,FEMALE,TEST,Name8688,100,8688
2016,FEMALE,TEST,Name8689,100,8689
2016,FEMALE,TEST,Name8690,100,8690
2016,FEMALE,TEST,Name8691,100,8691
2016,FEMALE,TEST,Name8692,100,8692
2016,FEMALE,TEST,Name8693,100,8693
2016,FEMALE,TEST,Name8694,100,8694
2016,FEMALE,TEST,Name8695,100,8695
2016,FEMALE,TEST,Name8696,100,8696
2016,FEMALE,TEST,Name8697,100,8697
2016,FEMALE,TEST,Name8698,100,8698
2016,FEMALE,TEST,Name8699,100,8699
2016,FEMALE,TEST,Name8700,100,8700
2016,FEMALE,TEST,Name8701,100,8701
2016,FEMALE,TEST,Name8702,100,8702
2016,FEMALE,TEST,Name8703,100,8703
2016,FEMALE,TEST,Name8704,100,8704
2016,FEMALE,TEST,Name8705,100,8705
2016,FEMALE,TEST,Name8706,100,8706
2016,FEMALE,TEST,Name8707,100,8707
2016,FEMALE,TEST,Name8708,100,8708
2016,FEMALE,TEST,Name8709,100,8709
2016,FEMALE,TEST,Name8710,100,8710
2016,FEMALE,TEST,Name8711,100,8711
2016,FEMALE,TEST,Name8712,100,8712
2016,FEMALE,TEST,Name8713,100,8713
2016,FEMALE,TEST,Name8714,100,8714
2016,FEMALE,TEST,Name8715,100,8715
2016,FEMALE,TEST,Name8716,100,8716
2016,FEMALE,TEST,Name8717,100,8717
2016,FEMALE,TEST,Name8718,100,8718
2016,FEMALE,TEST,Name8719,100,8719
2016,FEMALE,TEST,Name8720,100,8720
2016,FEMALE,TEST,Name8721,100,8721
2016,FEMALE,TEST,Name8722,100,8722
2016,FEMALE,TEST,Name8723,100,8723
2016,FEMALE,TEST,Name8724,100,8724
2016,FEMALE,TEST,Name8725,100,8725
2016,FEMALE,TEST,Name8726,100,8726
2016,FEMALE,TEST,Name8727,100,8727
2016,FEMALE,TEST,Name8728,100,8728
2016,FEMALE,TEST,Name8729,100,8729
2016,FEMALE,TEST,Name8730,100,8730
2016,FEMALE,TEST,Name8731,100,8731
2016,FEMALE,TEST,Name8732,100,8732
2016,FEMALE,TEST,Name8733,100,8733
2016,FEMALE,TEST,Name8734,100,8734
2016,FEMALE,TEST,Name8735,100,8735
2016,FEMALE,TEST,Name8736,100,8736
2016,FEMALE,TEST,Name8737,100,8737
2016,FEMALE,TEST,Name8738,100,8738
2016,FEMALE,TEST,Name8739,100,8739
2016,FEMALE,TEST,Name8740,100,8740
2016,FEMALE,TEST,Name8741,100,8741
2016,FEMALE,TEST,Name8742,100,8742
2016,FEMALE,TEST,Name8743,100,8743
2016,FEMALE,TEST,Name8744,100,8744
2016,FEMALE,TEST,Name8745,100,8745
2016,FEMALE,TEST,Name8746,100,8746
2016,FEMALE,TEST,Name8747,100,8747
2016,FEMALE,TEST,Name8748,100,8748
2016,FEMALE,TEST,Name8749,100,8749
2016,FEMALE,TEST,Name8750,100,8750
2016,FEMALE,TEST,Name8751,100,8751
2016,FEMALE,TEST,Name8752,100,8752
2016,FEMALE,TEST,Name8753,100,8753
2016,FEMALE,TEST,Name8754,100,8754
2016,FEMALE,TEST,Name8755,100,8755
2016,FEMALE,TEST,Name8756,100,8756
2016,FEMALE,TEST,Name8757,100,8757
2016,FEMALE,TEST,Name8758,100,8758
2016,FEMALE,TEST,Name8759,100,8759
2016,FEMALE,TEST,Name8760,100,8760
2016,FEMALE,TEST,Name8761,100,8761
2016,FEMALE,TEST,Name8762,100,8762
2016,FEMALE,TEST,Name8763,100,8763
2016,FEMALE,TEST,Name8764,100,8764
2016,FEMALE,TEST,Name8765,100,8765
2016,FEMALE,TEST,Name8766,100,8766
2016,FEMALE,TEST,Name8767,100,8767
2016,FEMALE,TEST,Name8768,100,8768
2016,FEMALE,TEST,Name8769,100,8769
2016,FEMALE,TEST,Name8770,100,8770
2016,FEMALE,TEST,Name8771,100,8771
2016,FEMALE,TEST,Name8772,100,8772
2016,FEMALE,TEST,Name8773,100,8773
2016,FEMALE,TEST,Name8774,100,8774
2016,FEMALE,TEST,Name8775,100,8775
2016,FEMALE,TEST,Name8776,100,8776
2016,FEMALE,TEST,Name8777,100,8777
2016,FEMALE,TEST,Name8778,100,8778
2016,FEMALE,TEST,Name8779,100,8779
2016,FEMALE,TEST,Name8780,100,8780
2016,FEMALE,TEST,Name8781,100,8781
2016,FEMALE,TEST,Name8782,100,8782
2016,FEMALE,TEST,Name8783,100,8783
2016,FEMALE,TEST,Name8784,100,8784
2016,FEMALE,TEST,Name8785,100,8785
2016,FEMALE,TEST,Name8786,100,8786
2016,FEMALE,TEST,Name8787,100,8787
2016,FEMALE,TEST,Name8788,100,8788
2016,FEMALE,TEST,Name8789,100,8789
2016,FEMALE,TEST,Name8790,100,8790
2016,FEMALE,TEST,Name8791,100,8791
2016,FEMALE,TEST,Name8792,100,8792
2016,FEMALE,TEST,Name8793,100,8793
2016,FEMALE,TEST,Name8794,100,8794
2016,FEMALE,TEST,Name8795,100,8795
2016,FEMALE,TEST,Name8796,100,8796
2016,FEMALE,TEST,Name8797,100,8797
2016,FEMALE,TEST,Name8798,100,8798
2016,FEMALE,TEST,Name8799,100,8799
2016,FEMALE,TEST,Name8800,100,8800
2016,FEMALE,TEST,Name8801,100,8801
2016,FEMALE,TEST,Name8802,100,8802
2016,FEMALE,TEST,Name8803,100,8803
2016,FEMALE,TEST,Name8804,100,8804
2016,FEMALE,TEST,Name8805,100,8805
2016,FEMALE,TEST,Name8806,100,8806
2016,FEMALE,TEST,Name8807,100,8807
2016,FEMALE,TEST,Name8808,100,8808
2016,FEMALE,TEST,Name8809,100,8809
2016,FEMALE,TEST,Name8810,100,8810
2016,FEMALE,TEST,Name8811,100,8811
2016,FEMALE,TEST,Name8812,100,8812
2016,FEMALE,TEST,Name8813,100,8813
2016,FEMALE,TEST,Name8814,100,8814
2016,FEMALE,TEST,Name8815,100,8815
2016,FEMALE,TEST,Name8816,100,8816
2016,FEMALE,TEST,Name8817,100,8817
2016,FEMALE,TEST,Name8818,100,8818
2016,FEMALE,TEST,Name8819,100,8819
2016,FEMALE,TEST,Name8820,100,8820
2016,FEMALE,TEST,Name8821,100,8821
2016,FEMALE,TEST,Name8822,100,8822
2016,FEMALE,TEST,Name8823,100,8823
2016,FEMALE,TEST,Name8824,100,8824
2016,FEMALE,TEST,Name8825,100,8825
2016,FEMALE,TEST,Name8826,100,8826
2016,FEMALE,TEST,Name8827,100,8827
2016,FEMALE,TEST,Name8828,100,8828
2016,FEMALE,TEST,Name8829,100,8829
2016,FEMALE,TEST,Name8830,100,8830
2016,FEMALE,TEST,Name8831,100,8831
2016,FEMALE,TEST,Name8832,100,8832
2016,FEMALE,TEST,Name8833,100,8833
2016,FEMALE,TEST,Name8834,100,8834
2016,FEMALE,TEST,Name8835,100,8835
2016,FEMALE,TEST,Name8836,100,8836
2016,FEMALE,TEST,Name8837,100,8837
2016,FEMALE,TEST,Name8838,100,8838
2016,FEMALE,TEST,Name8839,100,8839
2016,FEMALE,TEST,Name8840,100,8840
2016,FEMALE,TEST,Name8841,100,8841
2016,FEMALE,TEST,Name8842,100,8842
2016,FEMALE,TEST,Name8843,100,8843
2016,FEMALE,TEST,Name8844,100,8844
2016,FEMALE,TEST,Name8845,100,8845
2016,FEMALE,TEST,Name8846,100,8846
2016,FEMALE,TEST,Name8847,100,8847
2016,FEMALE,TEST,Name8848,100,8848
2016,FEMALE,TEST,Name8849,100,8849
2016,FEMALE,TEST,Name8850,100,8850
2016,FEMALE,TEST,Name8851,100,8851
2016,FEMALE,TEST,Name8852,100,8852
2016,FEMALE,TEST,Name8853,100,8853
2016,FEMALE,TEST,Name8854,100,8854
2016,FEMALE,TEST,Name8855,100,8855
2016,FEMALE,TEST,Name8856,100,8856
2016,FEMALE,TEST,Name8857,100,8857
2016,FEMALE,TEST,Name8858,100,8858
2016,FEMALE,TEST,Name8859,100,8859
2016,FEMALE,TEST,Name8860,100,8860
2016,FEMALE,TEST,Name8861,100,8861
2016,FEMALE,TEST,Name8862,100,8862
2016,FEMALE,TEST,Name8863,100,8863
2016,FEMALE,TEST,Name8864,100,8864
2016,FEMALE,TEST,Name8865,100,8865
2016,FEMALE,TEST,Name8866,100,8866
2016,FEMALE,TEST,Name8867,100,8867
2016,FEMALE,TEST,Name8868,100,8868
2016,FEMALE,TEST,Name8869,100,8869
2016,FEMALE,TEST,Name8870,100,8870
2016,FEMALE,TEST,Name8871,100,8871
2016,FEMALE,TEST,Name8872,100,8872
2016,FEMALE,TEST,Name8873,100,8873
2016,FEMALE,TEST,Name8874,100,8874
2016,FEMALE,TEST,Name8875,100,8875
2016,FEMALE,TEST,Name8876,100,8876
2016,FEMALE,TEST,Name8877,100,8877
2016,FEMALE,TEST,Name8878,100,8878
2016,FEMALE,TEST,Name8879,100,8879
2016,FEMALE,TEST,Name8880,100,8880
2016,FEMALE,TEST,Name8881,100,8881
2016,FEMALE,TEST,Name8882,100,8882
2016,FEMALE,TEST,Name8883,100,8883
2016,FEMALE,TEST,Name8884,100,8884
2016,FEMALE,TEST,Name8885,100,8885
2016,FEMALE,TEST,Name8886,100,8886
2016,FEMALE,TEST,Name8887,100,8887
2016,FEMALE,TEST,Name8888,100,8888
2016,FEMALE,TEST,Name8889,100,8889
2016,FEMALE,TEST,Name8890,100,8890
2016,FEMALE,TEST,Name8891,100,8891
2016,FEMALE,TEST,Name8892,100,8892
2016,FEMALE,TEST,Name8893,100,8893
2016,FEMALE,TEST,Name8894,100,8894
2016,FEMALE,TEST,Name8895,100,8895
2016,FEMALE,TEST,Name8896,100,8896
2016,FEMALE,TEST,Name8897,100,8897
2016,FEMALE,TEST,Name8898,100,8898
2016,FEMALE,TEST,Name8899,100,8899
2016,FEMALE,TEST,Name8900,100,8900
2016,FEMALE,TEST,Name8901,100,8901
2016,FEMALE,TEST,Name8902,100,8902
2016,FEMALE,TEST,Name8903,100,8903
2016,FEMALE,TEST,Name8904,100,8904
2016,FEMALE,TEST,Name8905,100,8905
2016,FEMALE,TEST,Name8906,100,8906
2016,FEMALE,TEST,Name8907,100,8907
2016,FEMALE,TEST,Name8908,100,8908
2016,FEMALE,TEST,Name8909,100,8909
2016,FEMALE,TEST,Name8910,100,8910
2016,FEMALE,TEST,Name8911,100,8911
2016,FEMALE,TEST,Name8912,100,8912
2016,FEMALE,TEST,Name8913,100,8913
2016,FEMALE,TEST,Name8914,100,8914
2016,FEMALE,TEST,Name8915,100,8915
2016,FEMALE,TEST,Name8916,100,8916
2016,FEMALE,TEST,Name8917,100,8917
2016,FEMALE,TEST,Name8918,100,8918
2016,FEMALE,TEST,Name8919,100,8919
2016,FEMALE,TEST,Name8920,100,8920
2016,FEMALE,TEST,Name8921,100,8921
2016,FEMALE,TEST,Name8922,100,8922
2016,FEMALE,TEST,Name8923,100,8923
2016,FEMALE,TEST,Name8924,100,8924
2016,FEMALE,TEST,Name8925,100,8925
2016,FEMALE,TEST,Name8926,100,8926
2016,FEMALE,TEST,Name8927,100,8927
2016,FEMALE,TEST,Name8928,100,8928
2016,FEMALE,TEST,Name8929,100,8929
2016,FEMALE,TEST,Name8930,100,8930
2016,FEMALE,TEST,Name8931,100,8931
2016,FEMALE,TEST,Name8932,100,8932
2016,FEMALE,TEST,Name8933,100,8933
2016,FEMALE,TEST,Name8934,100,8934
2016,FEMALE,TEST,Name8935,100,8935
2016,FEMALE,TEST,Name8936,100,8936
2016,FEMALE,TEST,Name8937,100,8937
2016,FEMALE,TEST,Name8938,100,8938
2016,FEMALE,TEST,Name8939,100,8939
2016,FEMALE,TEST,Name8940,100,8940
2016,FEMALE,TEST,Name8941,100,8941
2016,FEMALE,TEST,Name8942,100,8942
2016,FEMALE,TEST,Name8943,100,8943
2016,FEMALE,TEST,Name8944,100,8944
2016,FEMALE,TEST,Name8945,100,8945
2016,FEMALE,TEST,Name8946,100,8946
2016,FEMALE,TEST,Name8947,100,8947
2016,FEMALE,TEST,Name8948,100,8948
2016,FEMALE,TEST,Name8949,100,8949
2016,FEMALE,TEST,Name8950,100,8950
2016,FEMALE,TEST,Name8951,100,8951
2016,FEMALE,TEST,Name8952,100,8952
2016,FEMALE,TEST,Name8953,100,8953
2016,FEMALE,TEST,Name8954,100,8954
2016,FEMALE,TEST,Name8955,100,8955
2016,FEMALE,TEST,Name8956,100,8956
2016,FEMALE,TEST,Name8957,100,8957
2016,FEMALE,TEST,Name8958,100,8958
2016,FEMALE,TEST,Name8959,100,8959
2016,FEMALE,TEST,Name8960,100,8960
2016,FEMALE,TEST,Name8961,100,8961
2016,FEMALE,TEST,Name8962,100,8962
2016,FEMALE,TEST,Name8963,100,8963
2016,FEMALE,TEST,Name8964,100,8964
2016,FEMALE,TEST,Name8965,100,8965
2016,FEMALE,TEST,Name8966,100,8966
2016,FEMALE,TEST,Name8967,100,8967
2016,FEMALE,TEST,Name8968,100,8968
2016,FEMALE,TEST,Name8969,100,8969
2016,FEMALE,TEST,Name8970,100,8970
2016,FEMALE,TEST,Name8971,100,8971
2016,FEMALE,TEST,Name8972,100,8972
2016,FEMALE,TEST,Name8973,100,8973
2016,FEMALE,TEST,Name8974,100,8974
2016,FEMALE,TEST,Name8975,100,8975
2016,FEMALE,TEST,Name8976,100,8976
2016,FEMALE,TEST,Name8977,100,8977
2016,FEMALE,TEST,Name8978,100,8978
2016,FEMALE,TEST,Name8979,100,8979
2016,FEMALE,TEST,Name8980,100,8980
2016,FEMALE,TEST,Name8981,100,8981
2016,FEMALE,TEST,Name8982,100,8982
2016,FEMALE,TEST,Name8983,100,8983
2016,FEMALE,TEST,Name8984,100,8984
2016,FEMALE,TEST,Name8985,100,8985
2016,FEMALE,TEST,Name8986,100,8986
2016,FEMALE,TEST,Name8987,100,8987
2016,FEMALE,TEST,Name8988,100,8988
2016,FEMALE,TEST,Name8989,100,8989
2016,FEMALE,TEST,Name8990,100,8990
2016,FEMALE,TEST,Name8991,100,8991
2016,FEMALE,TEST,Name8992,100,8992
2016,FEMALE,TEST,Name8993,100,8993
2016,FEMALE,TEST,Name8994,100,8994
2016,FEMALE,TEST,Name8995,100,8995
2016,FEMALE,TEST,Name8996,100,8996
2016,FEMALE,TEST,Name8997,100,8997
2016,FEMALE,TEST,Name8998,100,8998
2016,FEMALE,TEST,Name8999,100,8999
2016,FEMALE,TEST,Name9000,100,9000
2016,FEMALE,TEST,Name9001,100,9001
2016,FEMALE,TEST,Name9002,100,9002
2016,FEMALE,TEST,Name9003,100,9003
2016,FEMALE,TEST,Name9004,100,9004
2016,FEMALE,TEST,Name9005,100,9005
2016,FEMALE,TEST,Name9006,100,9006
2016,FEMALE,TEST,Name9007,100,9007
2016,FEMALE,TEST,Name9008,100,9008
2016,FEMALE,TEST,Name9009,100,9009
2016,FEMALE,TEST,Name9010,100,9010
2016,FEMALE,TEST,Name9011,100,9011
2016,FEMALE,TEST,Name9012,100,9012
2016,FEMALE,TEST,Name9013,100,9013
2016,FEMALE,TEST,Name9014,100,9014
2016,FEMALE,TEST,Name9015,100,9015
2016,FEMALE,TEST,Name9016,100,9016
2016,FEMALE,TEST,Name9017,100,9017
2016,FEMALE,TEST,Name9018,100,9018
2016,FEMALE,TEST,Name9019,100,9019
2016,FEMALE,TEST,Name9020,100,9020
2016,FEMALE,TEST,Name9021,100,9021
2016,FEMALE,TEST,Name9022,100,9022
2016,FEMALE,TEST,Name9023,100,9023
2016,FEMALE,TEST,Name9024,100,9024
2016,FEMALE,TEST,Name9025,100,9025
2016,FEMALE,TEST,Name9026,100,9026
2016,FEMALE,TEST,Name9027,100,9027
2016,FEMALE,TEST,Name9028,100,9028
2016,FEMALE,TEST,Name9029,100,9029
2016,FEMALE,TEST,Name9030,100,9030
2016,FEMALE,TEST,Name9031,100,9031
2016,FEMALE,TEST,Name9032,100,9032
2016,FEMALE,TEST,Name9033,100,9033
2016,FEMALE,TEST,Name9034,100,9034
2016,FEMALE,TEST,Name9035,100,9035
2016,FEMALE,TEST,Name9036,100,9036
2016,FEMALE,TEST,Name9037,100,9037
2016,FEMALE,TEST,Name9038,100,9038
2016,FEMALE,TEST,Name9039,100,9039
2016,FEMALE,TEST,Name9040,100,9040
2016,FEMALE,TEST,Name9041,100,9041
2016,FEMALE,TEST,Name9042,100,9042
2016,FEMALE,TEST,Name9043,100,9043
2016,FEMALE,TEST,Name9044,100,9044
2016,FEMALE,TEST,Name9045,100,9045
2016,FEMALE,TEST,Name9046,100,9046
2016,FEMALE,TEST,Name9047,100,9047
2016,FEMALE,TEST,Name9048,100,9048
2016,FEMALE,TEST,Name9049,100,9049
2016,FEMALE,TEST,Name9050,100,9050
2016,FEMALE,TEST,Name9051,100,9051
2016,FEMALE,TEST,Name9052,100,9052
2016,FEMALE,TEST,Name9053,100,9053
2016,FEMALE,TEST,Name9054,100,9054
2016,FEMALE,TEST,Name9055,100,9055
2016,FEMALE,TEST,Name9056,100,9056
2016,FEMALE,TEST,Name9057,100,9057
2016,FEMALE,TEST,Name9058,100,9058
2016,FEMALE,TEST,Name9059,100,9059
2016,FEMALE,TEST,Name9060,100,9060
2016,FEMALE,TEST,Name9061,100,9061
2016,FEMALE,TEST,Name9062,100,9062
2016,FEMALE,TEST,Name9063,100,9063
2016,FEMALE,TEST,Name9064,100,9064
2016,FEMALE,TEST,Name9065,100,9065
2016,FEMALE,TEST,Name9066,100,9066
2016,FEMALE,TEST,Name9067,100,9067
2016,FEMALE,TEST,Name9068,100,9068
2016,FEMALE,TEST,Name9069,100,9069
2016,FEMALE,TEST,Name9070,100,9070
2016,FEMALE,TEST,Name9071,100,9071
2016,FEMALE,TEST,Name9072,100,9072
2016,FEMALE,TEST,Name9073,100,9073
2016,FEMALE,TEST,Name9074,100,9074
2016,FEMALE,TEST,Name9075,100,9075
2016,FEMALE,TEST,Name9076,100,9076
2016,FEMALE,TEST,Name9077,100,9077
2016,FEMALE,TEST,Name9078,100,9078
2016,FEMALE,TEST,Name9079,100,9079
2016,FEMALE,TEST,Name9080,100,9080
2016,FEMALE,TEST,Name9081,100,9081
2016,FEMALE,TEST,Name9082,100,9082
2016,FEMALE,TEST,Name9083,100,9083
2016,FEMALE,TEST,Name9084,100,9084
2016,FEMALE,TEST,Name9085,100,9085
2016,FEMALE,TEST,Name9086,100,9086
2016,FEMALE,TEST,Name9087,100,9087
2016,FEMALE,TEST,Name9088,100,9088
2016,FEMALE,TEST,Name9089,100,9089
2016,FEMALE,TEST,Name9090,100,9090
2016,FEMALE,TEST,Name9091,100,9091
2016,FEMALE,TEST,Name9092,100,9092
2016,FEMALE,TEST,Name9093,100,9093
2016,FEMALE,TEST,Name9094,100,9094
2016,FEMALE,TEST,Name9095,100,9095
2016,FEMALE,TEST,Name9096,100,9096
2016,FEMALE,TEST,Name9097,100,9097
2016,FEMALE,TEST,Name9098,100,9098
2016,FEMALE,TEST,Name9099,100,9099
2016,FEMALE,TEST,Name9100,100,9100
2016,FEMALE,TEST,Name9101,100,9101
2016,FEMALE,TEST,Name9102,100,9102
2016,FEMALE,TEST,Name9103,100,9103
2016,FEMALE,TEST,Name9104,100,9104
2016,FEMALE,TEST,Name9105,100,9105
2016,FEMALE,TEST,Name9106,100,9106
2016,FEMALE,TEST,Name9107,100,9107
2016,FEMALE,TEST,Name9108,100,9108
2016,FEMALE,TEST,Name9109,100,9109
2016,FEMALE,TEST,Name9110,100,9110
2016,FEMALE,TEST,Name9111,100,9111
2016,FEMALE,TEST,Name9112,100,9112
2016,FEMALE,TEST,Name9113,100,9113
2016,FEMALE,TEST,Name9114,100,9114
2016,FEMALE,TEST,Name9115,100,9115
2016,FEMALE,TEST,Name9116,100,9116
2016,FEMALE,TEST,Name9117,100,9117
2016,FEMALE,TEST,Name9118,100,9118
2016,FEMALE,TEST,Name9119,100,9119
2016,FEMALE,TEST,Name9120,100,9120
2016,FEMALE,TEST,Name9121,100,9121
2016,FEMALE,TEST,Name9122,100,9122
2016,FEMALE,TEST,Name9123,100,9123
2016,FEMALE,TEST,Name9124,100,9124
2016,FEMALE,TEST,Name9125,100,9125
2016,FEMALE,TEST,Name9126,100,9126
2016,FEMALE,TEST,Name9127,100,9127
2016,FEMALE,TEST,Name9128,100,9128
2016,FEMALE,TEST,Name9129,100,9129
2016,FEMALE,TEST,Name9130,100,9130
2016,FEMALE,TEST,Name9131,100,9131
2016,FEMALE,TEST,Name9132,100,9132
2016,FEMALE,TEST,Name9133,100,9133
2016,FEMALE,TEST,Name9134,100,9134
2016,FEMALE,TEST,Name9135,100,9135
2016,FEMALE,TEST,Name9136,100,9136
2016,FEMALE,TEST,Name9137,100,9137
2016,FEMALE,TEST,Name9138,100,9138
2016,FEMALE,TEST,Name9139,100,9139
2016,FEMALE,TEST,Name9140,100,9140
2016,FEMALE,TEST,Name9141,100,9141
2016,FEMALE,TEST,Name9142,100,9142
2016,FEMALE,TEST,Name9143,100,9143
2016,FEMALE,TEST,Name9144,100,9144
2016,FEMALE,TEST,Name9145,100,9145
2016,FEMALE,TEST,Name9146,100,9146
2016,FEMALE,TEST,Name9147,100,9147
2016,FEMALE,TEST,Name9148,100,9148
2016,FEMALE,TEST,Name9149,100,9149
2016,FEMALE,TEST,Name9150,100,9150
2016,FEMALE,TEST,Name9151,100,9151
2016,FEMALE,TEST,Name9152,100,9152
2016,FEMALE,TEST,Name9153,100,9153
2016,FEMALE,TEST,Name9154,100,9154
2016,FEMALE,TEST,Name9155,100,9155
2016,FEMALE,TEST,Name9156,100,9156
2016,FEMALE,TEST,Name9157,100,9157
2016,FEMALE,TEST,Name9158,100,9158
2016,FEMALE,TEST,Name9159,100,9159
2016,FEMALE,TEST,Name9160,100,9160
2016,FEMALE,TEST,Name9161,100,9161
2016,FEMALE,TEST,Name9162,100,9162
2016,FEMALE,TEST,Name9163,100,9163
2016,FEMALE,TEST,Name9164,100,9164
2016,FEMALE,TEST,Name9165,100,9165
2016,FEMALE,TEST,Name9166,100,9166
2016,FEMALE,TEST,Name9167,100,9167
2016,FEMALE,TEST,Name9168,100,9168
2016,FEMALE,TEST,Name9169,100,9169
2016,FEMALE,TEST,Name9170,100,9170
2016,FEMALE,TEST,Name9171,100,9171
2016,FEMALE,TEST,Name9172,100,9172
2016,FEMALE,TEST,Name9173,100,9173
2016,FEMALE,TEST,Name9174,100,9174
2016,FEMALE,TEST,Name9175,100,9175
2016,FEMALE,TEST,Name9176,100,9176
2016,FEMALE,TEST,Name9177,100,9177
2016,FEMALE,TEST,Name9178,100,9178
2016,FEMALE,TEST,Name9179,100,9179
2016,FEMALE,TEST,Name9180,100,9180
2016,FEMALE,TEST,Name9181,100,9181
2016,FEMALE,TEST,Name9182,100,9182
2016,FEMALE,TEST,Name9183,100,9183
2016,FEMALE,TEST,Name9184,100,9184
2016,FEMALE,TEST,Name9185,100,9185
2016,FEMALE,TEST,Name9186,100,9186
2016,FEMALE,TEST,Name9187,100,9187
2016,FEMALE,TEST,Name9188,100,9188
2016,FEMALE,TEST,Name9189,100,9189
2016,FEMALE,TEST,Name9190,100,9190
2016,FEMALE,TEST,Name9191,100,9191
2016,FEMALE,TEST,Name9192,100,9192
2016,FEMALE,TEST,Name9193,100,9193
2016,FEMALE,TEST,Name9194,100,9194
2016,FEMALE,TEST,Name9195,100,9195
2016,FEMALE,TEST,Name9196,100,9196
2016,FEMALE,TEST,Name9197,100,9197
2016,FEMALE,TEST,Name9198,100,9198
2016,FEMALE,TEST,Name9199,100,9199
2016,FEMALE,TEST,Name9200,100,9200
2016,FEMALE,TEST,Name9201,100,9201
2016,FEMALE,TEST,Name9202,100,9202
2016,FEMALE,TEST,Name9203,100,9203
2016,FEMALE,TEST,Name9204,100,9204
2016,FEMALE,TEST,Name9205,100,9205
2016,FEMALE,TEST,Name9206,100,9206
2016,FEMALE,TEST,Name9207,100,9207
2016,FEMALE,TEST,Name9208,100,9208
2016,FEMALE,TEST,Name9209,100,9209
2016,FEMALE,TEST,Name9210,100,9210
2016,FEMALE,TEST,Name9211,100,9211
2016,FEMALE,TEST,Name9212,100,9212
2016,FEMALE,TEST,Name9213,100,9213
2016,FEMALE,TEST,Name9214,100,9214
2016,FEMALE,TEST,Name9215,100,9215
2016,FEMALE,TEST,Name9216,100,9216
2016,FEMALE,TEST,Name9217,100,9217
2016,FEMALE,TEST,Name9218,100,9218
2016,FEMALE,TEST,Name9219,100,9219
2016,FEMALE,TEST,Name9220,100,9220
2016,FEMALE,TEST,Name9221,100,9221
2016,FEMALE,TEST,Name9222,100,9222
2016,FEMALE,TEST,Name9223,100,9223
2016,FEMALE,TEST,Name9224,100,9224
2016,FEMALE,TEST,Name9225,100,9225
2016,FEMALE,TEST,Name9226,100,9226
2016,FEMALE,TEST,Name9227,100,9227
2016,FEMALE,TEST,Name9228,100,9228
2016,FEMALE,TEST,Name9229,100,9229
2016,FEMALE,TEST,Name9230,100,9230
2016,FEMALE,TEST,Name9231,100,9231
2016,FEMALE,TEST,Name9232,100,9232
2016,FEMALE,TEST,Name9233,100,9233
2016,FEMALE,TEST,Name9234,100,9234
2016,FEMALE,TEST,Name9235,100,9235
2016,FEMALE,TEST,Name9236,100,9236
2016,FEMALE,TEST,Name9237,100,9237
2016,FEMALE,TEST,Name9238,100,9238
2016,FEMALE,TEST,Name9239,100,9239
2016,FEMALE,TEST,Name9240,100,9240
2016,FEMALE,TEST,Name9241,100,9241
2016,FEMALE,TEST,Name9242,100,9242
2016,FEMALE,TEST,Name9243,100,9243
2016,FEMALE,TEST,Name9244,100,9244
2016,FEMALE,TEST,Name9245,100,9245
2016,FEMALE,TEST,Name9246,100,9246
2016,FEMALE,TEST,Name9247,100,9247
2016,FEMALE,TEST,Name9248,100,9248
2016,FEMALE,TEST,Name9249,100,9249
2016,FEMALE,TEST,Name9250,100,9250
2016,FEMALE,TEST,Name9251,100,9251
2016,FEMALE,TEST,Name9252,100,9252
2016,FEMALE,TEST,Name9253,100,9253
2016,FEMALE,TEST,Name9254,100,9254
2016,FEMALE,TEST,Name9255,100,9255
2016,FEMALE,TEST,Name9256,100,9256
2016,FEMALE,TEST,Name9257,100,9257
2016,FEMALE,TEST,Name9258,100,9258
2016,FEMALE,TEST,Name9259,100,9259
2016,FEMALE,TEST,Name9260,100,9260
2016,FEMALE,TEST,Name9261,100,9261
2016,FEMALE,TEST,Name9262,100,9262
2016,FEMALE,TEST,Name9263,100,9263
2016,FEMALE,TEST,Name9264,100,9264
2016,FEMALE,TEST,Name9265,100,9265
2016,FEMALE,TEST,Name9266,100,9266
2016,FEMALE,TEST,Name9267,100,9267
2016,FEMALE,TEST,Name9268,100,9268
2016,FEMALE,TEST,Name9269,100,9269
2016,FEMALE,TEST,Name9270,100,9270
2016,FEMALE,TEST,Name9271,100,9271
2016,FEMALE,TEST,Name9272,100,9272
2016,FEMALE,TEST,Name9273,100,9273
2016,FEMALE,TEST,Name9274,100,9274
2016,FEMALE,TEST,Name9275,100,9275
2016,FEMALE,TEST,Name9276,100,9276
2016,FEMALE,TEST,Name9277,100,9277
2016,FEMALE,TEST,Name9278,100,9278
2016,FEMALE,TEST,Name9279,100,9279
2016,FEMALE,TEST,Name9280,100,9280
2016,FEMALE,TEST,Name9281,100,9281
2016,FEMALE,TEST,Name9282,100,9282
2016,FEMALE,TEST,Name9283,100,9283
2016,FEMALE,TEST,Name9284,100,9284
2016,FEMALE,TEST,Name9285,100,9285
2016,FEMALE,TEST,Name9286,100,9286
2016,FEMALE,TEST,Name9287,100,9287
2016,FEMALE,TEST,Name9288,100,9288
2016,FEMALE,TEST,Name9289,100,9289
2016,FEMALE,TEST,Name9290,100,9290
2016,FEMALE,TEST,Name9291,100,9291
2016,FEMALE,TEST,Name9292,100,9292
2016,FEMALE,TEST,Name9293,100,9293
2016,FEMALE,TEST,Name9294,100,9294
2016,FEMALE,TEST,Name9295,100,9295
2016,FEMALE,TEST,Name9296,100,9296
2016,FEMALE,TEST,Name9297,100,9297
2016,FEMALE,TEST,Name9298,100,9298
2016,FEMALE,TEST,Name9299,100,9299
2016,FEMALE,TEST,Name9300,100,9300
2016,FEMALE,TEST,Name9301,100,9301
2016,FEMALE,TEST,Name9302,100,9302
2016,FEMALE,TEST,Name9303,100,9303
2016,FEMALE,TEST,Name9304,100,9304
2016,FEMALE,TEST,Name9305,100,9305
2016,FEMALE,TEST,Name9306,100,9306
2016,FEMALE,TEST,Name9307,100,9307
2016,FEMALE,TEST,Name9308,100,9308
2016,FEMALE,TEST,Name9309,100,9309
2016,FEMALE,TEST,Name9310,100,9310
2016,FEMALE,TEST,Name9311,100,9311
2016,FEMALE,TEST,Name9312,100,9312
2016,FEMALE,TEST,Name9313,100,9313
2016,FEMALE,TEST,Name9314,100,9314
2016,FEMALE,TEST,Name9315,100,9315
2016,FEMALE,TEST,Name9316,100,9316
2016,FEMALE,TEST,Name9317,100,9317
2016,FEMALE,TEST,Name9318,100,9318
2016,FEMALE,TEST,Name9319,100,9319
2016,FEMALE,TEST,Name9320,100,9320
2016,FEMALE,TEST,Name9321,100,9321
2016,FEMALE,TEST,Name9322,100,9322
2016,FEMALE,TEST,Name9323,100,9323
2016,FEMALE,TEST,Name9324,100,9324
2016,FEMALE,TEST,Name9325,100,9325
2016,FEMALE,TEST,Name9326,100,9326
2016,FEMALE,TEST,Name9327,100,9327
2016,FEMALE,TEST,Name9328,100,9328
2016,FEMALE,TEST,Name9329,100,9329
2016,FEMALE,TEST,Name9330,100,9330
2016,FEMALE,TEST,Name9331,100,9331
2016,FEMALE,TEST,Name9332,100,9332
2016,FEMALE,TEST,Name9333,100,9333
2016,FEMALE,TEST,Name9334,100,9334
2016,FEMALE,TEST,Name9335,100,9335
2016,FEMALE,TEST,Name9336,100,9336
2016,FEMALE,TEST,Name9337,100,9337
2016,FEMALE,TEST,Name9338,100,9338
2016,FEMALE,TEST,Name9339,100,9339
2016,FEMALE,TEST,Name9340,100,9340
2016,FEMALE,TEST,Name9341,100,9341
2016,FEMALE,TEST,Name9342,100,9342
2016,FEMALE,TEST,Name9343,100,9343
2016,FEMALE,TEST,Name9344,100,9344
2016,FEMALE,TEST,Name9345,100,9345
2016,FEMALE,TEST,Name9346,100,9346
2016,FEMALE,TEST,Name9347,100,9347
2016,FEMALE,TEST,Name9348,100,9348
2016,FEMALE,TEST,Name9349,100,9349
2016,FEMALE,TEST,Name9350,100,9350
2016,FEMALE,TEST,Name9351,100,9351
2016,FEMALE,TEST,Name9352,100,9352
2016,FEMALE,TEST,Name9353,100,9353
2016,FEMALE,TEST,Name9354,100,9354
2016,FEMALE,TEST,Name9355,100,9355
2016,FEMALE,TEST,Name9356,100,9356
2016,FEMALE,TEST,Name9357,100,9357
2016,FEMALE,TEST,Name9358,100,9358
2016,FEMALE,TEST,Name9359,100,9359
2016,FEMALE,TEST,Name9360,100,9360
2016,FEMALE,TEST,Name9361,100,9361
2016,FEMALE,TEST,Name9362,100,9362
2016,FEMALE,TEST,Name9363,100,9363
2016,FEMALE,TEST,Name9364,100,9364
2016,FEMALE,TEST,Name9365,100,9365
2016,FEMALE,TEST,Name9366,100,9366
2016,FEMALE,TEST,Name9367,100,9367
2016,FEMALE,TEST,Name9368,100,9368
2016,FEMALE,TEST,Name9369,100,9369
2016,FEMALE,TEST,Name9370,100,9370
2016,FEMALE,TEST,Name9371,100,9371
2016,FEMALE,TEST,Name9372,100,9372
2016,FEMALE,TEST,Name9373,100,9373
2016,FEMALE,TEST,Name9374,100,9374
2016,FEMALE,TEST,Name9375,100,9375
2016,FEMALE,TEST,Name9376,100,9376
2016,FEMALE,TEST,Name9377,100,9377
2016,FEMALE,TEST,Name9378,100,9378
2016,FEMALE,TEST,Name9379,100,9379
2016,FEMALE,TEST,Name9380,100,9380
2016,FEMALE,TEST,Name9381,100,9381
2016,FEMALE,TEST,Name9382,100,9382
2016,FEMALE,TEST,Name9383,100,9383
2016,FEMALE,TEST,Name9384,100,9384
2016,FEMALE,TEST,Name9385,100,9385
2016,FEMALE,TEST,Name9386,100,9386
2016,FEMALE,TEST,Name9387,100,9387
2016,FEMALE,TEST,Name9388,100,9388
2016,FEMALE,TEST,Name9389,100,9389
2016,FEMALE,TEST,Name9390,100,9390
2016,FEMALE,TEST,Name9391,100,9391
2016,FEMALE,TEST,Name9392,100,9392
2016,FEMALE,TEST,Name9393,100,9393
2016,FEMALE,TEST,Name9394,100,9394
2016,FEMALE,TEST,Name9395,100,9395
2016,FEMALE,TEST,Name9396,100,9396
2016,FEMALE,TEST,Name9397,100,9397
2016,FEMALE,TEST,Name9398,100,9398
2016,FEMALE,TEST,Name9399,100,9399
2016,FEMALE,TEST,Name9400,100,9400
2016,FEMALE,TEST,Name9401,100,9401
2016,FEMALE,TEST,Name9402,100,9402
2016,FEMALE,TEST,Name9403,100,9403
2016,FEMALE,TEST,Name9404,100,9404
2016,FEMALE,TEST,Name9405,100,9405
2016,FEMALE,TEST,Name9406,100,9406
2016,FEMALE,TEST,Name9407,100,9407
2016,FEMALE,TEST,Name9408,100,9408
2016,FEMALE,TEST,Name9409,100,9409
2016,FEMALE,TEST,Name9410,100,9410
2016,FEMALE,TEST,Name9411,100,9411
2016,FEMALE,TEST,Name9412,100,9412
2016,FEMALE,TEST,Name9413,100,9413
2016,FEMALE,TEST,Name9414,100,9414
2016,FEMALE,TEST,Name9415,100,9415
2016,FEMALE,TEST,Name9416,100,9416
2016,FEMALE,TEST,Name9417,100,9417
2016,FEMALE,TEST,Name9418,100,9418
2016,FEMALE,TEST,Name9419,100,9419
2016,FEMALE,TEST,Name9420,100,9420
2016,FEMALE,TEST,Name9421,100,9421
2016,FEMALE,TEST,Name9422,100,9422
2016,FEMALE,TEST,Name9423,100,9423
2016,FEMALE,TEST,Name9424,100,9424
2016,FEMALE,TEST,Name9425,100,9425
2016,FEMALE,TEST,Name9426,100,9426
2016,FEMALE,TEST,Name9427,100,9427
2016,FEMALE,TEST,Name9428,100,9428
2016,FEMALE,TEST,Name9429,100,9429
2016,FEMALE,TEST,Name9430,100,9430
2016,FEMALE,TEST,Name9431,100,9431
2016,FEMALE,TEST,Name9432,100,9432
2016,FEMALE,TEST,Name9433,100,9433
2016,FEMALE,TEST,Name9434,100,9434
2016,FEMALE,TEST,Name9435,100,9435
2016,FEMALE,TEST,Name9436,100,9436
2016,FEMALE,TEST,Name9437,100,9437
2016,FEMALE,TEST,Name9438,100,9438
2016,FEMALE,TEST,Name9439,100,9439
2016,FEMALE,TEST,Name9440,100,9440
2016,FEMALE,TEST,Name9441,100,9441
2016,FEMALE,TEST,Name9442,100,9442
2016,FEMALE,TEST,Name9443,100,9443
2016,FEMALE,TEST,Name9444,100,9444
2016,FEMALE,TEST,Name9445,100,9445
2016,FEMALE,TEST,Name9446,100,9446
2016,FEMALE,TEST,Name9447,100,9447
2016,FEMALE,TEST,Name9448,100,9448
2016,FEMALE,TEST,Name9449,100,9449
2016,FEMALE,TEST,Name9450,100,9450
2016,FEMALE,TEST,Name9451,100,9451
2016,FEMALE,TEST,Name9452,100,9452
2016,FEMALE,TEST,Name9453,100,9453
2016,FEMALE,TEST,Name9454,100,9454
2016,FEMALE,TEST,Name9455,100,9455
2016,FEMALE,TEST,Name9456,100,9456
2016,FEMALE,TEST,Name9457,100,9457
2016,FEMALE,TEST,Name9458,100,9458
2016,FEMALE,TEST,Name9459,100,9459
2016,FEMALE,TEST,Name9460,100,9460
2016,FEMALE,TEST,Name9461,100,9461
2016,FEMALE,TEST,Name9462,100,9462
2016,FEMALE,TEST,Name9463,100,9463
2016,FEMALE,TEST,Name9464,100,9464
2016,FEMALE,TEST,Name9465,100,9465
2016,FEMALE,TEST,Name9466,100,9466
2016,FEMALE,TEST,Name9467,100,9467
2016,FEMALE,TEST,Name9468,100,9468
2016,FEMALE,TEST,Name9469,100,9469
2016,FEMALE,TEST,Name9470,100,9470
2016,FEMALE,TEST,Name9471,100,9471
2016,FEMALE,TEST,Name9472,100,9472
2016,FEMALE,TEST,Name9473,100,9473
2016,FEMALE,TEST,Name9474,100,9474
2016,FEMALE,TEST,Name9475,100,9475
2016,FEMALE,TEST,Name9476,100,9476
2016,FEMALE,TEST,Name9477,100,9477
2016,FEMALE,TEST,Name9478,100,9478
2016,FEMALE,TEST,Name9479,100,9479
2016,FEMALE,TEST,Name9480,100,9480
2016,FEMALE,TEST,Name9481,100,9481
2016,FEMALE,TEST,Name9482,100,9482
2016,FEMALE,TEST,Name9483,100,9483
2016,FEMALE,TEST,Name9484,100,9484
2016,FEMALE,TEST,Name9485,100,9485
2016,FEMALE,TEST,Name9486,100,9486
2016,FEMALE,TEST,Name9487,100,9487
2016,FEMALE,TEST,Name9488,100,9488
2016,FEMALE,TEST,Name9489,100,9489
2016,FEMALE,TEST,Name9490,100,9490
2016,FEMALE,TEST,Name9491,100,9491
2016,FEMALE,TEST,Name9492,100,9492
2016,FEMALE,TEST,Name9493,100,9493
2016,FEMALE,TEST,Name9494,100,9494
2016,FEMALE,TEST,Name9495,100,9495
2016,FEMALE,TEST,Name9496,100,9496
2016,FEMALE,TEST,Name9497,100,9497
2016,FEMALE,TEST,Name9498,100,9498
2016,FEMALE,TEST,Name9499,100,9499
2016,FEMALE,TEST,Name9500,100,9500
2016,FEMALE,TEST,Name9501,100,9501
2016,FEMALE,TEST,Name9502,100,9502
2016,FEMALE,TEST,Name9503,100,9503
2016,FEMALE,TEST,Name9504,100,9504
2016,FEMALE,TEST,Name9505,100,9505
2016,FEMALE,TEST,Name9506,100,9506
2016,FEMALE,TEST,Name9507,100,9507
2016,FEMALE,TEST,Name9508,100,9508
2016,FEMALE,TEST,Name9509,100,9509
2016,FEMALE,TEST,Name9510,100,9510
2016,FEMALE,TEST,Name9511,100,9511
2016,FEMALE,TEST,Name9512,100,9512
2016,FEMALE,TEST,Name9513,100,9513
2016,FEMALE,TEST,Name9514,100,9514
2016,FEMALE,TEST,Name9515,100,9515
2016,FEMALE,TEST,Name9516,100,9516
2016,FEMALE,TEST,Name9517,100,9517
2016,FEMALE,TEST,Name9518,100,9518
2016,FEMALE,TEST,Name9519,100,9519
2016,FEMALE,TEST,Name9520,100,9520
2016,FEMALE,TEST,Name9521,100,9521
2016,FEMALE,TEST,Name9522,100,9522
2016,FEMALE,TEST,Name9523,100,9523
2016,FEMALE,TEST,Name9524,100,9524
2016,FEMALE,TEST,Name9525,100,9525
2016,FEMALE,TEST,Name9526,100,9526
2016,FEMALE,TEST,Name9527,100,9527
2016,FEMALE,TEST,Name9528,100,9528
2016,FEMALE,TEST,Name9529,100,9529
2016,FEMALE,TEST,Name9530,100,9530
2016,FEMALE,TEST,Name9531,100,9531
2016,FEMALE,TEST,Name9532,100,9532
2016,FEMALE,TEST,Name9533,100,9533
2016,FEMALE,TEST,Name9534,100,9534
2016,FEMALE,TEST,Name9535,100,9535
2016,FEMALE,TEST,Name9536,100,9536
2016,FEMALE,TEST,Name9537,100,9537
2016,FEMALE,TEST,Name9538,100,9538
2016,FEMALE,TEST,Name9539,100,9539
2016,FEMALE,TEST,Name9540,100,9540
2016,FEMALE,TEST,Name9541,100,9541
2016,FEMALE,TEST,Name9542,100,9542
2016,FEMALE,TEST,Name9543,100,9543
2016,FEMALE,TEST,Name9544,100,9544
2016,FEMALE,TEST,Name9545,100,9545
2016,FEMALE,TEST,Name9546,100,9546
2016,FEMALE,TEST,Name9547,100,9547
2016,FEMALE,TEST,Name9548,100,9548
2016,FEMALE,TEST,Name9549,100,9549
2016,FEMALE,TEST,Name9550,100,9550
2016,FEMALE,TEST,Name9551,100,9551
2016,FEMALE,TEST,Name9552,100,9552
2016,FEMALE,TEST,Name9553,100,9553
2016,FEMALE,TEST,Name9554,100,9554
2016,FEMALE,TEST,Name9555,100,9555
2016,FEMALE,TEST,Name9556,100,9556
2016,FEMALE,TEST,Name9557,100,9557
2016,FEMALE,TEST,Name9558,100,9558
2016,FEMALE,TEST,Name9559,100,9559
2016,FEMALE,TEST,Name9560,100,9560
2016,FEMALE,TEST,Name9561,100,9561
2016,FEMALE,TEST,Name9562,100,9562
2016,FEMALE,TEST,Name9563,100,9563
2016,FEMALE,TEST,Name9564,100,9564
2016,FEMALE,TEST,Name9565,100,9565
2016,FEMALE,TEST,Name9566,100,9566
2016,FEMALE,TEST,Name9567,100,9567
2016,FEMALE,TEST,Name9568,100,9568
2016,FEMALE,TEST,Name9569,100,9569
2016,FEMALE,TEST,Name9570,100,9570
2016,FEMALE,TEST,Name9571,100,9571
2016,FEMALE,TEST,Name9572,100,9572
2016,FEMALE,TEST,Name9573,100,9573
2016,FEMALE,TEST,Name9574,100,9574
2016,FEMALE,TEST,Name9575,100,9575
2016,FEMALE,TEST,Name9576,100,9576
2016,FEMALE,TEST,Name9577,100,9577
2016,FEMALE,TEST,Name9578,100,9578
2016,FEMALE,TEST,Name9579,100,9579
2016,FEMALE,TEST,Name9580,100,9580
2016,FEMALE,TEST,Name9581,100,9581
2016,FEMALE,TEST,Name9582,100,9582
2016,FEMALE,TEST,Name9583,100,9583
2016,FEMALE,TEST,Name9584,100,9584
2016,FEMALE,TEST,Name9585,100,9585
2016,FEMALE,TEST,Name9586,100,9586
2016,FEMALE,TEST,Name9587,100,9587
2016,FEMALE,TEST,Name9588,100,9588
2016,FEMALE,TEST,Name9589,100,9589
2016,FEMALE,TEST,Name9590,100,9590
2016,FEMALE,TEST,Name9591,100,9591
2016,FEMALE,TEST,Name9592,100,9592
2016,FEMALE,TEST,Name9593,100,9593
2016,FEMALE,TEST,Name9594,100,9594
2016,FEMALE,TEST,Name9595,100,9595
2016,FEMALE,TEST,Name9596,100,9596
2016,FEMALE,TEST,Name9597,100,9597
2016,FEMALE,TEST,Name9598,100,9598
2016,FEMALE,TEST,Name9599,100,9599
2016,FEMALE,TEST,Name9600,100,9600
2016,FEMALE,TEST,Name9601,100,9601
2016,FEMALE,TEST,Name9602,100,9602
2016,FEMALE,TEST,Name9603,100,9603
2016,FEMALE,TEST,Name9604,100,9604
2016,FEMALE,TEST,Name9605,100,9605
2016,FEMALE,TEST,Name9606,100,9606
2016,FEMALE,TEST,Name9607,100,9607
2016,FEMALE,TEST,Name9608,100,9608
2016,FEMALE,TEST,Name9609,100,9609
2016,FEMALE,TEST,Name9610,100,9610
2016,FEMALE,TEST,Name9611,100,9611
2016,FEMALE,TEST,Name9612,100,9612
2016,FEMALE,TEST,Name9613,100,9613
2016,FEMALE,TEST,Name9614,100,9614
2016,FEMALE,TEST,Name9615,100,9615
2016,FEMALE,TEST,Name9616,100,9616
2016,FEMALE,TEST,Name9617,100,9617
2016,FEMALE,TEST,Name9618,100,9618
2016,FEMALE,TEST,Name9619,100,9619
2016,FEMALE,TEST,Name9620,100,9620
2016,FEMALE,TEST,Name9621,100,9621
2016,FEMALE,TEST,Name9622,100,9622
2016,FEMALE,TEST,Name9623,100,9623
2016,FEMALE,TEST,Name9624,100,9624
2016,FEMALE,TEST,Name9625,100,9625
2016,FEMALE,TEST,Name9626,100,9626
2016,FEMALE,TEST,Name9627,100,9627
2016,FEMALE,TEST,Name9628,100,9628
2016,FEMALE,TEST,Name9629,100,9629
2016,FEMALE,TEST,Name9630,100,9630
2016,FEMALE,TEST,Name9631,100,9631
2016,FEMALE,TEST,Name9632,100,9632
2016,FEMALE,TEST,Name9633,100,9633
2016,FEMALE,TEST,Name9634,100,9634
2016,FEMALE,TEST,Name9635,100,9635
2016,FEMALE,TEST,Name9636,100,9636
2016,FEMALE,TEST,Name9637,100,9637
2016,FEMALE,TEST,Name9638,100,9638
2016,FEMALE,TEST,Name9639,100,9639
2016,FEMALE,TEST,Name9640,100,9640
2016,FEMALE,TEST,Name9641,100,9641
2016,FEMALE,TEST,Name9642,100,9642
2016,FEMALE,TEST,Name9643,100,9643
2016,FEMALE,TEST,Name9644,100,9644
2016,FEMALE,TEST,Name9645,100,9645
2016,FEMALE,TEST,Name9646,100,9646
2016,FEMALE,TEST,Name9647,100,9647
2016,FEMALE,TEST,Name9648,100,9648
2016,FEMALE,TEST,Name9649,100,9649
2016,FEMALE,TEST,Name9650,100,9650
2016,FEMALE,TEST,Name9651,100,9651
2016,FEMALE,TEST,Name9652,100,9652
2016,FEMALE,TEST,Name9653,100,9653
2016,FEMALE,TEST,Name9654,100,9654
2016,FEMALE,TEST,Name9655,100,9655
2016,FEMALE,TEST,Name9656,100,9656
2016,FEMALE,TEST,Name9657,100,9657
2016,FEMALE,TEST,Name9658,100,9658
2016,FEMALE,TEST,Name9659,100,9659
2016,FEMALE,TEST,Name9660,100,9660
2016,FEMALE,TEST,Name9661,100,9661
2016,FEMALE,TEST,Name9662,100,9662
2016,FEMALE,TEST,Name9663,100,9663
2016,FEMALE,TEST,Name9664,100,9664
2016,FEMALE,TEST,Name9665,100,9665
2016,FEMALE,TEST,Name9666,100,9666
2016,FEMALE,TEST,Name9667,100,9667
2016,FEMALE,TEST,Name9668,100,9668
2016,FEMALE,TEST,Name9669,100,9669
2016,FEMALE,TEST,Name9670,100,9670
2016,FEMALE,TEST,Name9671,100,9671
2016,FEMALE,TEST,Name9672,100,9672
2016,FEMALE,TEST,Name9673,100,9673
2016,FEMALE,TEST,Name9674,100,9674
2016,FEMALE,TEST,Name9675,100,9675
2016,FEMALE,TEST,Name9676,100,9676
2016,FEMALE,TEST,Name9677,100,9677
2016,FEMALE,TEST,Name9678,100,9678
2016,FEMALE,TEST,Name9679,100,9679
2016,FEMALE,TEST,Name9680,100,9680
2016,FEMALE,TEST,Name9681,100,9681
2016,FEMALE,TEST,Name9682,100,9682
2016,FEMALE,TEST,Name9683,100,9683
2016,FEMALE,TEST,Name9684,100,9684
2016,FEMALE,TEST,Name9685,100,9685
2016,FEMALE,TEST,Name9686,100,9686
2016,FEMALE,TEST,Name9687,100,9687
2016,FEMALE,TEST,Name9688,100,9688
2016,FEMALE,TEST,Name9689,100,9689
2016,FEMALE,TEST,Name9690,100,9690
2016,FEMALE,TEST,Name9691,100,9691
2016,FEMALE,TEST,Name9692,100,9692
2016,FEMALE,TEST,Name9693,100,9693
2016,FEMALE,TEST,Name9694,100,9694
2016,FEMALE,TEST,Name9695,100,9695
2016,FEMALE,TEST,Name9696,100,9696
2016,FEMALE,TEST,Name9697,100,9697
2016,FEMALE,TEST,Name9698,100,9698
2016,FEMALE,TEST,Name9699,100,9699
2016,FEMALE,TEST,Name9700,100,9700
2016,FEMALE,TEST,Name9701,100,9701
2016,FEMALE,TEST,Name9702,100,9702
2016,FEMALE,TEST,Name9703,100,9703
2016,FEMALE,TEST,Name9704,100,9704
2016,FEMALE,TEST,Name9705,100,9705
2016,FEMALE,TEST,Name9706,100,9706
2016,FEMALE,TEST,Name9707,100,9707
2016,FEMALE,TEST,Name9708,100,9708
2016,FEMALE,TEST,Name9709,100,9709
2016,FEMALE,TEST,Name9710,100,9710
2016,FEMALE,TEST,Name9711,100,9711
2016,FEMALE,TEST,Name9712,100,9712
2016,FEMALE,TEST,Name9713,100,9713
2016,FEMALE,TEST,Name9714,100,9714
2016,FEMALE,TEST,Name9715,100,9715
2016,FEMALE,TEST,Name9716,100,9716
2016,FEMALE,TEST,Name9717,100,9717
2016,FEMALE,TEST,Name9718,100,9718
2016,FEMALE,TEST,Name9719,100,9719
2016,FEMALE,TEST,Name9720,100,9720
2016,FEMALE,TEST,Name9721,100,9721
2016,FEMALE,TEST,Name9722,100,9722
2016,FEMALE,TEST,Name9723,100,9723
2016,FEMALE,TEST,Name9724,100,9724
2016,FEMALE,TEST,Name9725,100,9725
2016,FEMALE,TEST,Name9726,100,9726
2016,FEMALE,TEST,Name9727,100,9727
2016,FEMALE,TEST,Name9728,100,9728
2016,FEMALE,TEST,Name9729,100,9729
2016,FEMALE,TEST,Name9730,100,9730
2016,FEMALE,TEST,Name9731,100,9731
2016,FEMALE,TEST,Name9732,100,9732
2016,FEMALE,TEST,Name9733,100,9733
2016,FEMALE,TEST,Name9734,100,9734
2016,FEMALE,TEST,Name9735,100,9735
2016,FEMALE,TEST,Name9736,100,9736
2016,FEMALE,TEST,Name9737,100,9737
2016,FEMALE,TEST,Name9738,100,9738
2016,FEMALE,TEST,Name9739,100,9739
2016,FEMALE,TEST,Name9740,100,9740
2016,FEMALE,TEST,Name9741,100,9741
2016,FEMALE,TEST,Name9742,100,9742
2016,FEMALE,TEST,Name9743,100,9743
2016,FEMALE,TEST,Name9744,100,9744
2016,FEMALE,TEST,Name9745,100,9745
2016,FEMALE,TEST,Name9746,100,9746
2016,FEMALE,TEST,Name9747,100,9747
2016,FEMALE,TEST,Name9748,100,9748
2016,FEMALE,TEST,Name9749,100,9749
2016,FEMALE,TEST,Name9750,100,9750
2016,FEMALE,TEST,Name9751,100,9751
2016,FEMALE,TEST,Name9752,100,9752
2016,FEMALE,TEST,Name9753,100,9753
2016,FEMALE,TEST,Name9754,100,9754
2016,FEMALE,TEST,Name9755,100,9755
2016,FEMALE,TEST,Name9756,100,9756
2016,FEMALE,TEST,Name9757,100,9757
2016,FEMALE,TEST,Name9758,100,9758
2016,FEMALE,TEST,Name9759,100,9759
2016,FEMALE,TEST,Name9760,100,9760
2016,FEMALE,TEST,Name9761,100,9761
2016,FEMALE,TEST,Name9762,100,9762
2016,FEMALE,TEST,Name9763,100,9763
2016,FEMALE,TEST,Name9764,100,9764
2016,FEMALE,TEST,Name9765,100,9765
2016,FEMALE,TEST,Name9766,100,9766
2016,FEMALE,TEST,Name9767,100,9767
2016,FEMALE,TEST,Name9768,100,9768
2016,FEMALE,TEST,Name9769,100,9769
2016,FEMALE,TEST,Name9770,100,9770
2016,FEMALE,TEST,Name9771,100,9771
2016,FEMALE,TEST,Name9772,100,9772
2016,FEMALE,TEST,Name9773,100,9773
2016,FEMALE,TEST,Name9774,100,9774
2016,FEMALE,TEST,Name9775,100,9775
2016,FEMALE,TEST,Name9776,100,9776
2016,FEMALE,TEST,Name9777,100,9777
2016,FEMALE,TEST,Name9778,100,9778
2016,FEMALE,TEST,Name9779,100,9779
2016,FEMALE,TEST,Name9780,100,9780
2016,FEMALE,TEST,Name9781,100,9781
2016,FEMALE,TEST,Name9782,100,9782
2016,FEMALE,TEST,Name9783,100,9783
2016,FEMALE,TEST,Name9784,100,9784
2016,FEMALE,TEST,Name9785,100,9785
2016,FEMALE,TEST,Name9786,100,9786
2016,FEMALE,TEST,Name9787,100,9787
2016,FEMALE,TEST,Name9788,100,9788
2016,FEMALE,TEST,Name9789,100,9789
2016,FEMALE,TEST,Name9790,100,9790
2016,FEMALE,TEST,Name9791,100,9791
2016,FEMALE,TEST,Name9792,100,9792
2016,FEMALE,TEST,Name9793,100,9793
2016,FEMALE,TEST,Name9794,100,9794
2016,FEMALE,TEST,Name9795,100,9795
2016,FEMALE,TEST,Name9796,100,9796
2016,FEMALE,TEST,Name9797,100,9797
2016,FEMALE,TEST,Name9798,100,9798
2016,FEMALE,TEST,Name9799,100,9799
2016,FEMALE,TEST,Name9800,100,9800
2016,FEMALE,TEST,Name9801,100,9801
2016,FEMALE,TEST,Name9802,100,9802
2016,FEMALE,TEST,Name9803,100,9803
2016,FEMALE,TEST,Name9804,100,9804
2016,FEMALE,TEST,Name9805,100,9805
2016,FEMALE,TEST,Name9806,100,9806
2016,FEMALE,TEST,Name9807,100,9807
2016,FEMALE,TEST,Name9808,100,9808
2016,FEMALE,TEST,Name9809,100,9809
2016,FEMALE,TEST,Name9810,100,9810
2016,FEMALE,TEST,Name9811,100,9811
2016,FEMALE,TEST,Name9812,100,9812
2016,FEMALE,TEST,Name9813,100,9813
2016,FEMALE,TEST,Name9814,100,9814
2016,FEMALE,TEST,Name9815,100,9815
2016,FEMALE,TEST,Name9816,100,9816
2016,FEMALE,TEST,Name9817,100,9817
2016,FEMALE,TEST,Name9818,100,9818
2016,FEMALE,TEST,Name9819,100,9819
2016,FEMALE,TEST,Name9820,100,9820
2016,FEMALE,TEST,Name9821,100,9821
2016,FEMALE,TEST,Name9822,100,9822
2016,FEMALE,TEST,Name9823,100,9823
2016,FEMALE,TEST,Name9824,100,9824
2016,FEMALE,TEST,Name9825,100,9825
2016,FEMALE,TEST,Name9826,100,9826
2016,FEMALE,TEST,Name9827,100,9827
2016,FEMALE,TEST,Name9828,100,9828
2016,FEMALE,TEST,Name9829,100,9829
2016,FEMALE,TEST,Name9830,100,9830
2016,FEMALE,TEST,Name9831,100,9831
2016,FEMALE,TEST,Name9832,100,9832
2016,FEMALE,TEST,Name9833,100,9833
2016,FEMALE,TEST,Name9834,100,9834
2016,FEMALE,TEST,Name9835,100,9835
2016,FEMALE,TEST,Name9836,100,9836
2016,FEMALE,TEST,Name9837,100,9837
2016,FEMALE,TEST,Name9838,100,9838
2016,FEMALE,TEST,Name9839,100,9839
2016,FEMALE,TEST,Name9840,100,9840
2016,FEMALE,TEST,Name9841,100,9841
2016,FEMALE,TEST,Name9842,100,9842
2016,FEMALE,TEST,Name9843,100,9843
2016,FEMALE,TEST,Name9844,100,9844
2016,FEMALE,TEST,Name9845,100,9845
2016,FEMALE,TEST,Name9846,100,9846
2016,FEMALE,TEST,Name9847,100,9847
2016,FEMALE,TEST,Name9848,100,9848
2016,FEMALE,TEST,Name9849,100,9849
2016,FEMALE,TEST,Name9850,100,9850
2016,FEMALE,TEST,Name9851,100,9851
2016,FEMALE,TEST,Name9852,100,9852
2016,FEMALE,TEST,Name9853,100,9853
2016,FEMALE,TEST,Name9854,100,9854
2016,FEMALE,TEST,Name9855,100,9855
2016,FEMALE,TEST,Name9856,100,9856
2016,FEMALE,TEST,Name9857,100,9857
2016,FEMALE,TEST,Name9858,100,9858
2016,FEMALE,TEST,Name9859,100,9859
2016,FEMALE,TEST,Name9860,100,9860
2016,FEMALE,TEST,Name9861,100,9861
2016,FEMALE,TEST,Name9862,100,9862
2016,FEMALE,TEST,Name9863,100,9863
2016,FEMALE,TEST,Name9864,100,9864
2016,FEMALE,TEST,Name9865,100,9865
2016,FEMALE,TEST,Name9866,100,9866
2016,FEMALE,TEST,Name9867,100,9867
2016,FEMALE,TEST,Name9868,100,9868
2016,FEMALE,TEST,Name9869,100,9869
2016,FEMALE,TEST,Name9870,100,9870
2016,FEMALE,TEST,Name9871,100,9871
2016,FEMALE,TEST,Name9872,100,9872
2016,FEMALE,TEST,Name9873,100,9873
2016,FEMALE,TEST,Name9874,100,9874
2016,FEMALE,TEST,Name9875,100,9875
2016,FEMALE,TEST,Name9876,100,9876
2016,FEMALE,TEST,Name9877,100,9877
2016,FEMALE,TEST,Name9878,100,9878
2016,FEMALE,TEST,Name9879,100,9879
2016,FEMALE,TEST,Name9880,100,9880
2016,FEMALE,TEST,Name9881,100,9881
2016,FEMALE,TEST,Name9882,100,9882
2016,FEMALE,TEST,Name9883,100,9883
2016,FEMALE,TEST,Name9884,100,9884
2016,FEMALE,TEST,Name9885,100,9885
2016,FEMALE,TEST,Name9886,100,9886
2016,FEMALE,TEST,Name9887,100,9887
2016,FEMALE,TEST,Name9888,100,9888
2016,FEMALE,TEST,Name9889,100,9889
2016,FEMALE,TEST,Name9890,100,9890
2016,FEMALE,TEST,Name9891,100,9891
2016,FEMALE,TEST,Name9892,100,9892
2016,FEMALE,TEST,Name9893,100,9893
2016,FEMALE,TEST,Name9894,100,9894
2016,FEMALE,TEST,Name9895,100,9895
2016,FEMALE,TEST,Name9896,100,9896
2016,FEMALE,TEST,Name9897,100,9897
2016,FEMALE,TEST,Name9898,100,9898
2016,FEMALE,TEST,Name9899,100,9899
2016,FEMALE,TEST,Name9900,100,9900
2016,FEMALE,TEST,Name9901,100,9901
2016,FEMALE,TEST,Name9902,100,9902
2016,FEMALE,TEST,Name9903,100,9903
2016,FEMALE,TEST,Name9904,100,9904
2016,FEMALE,TEST,Name9905,100,9905
2016,FEMALE,TEST,Name9906,100,9906
2016,FEMALE,TEST,Name9907,100,9907
2016,FEMALE,TEST,Name9908,100,9908
2016,FEMALE,TEST,Name9909,100,9909
2016,FEMALE,TEST,Name9910,100,9910
2016,FEMALE,TEST,Name9911,100,9911
2016,FEMALE,TEST,Name9912,100,9912
2016,FEMALE,TEST,Name9913,100,9913
2016,FEMALE,TEST,Name9914,100,9914
2016,FEMALE,TEST,Name9915,100,9915
2016,FEMALE,TEST,Name9916,100,9916
2016,FEMALE,TEST,Name9917,100,9917
2016,FEMALE,TEST,Name9918,100,9918
2016,FEMALE,TEST,Name9919,100,9919
2016,FEMALE,TEST,Name9920,100,9920
2016,FEMALE,TEST,Name9921,100,9921
2016,FEMALE,TEST,Name9922,100,9922
2016,FEMALE,TEST,Name9923,100,9923
2016,FEMALE,TEST,Name9924,100,9924
2016,FEMALE,TEST,Name9925,100,9925
2016,FEMALE,TEST,Name9926,100,9926
2016,FEMALE,TEST,Name9927,100,9927
2016,FEMALE,TEST,Name9928,100,9928
2016,FEMALE,TEST,Name9929,100,9929
2016,FEMALE,TEST,Name9930,100,9930
2016,FEMALE,TEST,Name9931,100,9931
2016,FEMALE,TEST,Name9932,100,9932
2016,FEMALE,TEST,Name9933,100,9933
2016,FEMALE,TEST,Name9934,100,9934
2016,FEMALE,TEST,Name9935,100,9935
2016,FEMALE,TEST,Name9936,100,9936
2016,FEMALE,TEST,Name9937,100,9937
2016,FEMALE,TEST,Name9938,100,9938
2016,FEMALE,TEST,Name9939,100,9939
2016,FEMALE,TEST,Name9940,100,9940
2016,FEMALE,TEST,Name9941,100,9941
2016,FEMALE,TEST,Name9942,100,9942
2016,FEMALE,TEST,Name9943,100,9943
2016,FEMALE,TEST,Name9944,100,9944
2016,FEMALE,TEST,Name9945,100,9945
2016,FEMALE,TEST,Name9946,100,9946
2016,FEMALE,TEST,Name9947,100,9947
2016,FEMALE,TEST,Name9948,100,9948
2016,FEMALE,TEST,Name9949,100,9949
2016,FEMALE,TEST,Name9950,100,9950
2016,FEMALE,TEST,Name9951,100,9951
2016,FEMALE,TEST,Name9952,100,9952
2016,FEMALE,TEST,Name9953,100,9953
2016,FEMALE,TEST,Name9954,100,9954
2016,FEMALE,TEST,Name9955,100,9955
2016,FEMALE,TEST,Name9956,100,9956
2016,FEMALE,TEST,Name9957,100,9957
2016,FEMALE,TEST,Name9958,100,9958
2016,FEMALE,TEST,Name9959,100,9959
2016,FEMALE,TEST,Name9960,100,9960
2016,FEMALE,TEST,Name9961,100,9961
2016,FEMALE,TEST,Name9962,100,9962
2016,FEMALE,TEST,Name9963,100,9963
2016,FEMALE,TEST,Name9964,100,9964
2016,FEMALE,TEST,Name9965,100,9965
2016,FEMALE,TEST,Name9966,100,9966
2016,FEMALE,TEST,Name9967,100,9967
2016,FEMALE,TEST,Name9968,100,9968
2016,FEMALE,TEST,Name9969,100,9969
2016,FEMALE,TEST,Name9970,100,9970
2016,FEMALE,TEST,Name9971,100,9971
2016,FEMALE,TEST,Name9972,100,9972
2016,FEMALE,TEST,Name9973,100,9973
2016,FEMALE,TEST,Name9974,100,9974
2016,FEMALE,TEST,Name9975,100,9975
2016,FEMALE,TEST,Name9976,100,9976
2016,FEMALE,TEST,Name9977,100,9977
2016,FEMALE,TEST,Name9978,100,9978
2016,FEMALE,TEST,Name9979,100,9979
2016,FEMALE,TEST,Name9980,100,9980
2016,FEMALE,TEST,Name9981,100,9981
2016,FEMALE,TEST,Name9982,100,9982
2016,FEMALE,TEST,Name9983,100,9983
2016,FEMALE,TEST,Name9984,100,9984
2016,FEMALE,TEST,Name9985,100,9985
2016,FEMALE,TEST,Name9986,100,9986
2016,FEMALE,TEST,Name9987,100,9987
2016,FEMALE,TEST,Name9988,100,9988
2016,FEMALE,TEST,Name9989,100,9989
2016,FEMALE,TEST,Name9990,100,9990
2016,FEMALE,TEST,Name9991,100,9991
2016,FEMALE,TEST,Name9992,100,9992
2016,FEMALE,TEST,Name9993,100,9993
2016,FEMALE,TEST,Name9994,100,9994
2016,FEMALE,TEST,Name9995,100,9995
2016,FEMALE,TEST,Name9996,100,9996
2016,FEMALE,TEST,Name9997,100,9997
2016,FEMALE,TEST,Name9998,100,9998
2016,FEMALE,TEST,Name9999,100,9999
2016,FEMALE,TEST,Name10000,100,10000
2016,FEMALE,TEST,Name10001,100,10001
2016,FEMALE,TEST,Name10002,100,10002
2016,FEMALE,TEST,Name10003,100,10003
2016,FEMALE,TEST,Name10004,100,10004
2016,FEMALE,TEST,Name10005,100,10005
2016,FEMALE,TEST,Name10006,100,10006
2016,FEMALE,TEST,Name10007,100,10007
2016,FEMALE,TEST,Name10008,100,10008
2016,FEMALE,TEST,Name10009,100,10009
2016,FEMALE,TEST,Name10010,100,10010
2016,FEMALE,TEST,Name10011,100,10011
2016,FEMALE,TEST,Name10012,100,10012
2016,FEMALE,TEST,Name10013,100,10013
2016,FEMALE,TEST,Name10014,100,10014
2016,FEMALE,TEST,Name10015,100,10015
2016,FEMALE,TEST,Name10016,100,10016
2016,FEMALE,TEST,Name10017,100,10017
2016,FEMALE,TEST,Name10018,100,10018
2016,FEMALE,TEST,Name10019,100,10019
2016,FEMALE,TEST,Name10020,100,10020
2016,FEMALE,TEST,Name10021,100,10021
2016,FEMALE,TEST,Name10022,100,10022
2016,FEMALE,TEST,Name10023,100,10023
2016,FEMALE,TEST,Name10024,100,10024
2016,FEMALE,TEST,Name10025,100,10025
2016,FEMALE,TEST,Name10026,100,10026
2016,FEMALE,TEST,Name10027,100,10027
2016,FEMALE,TEST,Name10028,100,10028
2016,FEMALE,TEST,Name10029,100,10029
2016,FEMALE,TEST,Name10030,100,10030
2016,FEMALE,TEST,Name10031,100,10031
2016,FEMALE,TEST,Name10032,100,10032
2016,FEMALE,TEST,Name10033,100,10033
2016,FEMALE,TEST,Name10034,100,10034
2016,FEMALE,TEST,Name10035,100,10035
2016,FEMALE,TEST,Name10036,100,10036
2016,FEMALE,TEST,Name10037,100,10037
2016,FEMALE,TEST,Name10038,100,10038
2016,FEMALE,TEST,Name10039,100,10039
2016,FEMALE,TEST,Name10040,100,10040
2016,FEMALE,TEST,Name10041,100,10041
2016,FEMALE,TEST,Name10042,100,10042
2016,FEMALE,TEST,Name10043,100,10043
2016,FEMALE,TEST,Name10044,100,10044
2016,FEMALE,TEST,Name10045,100,10045
2016,FEMALE,TEST,Name10046,100,10046
2016,FEMALE,TEST,Name10047,100,10047
2016,FEMALE,TEST,Name10048,100,10048
2016,FEMALE,TEST,Name10049,100,10049
2016,FEMALE,TEST,Name10050,100,10050
2016,FEMALE,TEST,Name10051,100,10051
2016,FEMALE,TEST,Name10052,100,10052
2016,FEMALE,TEST,Name10053,100,10053
2016,FEMALE,TEST,Name10054,100,10054
2016,FEMALE,TEST,Name10055,100,10055
2016,FEMALE,TEST,Name10056,100,10056
2016,FEMALE,TEST,Name10057,100,10057
2016,FEMALE,TEST,Name10058,100,10058
2016,FEMALE,TEST,Name10059,100,10059
2016,FEMALE,TEST,Name10060,100,10060
2016,FEMALE,TEST,Name10061,100,10061
2016,FEMALE,TEST,Name10062,100,10062
2016,FEMALE,TEST,Name10063,100,10063
2016,FEMALE,TEST,Name10064,100,10064
2016,FEMALE,TEST,Name10065,100,10065
2016,FEMALE,TEST,Name10066,100,10066
2016,FEMALE,TEST,Name10067,100,10067
2016,FEMALE,TEST,Name10068,100,10068
2016,FEMALE,TEST,Name10069,100,10069
2016,FEMALE,TEST,Name10070,100,10070
2016,FEMALE,TEST,Name10071,100,10071
2016,FEMALE,TEST,Name10072,100,10072
2016,FEMALE,TEST,Name10073,100,10073
2016,FEMALE,TEST,Name10074,100,10074
2016,FEMALE,TEST,Name10075,100,10075
2016,FEMALE,TEST,Name10076,100,10076
2016,FEMALE,TEST,Name10077,100,10077
2016,FEMALE,TEST,Name10078,100,10078
2016,FEMALE,TEST,Name10079,100,10079
2016,FEMALE,TEST,Name10080,100,10080
2016,FEMALE,TEST,Name10081,100,10081
2016,FEMALE,TEST,Name10082,100,10082
2016,FEMALE,TEST,Name10083,100,10083
2016,FEMALE,TEST,Name10084,100,10084
2016,FEMALE,TEST,Name10085,100,10085
2016,FEMALE,TEST,Name10086,100,10086
2016,FEMALE,TEST,Name10087,100,10087
2016,FEMALE,TEST,Name10088,100,10088
2016,FEMALE,TEST,Name10089,100,10089
2016,FEMALE,TEST,Name10090,100,10090
2016,FEMALE,TEST,Name10091,100,10091
2016,FEMALE,TEST,Name10092,100,10092
2016,FEMALE,TEST,Name10093,100,10093
2016,FEMALE,TEST,Name10094,100,10094
2016,FEMALE,TEST,Name10095,100,10095
2016,FEMALE,TEST,Name10096,100,10096
2016,FEMALE,TEST,Name10097,100,10097
2016,FEMALE,TEST,Name10098,100,10098
2016,FEMALE,TEST,Name10099,100,10099
2016,FEMALE,TEST,Name10100,100,10100
2016,FEMALE,TEST,Name10101,100,10101
2016,FEMALE,TEST,Name10102,100,10102
2016,FEMALE,TEST,Name10103,100,10103
2016,FEMALE,TEST,Name10104,100,10104
2016,FEMALE,TEST,Name10105,100,10105
2016,FEMALE,TEST,Name10106,100,10106
2016,FEMALE,TEST,Name10107,100,10107
2016,FEMALE,TEST,Name10108,100,10108
2016,FEMALE,TEST,Name10109,100,10109
2016,FEMALE,TEST,Name10110,100,10110
2016,FEMALE,TEST,Name10111,100,10111
2016,FEMALE,TEST,Name10112,100,10112
2016,FEMALE,TEST,Name10113,100,10113
2016,FEMALE,TEST,Name10114,100,10114
2016,FEMALE,TEST,Name10115,100,10115
2016,FEMALE,TEST,Name10116,100,10116
2016,FEMALE,TEST,Name10117,100,10117
2016,FEMALE,TEST,Name10118,100,10118
2016,FEMALE,TEST,Name10119,100,10119
2016,FEMALE,TEST,Name10120,100,10120
2016,FEMALE,TEST,Name10121,100,10121
2016,FEMALE,TEST,Name10122,100,10122
2016,FEMALE,TEST,Name10123,100,10123
2016,FEMALE,TEST,Name10124,100,10124
2016,FEMALE,TEST,Name10125,100,10125
2016,FEMALE,TEST,Name10126,100,10126
2016,FEMALE,TEST,Name10127,100,10127
2016,FEMALE,TEST,Name10128,100,10128
2016,FEMALE,TEST,Name10129,100,10129
2016,FEMALE,TEST,Name10130,100,10130
2016,FEMALE,TEST,Name10131,100,10131
2016,FEMALE,TEST,Name10132,100,10132
2016,FEMALE,TEST,Name10133,100,10133
2016,FEMALE,TEST,Name10134,100,10134
2016,FEMALE,TEST,Name10135,100,10135
2016,FEMALE,TEST,Name10136,100,10136
2016,FEMALE,TEST,Name10137,100,10137
2016,FEMALE,TEST,Name10138,100,10138
2016,FEMALE,TEST,Name10139,100,10139
2016,FEMALE,TEST,Name10140,100,10140
2016,FEMALE,TEST,Name10141,100,10141
2016,FEMALE,TEST,Name10142,100,10142
2016,FEMALE,TEST,Name10143,100,10143
2016,FEMALE,TEST,Name10144,100,10144
2016,FEMALE,TEST,Name10145,100,10145
2016,FEMALE,TEST,Name10146,100,10146
2016,FEMALE,TEST,Name10147,100,10147
2016,FEMALE,TEST,Name10148,100,10148
2016,FEMALE,TEST,Name10149,100,10149
2016,FEMALE,TEST,Name10150,100,10150
2016,FEMALE,TEST,Name10151,100,10151
2016,FEMALE,TEST,Name10152,100,10152
2016,FEMALE,TEST,Name10153,100,10153
2016,FEMALE,TEST,Name10154,100,10154
2016,FEMALE,TEST,Name10155,100,10155
2016,FEMALE,TEST,Name10156,100,10156
2016,FEMALE,TEST,Name10157,100,10157
2016,FEMALE,TEST,Name10158,100,10158
2016,FEMALE,TEST,Name10159,100,10159
2016,FEMALE,TEST,Name10160,100,10160
2016,FEMALE,TEST,Name10161,100,10161
2016,FEMALE,TEST,Name10162,100,10162
2016,FEMALE,TEST,Name10163,100,10163
2016,FEMALE,TEST,Name10164,100,10164
2016,FEMALE,TEST,Name10165,100,10165
2016,FEMALE,TEST,Name10166,100,10166
2016,FEMALE,TEST,Name10167,100,10167
2016,FEMALE,TEST,Name10168,100,10168
2016,FEMALE,TEST,Name10169,100,10169
2016,FEMALE,TEST,Name10170,100,10170
2016,FEMALE,TEST,Name10171,100,10171
2016,FEMALE,TEST,Name10172,100,10172
2016,FEMALE,TEST,Name10173,100,10173
2016,FEMALE,TEST,Name10174,100,10174
2016,FEMALE,TEST,Name10175,100,10175
2016,FEMALE,TEST,Name10176,100,10176
2016,FEMALE,TEST,Name10177,100,10177
2016,FEMALE,TEST,Name10178,100,10178
2016,FEMALE,TEST,Name10179,100,10179
2016,FEMALE,TEST,Name10180,100,10180
2016,FEMALE,TEST,Name10181,100,10181
2016,FEMALE,TEST,Name10182,100,10182
2016,FEMALE,TEST,Name10183,100,10183
2016,FEMALE,TEST,Name10184,100,10184
2016,FEMALE,TEST,Name10185,100,10185
2016,FEMALE,TEST,Name10186,100,10186
2016,FEMALE,TEST,Name10187,100,10187
2016,FEMALE,TEST,Name10188,100,10188
2016,FEMALE,TEST,Name10189,100,10189
2016,FEMALE,TEST,Name10190,100,10190
2016,FEMALE,TEST,Name10191,100,10191
2016,FEMALE,TEST,Name10192,100,10192
2016,FEMALE,TEST,Name10193,100,10193
2016,FEMALE,TEST,Name10194,100,10194
2016,FEMALE,TEST,Name10195,100,10195
2016,FEMALE,TEST,Name10196,100,10196
2016,FEMALE,TEST,Name10197,100,10197
2016,FEMALE,TEST,Name10198,100,10198
2016,FEMALE,TEST,Name10199,100,10199
2016,FEMALE,TEST,Name10200,100,10200
2016,FEMALE,TEST,Name10201,100,10201
2016,FEMALE,TEST,Name10202,100,10202
2016,FEMALE,TEST,Name10203,100,10203
2016,FEMALE,TEST,Name10204,100,10204
2016,FEMALE,TEST,Name10205,100,10205
2016,FEMALE,TEST,Name10206,100,10206
2016,FEMALE,TEST,Name10207,100,10207
2016,FEMALE,TEST,Name10208,100,10208
2016,FEMALE,TEST,Name10209,100,10209
2016,FEMALE,TEST,Name10210,100,10210
2016,FEMALE,TEST,Name10211,100,10211
2016,FEMALE,TEST,Name10212,100,10212
2016,FEMALE,TEST,Name10213,100,10213
2016,FEMALE,TEST,Name10214,100,10214
2016,FEMALE,TEST,Name10215,100,10215
2016,FEMALE,TEST,Name10216,100,10216
2016,FEMALE,TEST,Name10217,100,10217
2016,FEMALE,TEST,Name10218,100,10218
2016,FEMALE,TEST,Name10219,100,10219
2016,FEMALE,TEST,Name10220,100,10220
2016,FEMALE,TEST,Name10221,100,10221
2016,FEMALE,TEST,Name10222,100,10222
2016,FEMALE,TEST,Name10223,100,10223
2016,FEMALE,TEST,Name10224,100,10224
2016,FEMALE,TEST,Name10225,100,10225
2016,FEMALE,TEST,Name10226,100,10226
2016,FEMALE,TEST,Name10227,100,10227
2016,FEMALE,TEST,Name10228,100,10228
2016,FEMALE,TEST,Name10229,100,10229
2016,FEMALE,TEST,Name10230,100,10230
2016,FEMALE,TEST,Name10231,100,10231
2016,FEMALE,TEST,Name10232,100,10232
2016,FEMALE,TEST,Name10233,100,10233
2016,FEMALE,TEST,Name10234,100,10234
2016,FEMALE,TEST,Name10235,100,10235
2016,FEMALE,TEST,Name10236,100,10236
2016,FEMALE,TEST,Name10237,100,10237
2016,FEMALE,TEST,Name10238,100,10238
2016,FEMALE,TEST,Name10239,100,10239
2016,FEMALE,TEST,Name10240,100,10240
2016,FEMALE,TEST,Name10241,100,10241
2016,FEMALE,TEST,Name10242,100,10242
2016,FEMALE,TEST,Name10243,100,10243
2016,FEMALE,TEST,Name10244,100,10244
2016,FEMALE,TEST,Name10245,100,10245
2016,FEMALE,TEST,Name10246,100,10246
2016,FEMALE,TEST,Name10247,100,10247
2016,FEMALE,TEST,Name10248,100,10248
2016,FEMALE,TEST,Name10249,100,10249
2016,FEMALE,TEST,Name10250,100,10250
2016,FEMALE,TEST,Name10251,100,10251
2016,FEMALE,TEST,Name10252,100,10252
2016,FEMALE,TEST,Name10253,100,10253
2016,FEMALE,TEST,Name10254,100,10254
2016,FEMALE,TEST,Name10255,100,10255
2016,FEMALE,TEST,Name10256,100,10256
2016,FEMALE,TEST,Name10257,100,10257
2016,FEMALE,TEST,Name10258,100,10258
2016,FEMALE,TEST,Name10259,100,10259
2016,FEMALE,TEST,Name10260,100,10260
2016,FEMALE,TEST,Name10261,100,10261
2016,FEMALE,TEST,Name10262,100,10262
2016,FEMALE,TEST,Name10263,100,10263
2016,FEMALE,TEST,Name10264,100,10264
2016,FEMALE,TEST,Name10265,100,10265
2016,FEMALE,TEST,Name10266,100,10266
2016,FEMALE,TEST,Name10267,100,10267
2016,FEMALE,TEST,Name10268,100,10268
2016,FEMALE,TEST,Name10269,100,10269
2016,FEMALE,TEST,Name10270,100,10270
2016,FEMALE,TEST,Name10271,100,10271
2016,FEMALE,TEST,Name10272,100,10272
2016,FEMALE,TEST,Name10273,100,10273
2016,FEMALE,TEST,Name10274,100,10274
2016,FEMALE,TEST,Name10275,100,10275
2016,FEMALE,TEST,Name10276,100,10276
2016,FEMALE,TEST,Name10277,100,10277
2016,FEMALE,TEST,Name10278,100,10278
2016,FEMALE,TEST,Name10279,100,10279
2016,FEMALE,TEST,Name10280,100,10280
2016,FEMALE,TEST,Name10281,100,10281
2016,FEMALE,TEST,Name10282,100,10282
2016,FEMALE,TEST,Name10283,100,10283
2016,FEMALE,TEST,Name10284,100,10284
2016,FEMALE,TEST,Name10285,100,10285
2016,FEMALE,TEST,Name10286,100,10286
2016,FEMALE,TEST,Name10287,100,10287
2016,FEMALE,TEST,Name10288,100,10288
2016,FEMALE,TEST,Name10289,100,10289
2016,FEMALE,TEST,Name10290,100,10290
2016,FEMALE,TEST,Name10291,100,10291
2016,FEMALE,TEST,Name10292,100,10292
2016,FEMALE,TEST,Name10293,100,10293
2016,FEMALE,TEST,Name10294,100,10294
2016,FEMALE,TEST,Name10295,100,10295
2016,FEMALE,TEST,Name10296,100,10296
2016,FEMALE,TEST,Name10297,100,10297
2016,FEMALE,TEST,Name10298,100,10298
2016,FEMALE,TEST,Name10299,100,10299
2016,FEMALE,TEST,Name10300,100,10300
2016,FEMALE,TEST,Name10301,100,10301
2016,FEMALE,TEST,Name10302,100,10302
2016,FEMALE,TEST,Name10303,100,10303
2016,FEMALE,TEST,Name10304,100,10304
2016,FEMALE,TEST,Name10305,100,10305
2016,FEMALE,TEST,Name10306,100,10306
2016,FEMALE,TEST,Name10307,100,10307
2016,FEMALE,TEST,Name10308,100,10308
2016,FEMALE,TEST,Name10309,100,10309
2016,FEMALE,TEST,Name10310,100,10310
2016,FEMALE,TEST,Name10311,100,10311
2016,FEMALE,TEST,Name10312,100,10312
2016,FEMALE,TEST,Name10313,100,10313
2016,FEMALE,TEST,Name10314,100,10314
2016,FEMALE,TEST,Name10315,100,10315
2016,FEMALE,TEST,Name10316,100,10316
2016,FEMALE,TEST,Name10317,100,10317
2016,FEMALE,TEST,Name10318,100,10318
2016,FEMALE,TEST,Name10319,100,10319
2016,FEMALE,TEST,Name10320,100,10320
2016,FEMALE,TEST,Name10321,100,10321
2016,FEMALE,TEST,Name10322,100,10322
2016,FEMALE,TEST,Name10323,100,10323
2016,FEMALE,TEST,Name10324,100,10324
2016,FEMALE,TEST,Name10325,100,10325
2016,FEMALE,TEST,Name10326,100,10326
2016,FEMALE,TEST,Name10327,100,10327
2016,FEMALE,TEST,Name10328,100,10328
2016,FEMALE,TEST,Name10329,100,10329
2016,FEMALE,TEST,Name10330,100,10330
2016,FEMALE,TEST,Name10331,100,10331
2016,FEMALE,TEST,Name10332,100,10332
2016,FEMALE,TEST,Name10333,100,10333
2016,FEMALE,TEST,Name10334,100,10334
2016,FEMALE,TEST,Name10335,100,10335
2016,FEMALE,TEST,Name10336,100,10336
2016,FEMALE,TEST,Name10337,100,10337
2016,FEMALE,TEST,Name10338,100,10338
2016,FEMALE,TEST,Name10339,100,10339
2016,FEMALE,TEST,Name10340,100,10340
2016,FEMALE,TEST,Name10341,100,10341
2016,FEMALE,TEST,Name10342,100,10342
2016,FEMALE,TEST,Name10343,100,10343
2016,FEMALE,TEST,Name10344,100,10344
2016,FEMALE,TEST,Name10345,100,10345
2016,FEMALE,TEST,Name10346,100,10346
2016,FEMALE,TEST,Name10347,100,10347
2016,FEMALE,TEST,Name10348,100,10348
2016,FEMALE,TEST,Name10349,100,10349
2016,FEMALE,TEST,Name10350,100,10350
2016,FEMALE,TEST,Name10351,100,10351
2016,FEMALE,TEST,Name10352,100,10352
2016,FEMALE,TEST,Name10353,100,10353
2016,FEMALE,TEST,Name10354,100,10354
2016,FEMALE,TEST,Name10355,100,10355
2016,FEMALE,TEST,Name10356,100,10356
2016,FEMALE,TEST,Name10357,100,10357
2016,FEMALE,TEST,Name10358,100,10358
2016,FEMALE,TEST,Name10359,100,10359
2016,FEMALE,TEST,Name10360,100,10360
2016,FEMALE,TEST,Name10361,100,10361
2016,FEMALE,TEST,Name10362,100,10362
2016,FEMALE,TEST,Name10363,100,10363
2016,FEMALE,TEST,Name10364,100,10364
2016,FEMALE,TEST,Name10365,100,10365
2016,FEMALE,TEST,Name10366,100,10366
2016,FEMALE,TEST,Name10367,100,10367
2016,FEMALE,TEST,Name10368,100,10368
2016,FEMALE,TEST,Name10369,100,10369
2016,FEMALE,TEST,Name10370,100,10370
2016,FEMALE,TEST,Name10371,100,10371
2016,FEMALE,TEST,Name10372,100,10372
2016,FEMALE,TEST,Name10373,100,10373
2016,FEMALE,TEST,Name10374,100,10374
2016,FEMALE,TEST,Name10375,100,10375
2016,FEMALE,TEST,Name10376,100,10376
2016,FEMALE,TEST,Name10377,100,10377
2016,FEMALE,TEST,Name10378,100,10378
2016,FEMALE,TEST,Name10379,100,10379
2016,FEMALE,TEST,Name10380,100,10380
2016,FEMALE,TEST,Name10381,100,10381
2016,FEMALE,TEST,Name10382,100,10382
2016,FEMALE,TEST,Name10383,100,10383
2016,FEMALE,TEST,Name10384,100,10384
2016,FEMALE,TEST,Name10385,100,10385
2016,FEMALE,TEST,Name10386,100,10386
2016,FEMALE,TEST,Name10387,100,10387
2016,FEMALE,TEST,Name10388,100,10388
2016,FEMALE,TEST,Name10389,100,10389
2016,FEMALE,TEST,Name10390,100,10390
2016,FEMALE,TEST,Name10391,100,10391
2016,FEMALE,TEST,Name10392,100,10392
2016,FEMALE,TEST,Name10393,100,10393
2016,FEMALE,TEST,Name10394,100,10394
2016,FEMALE,TEST,Name10395,100,10395
2016,FEMALE,TEST,Name10396,100,10396
2016,FEMALE,TEST,Name10397,100,10397
2016,FEMALE,TEST,Name10398,100,10398
2016,FEMALE,TEST,Name10399,100,10399
2016,FEMALE,TEST,Name10400,100,10400
2016,FEMALE,TEST,Name10401,100,10401
2016,FEMALE,TEST,Name10402,100,10402
2016,FEMALE,TEST,Name10403,100,10403
2016,FEMALE,TEST,Name10404,100,10404
2016,FEMALE,TEST,Name10405,100,10405
2016,FEMALE,TEST,Name10406,100,10406
2016,FEMALE,TEST,Name10407,100,10407
2016,FEMALE,TEST,Name10408,100,10408
2016,FEMALE,TEST,Name10409,100,10409
2016,FEMALE,TEST,Name10410,100,10410
2016,FEMALE,TEST,Name10411,100,10411
2016,FEMALE,TEST,Name10412,100,10412
2016,FEMALE,TEST,Name10413,100,10413
2016,FEMALE,TEST,Name10414,100,10414
2016,FEMALE,TEST,Name10415,100,10415
2016,FEMALE,TEST,Name10416,100,10416
2016,FEMALE,TEST,Name10417,100,10417
2016,FEMALE,TEST,Name10418,100,10418
2016,FEMALE,TEST,Name10419,100,10419
2016,FEMALE,TEST,Name10420,100,10420
2016,FEMALE,TEST,Name10421,100,10421
2016,FEMALE,TEST,Name10422,100,10422
2016,FEMALE,TEST,Name10423,100,10423
2016,FEMALE,TEST,Name10424,100,10424
2016,FEMALE,TEST,Name10425,100,10425
2016,FEMALE,TEST,Name10426,100,10426
2016,FEMALE,TEST,Name10427,100,10427
2016,FEMALE,TEST,Name10428,100,10428
2016,FEMALE,TEST,Name10429,100,10429
2016,FEMALE,TEST,Name10430,100,10430
2016,FEMALE,TEST,Name10431,100,10431
2016,FEMALE,TEST,Name10432,100,10432
2016,FEMALE,TEST,Name10433,100,10433
2016,FEMALE,TEST,Name10434,100,10434
2016,FEMALE,TEST,Name10435,100,10435
2016,FEMALE,TEST,Name10436,100,10436
2016,FEMALE,TEST,Name10437,100,10437
2016,FEMALE,TEST,Name10438,100,10438
2016,FEMALE,TEST,Name10439,100,10439
2016,FEMALE,TEST,Name10440,100,10440
2016,FEMALE,TEST,Name10441,100,10441
2016,FEMALE,TEST,Name10442,100,10442
2016,FEMALE,TEST,Name10443,100,10443
2016,FEMALE,TEST,Name10444,100,10444
2016,FEMALE,TEST,Name10445,100,10445
2016,FEMALE,TEST,Name10446,100,10446
2016,FEMALE,TEST,Name10447,100,10447
2016,FEMALE,TEST,Name10448,100,10448
2016,FEMALE,TEST,Name10449,100,10449
2016,FEMALE,TEST,Name10450,100,10450
2016,FEMALE,TEST,Name10451,100,10451
2016,FEMALE,TEST,Name10452,100,10452
2016,FEMALE,TEST,Name10453,100,10453
2016,FEMALE,TEST,Name10454,100,10454
2016,FEMALE,TEST,Name10455,100,10455
2016,FEMALE,TEST,Name10456,100,10456
2016,FEMALE,TEST,Name10457,100,10457
2016,FEMALE,TEST,Name10458,100,10458
2016,FEMALE,TEST,Name10459,100,10459
2016,FEMALE,TEST,Name10460,100,10460
2016,FEMALE,TEST,Name10461,100,10461
2016,FEMALE,TEST,Name10462,100,10462
2016,FEMALE,TEST,Name10463,100,10463
2016,FEMALE,TEST,Name10464,100,10464
2016,FEMALE,TEST,Name10465,100,10465
2016,FEMALE,TEST,Name10466,100,10466
2016,FEMALE,TEST,Name10467,100,10467
2016,FEMALE,TEST,Name10468,100,10468
2016,FEMALE,TEST,Name10469,100,10469
2016,FEMALE,TEST,Name10470,100,10470
2016,FEMALE,TEST,Name10471,100,10471
2016,FEMALE,TEST,Name10472,100,10472
2016,FEMALE,TEST,Name10473,100,10473
2016,FEMALE,TEST,Name10474,100,10474
2016,FEMALE,TEST,Name10475,100,10475
2016,FEMALE,TEST,Name10476,100,10476
2016,FEMALE,TEST,Name10477,100,10477
2016,FEMALE,TEST,Name10478,100,10478
2016,FEMALE,TEST,Name10479,100,10479
2016,FEMALE,TEST,Name10480,100,10480
2016,FEMALE,TEST,Name10481,100,10481
2016,FEMALE,TEST,Name10482,100,10482
2016,FEMALE,TEST,Name10483,100,10483
2016,FEMALE,TEST,Name10484,100,10484
2016,FEMALE,TEST,Name10485,100,10485
2016,FEMALE,TEST,Name10486,100,10486
2016,FEMALE,TEST,Name10487,100,10487
2016,FEMALE,TEST,Name10488,100,10488
2016,FEMALE,TEST,Name10489,100,10489
2016,FEMALE,TEST,Name10490,100,10490
2016,FEMALE,TEST,Name10491,100,10491
2016,FEMALE,TEST,Name10492,100,10492
2016,FEMALE,TEST,Name10493,100,10493
2016,FEMALE,TEST,Name10494,100,10494
2016,FEMALE,TEST,Name10495,100,10495
2016,FEMALE,TEST,Name10496,100,10496
2016,FEMALE,TEST,Name10497,100,10497
2016,FEMALE,TEST,Name10498,100,10498
2016,FEMALE,TEST,Name10499,100,10499
2016,FEMALE,TEST,Name10500,100,10500
2016,FEMALE,TEST,Name10501,100,10501
2016,FEMALE,TEST,Name10502,100,10502
2016,FEMALE,TEST,Name10503,100,10503
2016,FEMALE,TEST,Name10504,100,10504
2016,FEMALE,TEST,Name10505,100,10505
2016,FEMALE,TEST,Name10506,100,10506
2016,FEMALE,TEST,Name10507,100,10507
2016,FEMALE,TEST,Name10508,100,10508
2016,FEMALE,TEST,Name10509,100,10509
2016,FEMALE,TEST,Name10510,100,10510
2016,FEMALE,TEST,Name10511,100,10511
2016,FEMALE,TEST,Name10512,100,10512
2016,FEMALE,TEST,Name10513,100,10513
2016,FEMALE,TEST,Name10514,100,10514
2016,FEMALE,TEST,Name10515,100,10515
2016,FEMALE,TEST,Name10516,100,10516
2016,FEMALE,TEST,Name10517,100,10517
2016,FEMALE,TEST,Name10518,100,10518
2016,FEMALE,TEST,Name10519,100,10519
2016,FEMALE,TEST,Name10520,100,10520
2016,FEMALE,TEST,Name10521,100,10521
2016,FEMALE,TEST,Name10522,100,10522
2016,FEMALE,TEST,Name10523,100,10523
2016,FEMALE,TEST,Name10524,100,10524
2016,FEMALE,TEST,Name10525,100,10525
2016,FEMALE,TEST,Name10526,100,10526
2016,FEMALE,TEST,Name10527,100,10527
2016,FEMALE,TEST,Name10528,100,10528
2016,FEMALE,TEST,Name10529,100,10529
2016,FEMALE,TEST,Name10530,100,10530
2016,FEMALE,TEST,Name10531,100,10531
2016,FEMALE,TEST,Name10532,100,10532
2016,FEMALE,TEST,Name10533,100,10533
2016,FEMALE,TEST,Name10534,100,10534
2016,FEMALE,TEST,Name10535,100,10535
2016,FEMALE,TEST,Name10536,100,10536
2016,FEMALE,TEST,Name10537,100,10537
2016,FEMALE,TEST,Name10538,100,10538
2016,FEMALE,TEST,Name10539,100,10539
2016,FEMALE,TEST,Name10540,100,10540
2016,FEMALE,TEST,Name10541,100,10541
2016,FEMALE,TEST,Name10542,100,10542
2016,FEMALE,TEST,Name10543,100,10543
2016,FEMALE,TEST,Name10544,100,10544
2016,FEMALE,TEST,Name10545,100,10545
2016,FEMALE,TEST,Name10546,100,10546
2016,FEMALE,TEST,Name10547,100,10547
2016,FEMALE,TEST,Name10548,100,10548
2016,FEMALE,TEST,Name10549,100,10549
2016,FEMALE,TEST,Name10550,100,10550
2016,FEMALE,TEST,Name10551,100,10551
2016,FEMALE,TEST,Name10552,100,10552
2016,FEMALE,TEST,Name10553,100,10553
2016,FEMALE,TEST,Name10554,100,10554
2016,FEMALE,TEST,Name10555,100,10555
2016,FEMALE,TEST,Name10556,100,10556
2016,FEMALE,TEST,Name10557,100,10557
2016,FEMALE,TEST,Name10558,100,10558
2016,FEMALE,TEST,Name10559,100,10559
2016,FEMALE,TEST,Name10560,100,10560
2016,FEMALE,TEST,Name10561,100,10561
2016,FEMALE,TEST,Name10562,100,10562
2016,FEMALE,TEST,Name10563,100,10563
2016,FEMALE,TEST,Name10564,100,10564
2016,FEMALE,TEST,Name10565,100,10565
2016,FEMALE,TEST,Name10566,100,10566
2016,FEMALE,TEST,Name10567,100,10567
2016,FEMALE,TEST,Name10568,100,10568
2016,FEMALE,TEST,Name10569,100,10569
2016,FEMALE,TEST,Name10570,100,10570
2016,FEMALE,TEST,Name10571,100,10571
2016,FEMALE,TEST,Name10572,100,10572
2016,FEMALE,TEST,Name10573,100,10573
2016,FEMALE,TEST,Name10574,100,10574
2016,FEMALE,TEST,Name10575,100,10575
2016,FEMALE,TEST,Name10576,100,10576
2016,FEMALE,TEST,Name10577,100,10577
2016,FEMALE,TEST,Name10578,100,10578
2016,FEMALE,TEST,Name10579,100,10579
2016,FEMALE,TEST,Name10580,100,10580
2016,FEMALE,TEST,Name10581,100,10581
2016,FEMALE,TEST,Name10582,100,10582
2016,FEMALE,TEST,Name10583,100,10583
2016,FEMALE,TEST,Name10584,100,10584
2016,FEMALE,TEST,Name10585,100,10585
2016,FEMALE,TEST,Name10586,100,10586
2016,FEMALE,TEST,Name10587,100,10587
2016,FEMALE,TEST,Name10588,100,10588
2016,FEMALE,TEST,Name10589,100,10589
2016,FEMALE,TEST,Name10590,100,10590
2016,FEMALE,TEST,Name10591,100,10591
2016,FEMALE,TEST,Name10592,100,10592
2016,FEMALE,TEST,Name10593,100,10593
2016,FEMALE,TEST,Name10594,100,10594
2016,FEMALE,TEST,Name10595,100,10595
2016,FEMALE,TEST,Name10596,100,10596
2016,FEMALE,TEST,Name10597,100,10597
2016,FEMALE,TEST,Name10598,100,10598
2016,FEMALE,TEST,Name10599,100,10599
2016,FEMALE,TEST,Name10600,100,10600
2016,FEMALE,TEST,Name10601,100,10601
2016,FEMALE,TEST,Name10602,100,10602
2016,FEMALE,TEST,Name10603,100,10603
2016,FEMALE,TEST,Name10604,100,10604
2016,FEMALE,TEST,Name10605,100,10605
2016,FEMALE,TEST,Name10606,100,10606
2016,FEMALE,TEST,Name10607,100,10607
2016,FEMALE,TEST,Name10608,100,10608
2016,FEMALE,TEST,Name10609,100,10609
2016,FEMALE,TEST,Name10610,100,10610
2016,FEMALE,TEST,Name10611,100,10611
2016,FEMALE,TEST,Name10612,100,10612
2016,FEMALE,TEST,Name10613,100,10613
2016,FEMALE,TEST,Name10614,100,10614
2016,FEMALE,TEST,Name10615,100,10615
2016,FEMALE,TEST,Name10616,100,10616
2016,FEMALE,TEST,Name10617,100,10617
2016,FEMALE,TEST,Name10618,100,10618
2016,FEMALE,TEST,Name10619,100,10619
2016,FEMALE,TEST,Name10620,100,10620
2016,FEMALE,TEST,Name10621,100,10621
2016,FEMALE,TEST,Name10622,100,10622
2016,FEMALE,TEST,Name10623,100,10623
2016,FEMALE,TEST,Name10624,100,10624
2016,FEMALE,TEST,Name10625,100,10625
2016,FEMALE,TEST,Name10626,100,10626
2016,FEMALE,TEST,Name10627,100,10627
2016,FEMALE,TEST,Name10628,100,10628
2016,FEMALE,TEST,Name10629,100,10629
2016,FEMALE,TEST,Name10630,100,10630
2016,FEMALE,TEST,Name10631,100,10631
2016,FEMALE,TEST,Name10632,100,10632
2016,FEMALE,TEST,Name10633,100,10633
2016,FEMALE,TEST,Name10634,100,10634
2016,FEMALE,TEST,Name10635,100,10635
2016,FEMALE,TEST,Name10636,100,10636
2016,FEMALE,TEST,Name10637,100,10637
2016,FEMALE,TEST,Name10638,100,10638
2016,FEMALE,TEST,Name10639,100,10639
2016,FEMALE,TEST,Name10640,100,10640
2016,FEMALE,TEST,Name10641,100,10641
2016,FEMALE,TEST,Name10642,100,10642
2016,FEMALE,TEST,Name10643,100,10643
2016,FEMALE,TEST,Name10644,100,10644
2016,FEMALE,TEST,Name10645,100,10645
2016,FEMALE,TEST,Name10646,100,10646
2016,FEMALE,TEST,Name10647,100,10647
2016,FEMALE,TEST,Name10648,100,10648
2016,FEMALE,TEST,Name10649,100,10649
2016,FEMALE,TEST,Name10650,100,10650
2016,FEMALE,TEST,Name10651,100,10651
2016,FEMALE,TEST,Name10652,100,10652
2016,FEMALE,TEST,Name10653,100,10653
2016,FEMALE,TEST,Name10654,100,10654
2016,FEMALE,TEST,Name10655,100,10655
2016,FEMALE,TEST,Name10656,100,10656
2016,FEMALE,TEST,Name10657,100,10657
2016,FEMALE,TEST,Name10658,100,10658
2016,FEMALE,TEST,Name10659,100,10659
2016,FEMALE,TEST,Name10660,100,10660
2016,FEMALE,TEST,Name10661,100,10661
2016,FEMALE,TEST,Name10662,100,10662
2016,FEMALE,TEST,Name10663,100,10663
2016,FEMALE,TEST,Name10664,100,10664
2016,FEMALE,TEST,Name10665,100,10665
2016,FEMALE,TEST,Name10666,100,10666
2016,FEMALE,TEST,Name10667,100,10667
2016,FEMALE,TEST,Name10668,100,10668
2016,FEMALE,TEST,Name10669,100,10669
2016,FEMALE,TEST,Name10670,100,10670
2016,FEMALE,TEST,Name10671,100,10671
2016,FEMALE,TEST,Name10672,100,10672
2016,FEMALE,TEST,Name10673,100,10673
2016,FEMALE,TEST,Name10674,100,10674
2016,FEMALE,TEST,Name10675,100,10675
2016,FEMALE,TEST,Name10676,100,10676
2016,FEMALE,TEST,Name10677,100,10677
2016,FEMALE,TEST,Name10678,100,10678
2016,FEMALE,TEST,Name10679,100,10679
2016,FEMALE,TEST,Name10680,100,10680
2016,FEMALE,TEST,Name10681,100,10681
2016,FEMALE,TEST,Name10682,100,10682
2016,FEMALE,TEST,Name10683,100,10683
2016,FEMALE,TEST,Name10684,100,10684
2016,FEMALE,TEST,Name10685,100,10685
2016,FEMALE,TEST,Name10686,100,10686
2016,FEMALE,TEST,Name10687,100,10687
2016,FEMALE,TEST,Name10688,100,10688
2016,FEMALE,TEST,Name10689,100,10689
2016,FEMALE,TEST,Name10690,100,10690
2016,FEMALE,TEST,Name10691,100,10691
2016,FEMALE,TEST,Name10692,100,10692
2016,FEMALE,TEST,Name10693,100,10693
2016,FEMALE,TEST,Name10694,100,10694
2016,FEMALE,TEST,Name10695,100,10695
2016,FEMALE,TEST,Name10696,100,10696
2016,FEMALE,TEST,Name10697,100,10697
2016,FEMALE,TEST,Name10698,100,10698
2016,FEMALE,TEST,Name10699,100,10699
2016,FEMALE,TEST,Name10700,100,10700
2016,FEMALE,TEST,Name10701,100,10701
2016,FEMALE,TEST,Name10702,100,10702
2016,FEMALE,TEST,Name10703,100,10703
2016,FEMALE,TEST,Name10704,100,10704
2016,FEMALE,TEST,Name10705,100,10705
2016,FEMALE,TEST,Name10706,100,10706
2016,FEMALE,TEST,Name10707,100,10707
2016,FEMALE,TEST,Name10708,100,10708
2016,FEMALE,TEST,Name10709,100,10709
2016,FEMALE,TEST,Name10710,100,10710
2016,FEMALE,TEST,Name10711,100,10711
2016,FEMALE,TEST,Name10712,100,10712
2016,FEMALE,TEST,Name10713,100,10713
2016,FEMALE,TEST,Name10714,100,10714
2016,FEMALE,TEST,Name10715,100,10715
2016,FEMALE,TEST,Name10716,100,10716
2016,FEMALE,TEST,Name10717,100,10717
2016,FEMALE,TEST,Name10718,100,10718
2016,FEMALE,TEST,Name10719,100,10719
2016,FEMALE,TEST,Name10720,100,10720
2016,FEMALE,TEST,Name10721,100,10721
2016,FEMALE,TEST,Name10722,100,10722
2016,FEMALE,TEST,Name10723,100,10723
2016,FEMALE,TEST,Name10724,100,10724
2016,FEMALE,TEST,Name10725,100,10725
2016,FEMALE,TEST,Name10726,100,10726
2016,FEMALE,TEST,Name10727,100,10727
2016,FEMALE,TEST,Name10728,100,10728
2016,FEMALE,TEST,Name10729,100,10729
2016,FEMALE,TEST,Name10730,100,10730
2016,FEMALE,TEST,Name10731,100,10731
2016,FEMALE,TEST,Name10732,100,10732
2016,FEMALE,TEST,Name10733,100,10733
2016,FEMALE,TEST,Name10734,100,10734
2016,FEMALE,TEST,Name10735,100,10735
2016,FEMALE,TEST,Name10736,100,10736
2016,FEMALE,TEST,Name10737,100,10737
2016,FEMALE,TEST,Name10738,100,10738
2016,FEMALE,TEST,Name10739,100,10739
2016,FEMALE,TEST,Name10740,100,10740
2016,FEMALE,TEST,Name10741,100,10741
2016,FEMALE,TEST,Name10742,100,10742
2016,FEMALE,TEST,Name10743,100,10743
2016,FEMALE,TEST,Name10744,100,10744
2016,FEMALE,TEST,Name10745,100,10745
2016,FEMALE,TEST,Name10746,100,10746
2016,FEMALE,TEST,Name10747,100,10747
2016,FEMALE,TEST,Name10748,100,10748
2016,FEMALE,TEST,Name10749,100,10749
2016,FEMALE,TEST,Name10750,100,10750
2016,FEMALE,TEST,Name10751,100,10751
2016,FEMALE,TEST,Name10752,100,10752
2016,FEMALE,TEST,Name10753,100,10753
2016,FEMALE,TEST,Name10754,100,10754
2016,FEMALE,TEST,Name10755,100,10755
2016,FEMALE,TEST,Name10756,100,10756
2016,FEMALE,TEST,Name10757,100,10757
2016,FEMALE,TEST,Name10758,100,10758
2016,FEMALE,TEST,Name10759,100,10759
2016,FEMALE,TEST,Name10760,100,10760
2016,FEMALE,TEST,Name10761,100,10761
2016,FEMALE,TEST,Name10762,100,10762
2016,FEMALE,TEST,Name10763,100,10763
2016,FEMALE,TEST,Name10764,100,10764
2016,FEMALE,TEST,Name10765,100,10765
2016,FEMALE,TEST,Name10766,100,10766
2016,FEMALE,TEST,Name10767,100,10767
2016,FEMALE,TEST,Name10768,100,10768
2016,FEMALE,TEST,Name10769,100,10769
2016,FEMALE,TEST,Name10770,100,10770
2016,FEMALE,TEST,Name10771,100,10771
2016,FEMALE,TEST,Name10772,100,10772
2016,FEMALE,TEST,Name10773,100,10773
2016,FEMALE,TEST,Name10774,100,10774
2016,FEMALE,TEST,Name10775,100,10775
2016,FEMALE,TEST,Name10776,100,10776
2016,FEMALE,TEST,Name10777,100,10777
2016,FEMALE,TEST,Name10778,100,10778
2016,FEMALE,TEST,Name10779,100,10779
2016,FEMALE,TEST,Name10780,100,10780
2016,FEMALE,TEST,Name10781,100,10781
2016,FEMALE,TEST,Name10782,100,10782
2016,FEMALE,TEST,Name10783,100,10783
2016,FEMALE,TEST,Name10784,100,10784
2016,FEMALE,TEST,Name10785,100,10785
2016,FEMALE,TEST,Name10786,100,10786
2016,FEMALE,TEST,Name10787,100,10787
2016,FEMALE,TEST,Name10788,100,10788
2016,FEMALE,TEST,Name10789,100,10789
2016,FEMALE,TEST,Name10790,100,10790
2016,FEMALE,TEST,Name10791,100,10791
2016,FEMALE,TEST,Name10792,100,10792
2016,FEMALE,TEST,Name10793,100,10793
2016,FEMALE,TEST,Name10794,100,10794
2016,FEMALE,TEST,Name10795,100,10795
2016,FEMALE,TEST,Name10796,100,10796
2016,FEMALE,TEST,Name10797,100,10797
2016,FEMALE,TEST,Name10798,100,10798
2016,FEMALE,TEST,Name10799,100,10799
2016,FEMALE,TEST,Name10800,100,10800
2016,FEMALE,TEST,Name10801,100,10801
2016,FEMALE,TEST,Name10802,100,10802
2016,FEMALE,TEST,Name10803,100,10803
2016,FEMALE,TEST,Name10804,100,10804
2016,FEMALE,TEST,Name10805,100,10805
2016,FEMALE,TEST,Name10806,100,10806
2016,FEMALE,TEST,Name10807,100,10807
2016,FEMALE,TEST,Name10808,100,10808
2016,FEMALE,TEST,Name10809,100,10809
2016,FEMALE,TEST,Name10810,100,10810
2016,FEMALE,TEST,Name10811,100,10811
2016,FEMALE,TEST,Name10812,100,10812
2016,FEMALE,TEST,Name10813,100,10813
2016,FEMALE,TEST,Name10814,100,10814
2016,FEMALE,TEST,Name10815,100,10815
2016,FEMALE,TEST,Name10816,100,10816
2016,FEMALE,TEST,Name10817,100,10817
2016,FEMALE,TEST,Name10818,100,10818
2016,FEMALE,TEST,Name10819,100,10819
2016,FEMALE,TEST,Name10820,100,10820
2016,FEMALE,TEST,Name10821,100,10821
2016,FEMALE,TEST,Name10822,100,10822
2016,FEMALE,TEST,Name10823,100,10823
2016,FEMALE,TEST,Name10824,100,10824
2016,FEMALE,TEST,Name10825,100,10825
2016,FEMALE,TEST,Name10826,100,10826
2016,FEMALE,TEST,Name10827,100,10827
2016,FEMALE,TEST,Name10828,100,10828
2016,FEMALE,TEST,Name10829,100,10829
2016,FEMALE,TEST,Name10830,100,10830
2016,FEMALE,TEST,Name10831,100,10831
2016,FEMALE,TEST,Name10832,100,10832
2016,FEMALE,TEST,Name10833,100,10833
2016,FEMALE,TEST,Name10834,100,10834
2016,FEMALE,TEST,Name10835,100,10835
2016,FEMALE,TEST,Name10836,100,10836
2016,FEMALE,TEST,Name10837,100,10837
2016,FEMALE,TEST,Name10838,100,10838
2016,FEMALE,TEST,Name10839,100,10839
2016,FEMALE,TEST,Name10840,100,10840
2016,FEMALE,TEST,Name10841,100,10841
2016,FEMALE,TEST,Name10842,100,10842
2016,FEMALE,TEST,Name10843,100,10843
2016,FEMALE,TEST,Name10844,100,10844
2016,FEMALE,TEST,Name10845,100,10845
2016,FEMALE,TEST,Name10846,100,10846
2016,FEMALE,TEST,Name10847,100,10847
2016,FEMALE,TEST,Name10848,100,10848
2016,FEMALE,TEST,Name10849,100,10849
2016,FEMALE,TEST,Name10850,100,10850
2016,FEMALE,TEST,Name10851,100,10851
2016,FEMALE,TEST,Name10852,100,10852
2016,FEMALE,TEST,Name10853,100,10853
2016,FEMALE,TEST,Name10854,100,10854
2016,FEMALE,TEST,Name10855,100,10855
2016,FEMALE,TEST,Name10856,100,10856
2016,FEMALE,TEST,Name10857,100,10857
2016,FEMALE,TEST,Name10858,100,10858
2016,FEMALE,TEST,Name10859,100,10859
2016,FEMALE,TEST,Name10860,100,10860
2016,FEMALE,TEST,Name10861,100,10861
2016,FEMALE,TEST,Name10862,100,10862
2016,FEMALE,TEST,Name10863,100,10863
2016,FEMALE,TEST,Name10864,100,10864
2016,FEMALE,TEST,Name10865,100,10865
2016,FEMALE,TEST,Name10866,100,10866
2016,FEMALE,TEST,Name10867,100,10867
2016,FEMALE,TEST,Name10868,100,10868
2016,FEMALE,TEST,Name10869,100,10869
2016,FEMALE,TEST,Name10870,100,10870
2016,FEMALE,TEST,Name10871,100,10871
2016,FEMALE,TEST,Name10872,100,10872
2016,FEMALE,TEST,Name10873,100,10873
2016,FEMALE,TEST,Name10874,100,10874
2016,FEMALE,TEST,Name10875,100,10875
2016,FEMALE,TEST,Name10876,100,10876
2016,FEMALE,TEST,Name10877,100,10877
2016,FEMALE,TEST,Name10878,100,10878
2016,FEMALE,TEST,Name10879,100,10879
2016,FEMALE,TEST,Name10880,100,10880
2016,FEMALE,TEST,Name10881,100,10881
2016,FEMALE,TEST,Name10882,100,10882
2016,FEMALE,TEST,Name10883,100,10883
2016,FEMALE,TEST,Name10884,100,10884
2016,FEMALE,TEST,Name10885,100,10885
2016,FEMALE,TEST,Name10886,100,10886
2016,FEMALE,TEST,Name10887,100,10887
2016,FEMALE,TEST,Name10888,100,10888
2016,FEMALE,TEST,Name10889,100,10889
2016,FEMALE,TEST,Name10890,100,10890
2016,FEMALE,TEST,Name10891,100,10891
2016,FEMALE,TEST,Name10892,100,10892
2016,FEMALE,TEST,Name10893,100,10893
2016,FEMALE,TEST,Name10894,100,10894
2016,FEMALE,TEST,Name10895,100,10895
2016,FEMALE,TEST,Name10896,100,10896
2016,FEMALE,TEST,Name10897,100,10897
2016,FEMALE,TEST,Name10898,100,10898
2016,FEMALE,TEST,Name10899,100,10899
2016,FEMALE,TEST,Name10900,100,10900
2016,FEMALE,TEST,Name10901,100,10901
2016,FEMALE,TEST,Name10902,100,10902
2016,FEMALE,TEST,Name10903,100,10903
2016,FEMALE,TEST,Name10904,100,10904
2016,FEMALE,TEST,Name10905,100,10905
2016,FEMALE,TEST,Name10906,100,10906
2016,FEMALE,TEST,Name10907,100,10907
2016,FEMALE,TEST,Name10908,100,10908
2016,FEMALE,TEST,Name10909,100,10909
2016,FEMALE,TEST,Name10910,100,10910
2016,FEMALE,TEST,Name10911,100,10911
2016,FEMALE,TEST,Name10912,100,10912
2016,FEMALE,TEST,Name10913,100,10913
2016,FEMALE,TEST,Name10914,100,10914
2016,FEMALE,TEST,Name10915,100,10915
2016,FEMALE,TEST,Name10916,100,10916
2016,FEMALE,TEST,Name10917,100,10917
2016,FEMALE,TEST,Name10918,100,10918
2016,FEMALE,TEST,Name10919,100,10919
2016,FEMALE,TEST,Name10920,100,10920
2016,FEMALE,TEST,Name10921,100,10921
2016,FEMALE,TEST,Name10922,100,10922
2016,FEMALE,TEST,Name10923,100,10923
2016,FEMALE,TEST,Name10924,100,10924
2016,FEMALE,TEST,Name10925,100,10925
2016,FEMALE,TEST,Name10926,100,10926
2016,FEMALE,TEST,Name10927,100,10927
2016,FEMALE,TEST,Name10928,100,10928
2016,FEMALE,TEST,Name10929,100,10929
2016,FEMALE,TEST,Name10930,100,10930
2016,FEMALE,TEST,Name10931,100,10931
2016,FEMALE,TEST,Name10932,100,10932
2016,FEMALE,TEST,Name10933,100,10933
2016,FEMALE,TEST,Name10934,100,10934
2016,FEMALE,TEST,Name10935,100,10935
2016,FEMALE,TEST,Name10936,100,10936
2016,FEMALE,TEST,Name10937,100,10937
2016,FEMALE,TEST,Name10938,100,10938
2016,FEMALE,TEST,Name10939,100,10939
2016,FEMALE,TEST,Name10940,100,10940
2016,FEMALE,TEST,Name10941,100,10941
2016,FEMALE,TEST,Name10942,100,10942
2016,FEMALE,TEST,Name10943,100,10943
2016,FEMALE,TEST,Name10944,100,10944
2016,FEMALE,TEST,Name10945,100,10945
2016,FEMALE,TEST,Name10946,100,10946
2016,FEMALE,TEST,Name10947,100,10947
2016,FEMALE,TEST,Name10948,100,10948
2016,FEMALE,TEST,Name10949,100,10949
2016,FEMALE,TEST,Name10950,100,10950
2016,FEMALE,TEST,Name10951,100,10951
2016,FEMALE,TEST,Name10952,100,10952
2016,FEMALE,TEST,Name10953,100,10953
2016,FEMALE,TEST,Name10954,100,10954
2016,FEMALE,TEST,Name10955,100,10955
2016,FEMALE,TEST,Name10956,100,10956
2016,FEMALE,TEST,Name10957,100,10957
2016,FEMALE,TEST,Name10958,100,10958
2016,FEMALE,TEST,Name10959,100,10959
2016,FEMALE,TEST,Name10960,100,10960
2016,FEMALE,TEST,Name10961,100,10961
2016,FEMALE,TEST,Name10962,100,10962
2016,FEMALE,TEST,Name10963,100,10963
2016,FEMALE,TEST,Name10964,100,10964
2016,FEMALE,TEST,Name10965,100,10965
2016,FEMALE,TEST,Name10966,100,10966
2016,FEMALE,TEST,Name10967,100,10967
2016,FEMALE,TEST,Name10968,100,10968
2016,FEMALE,TEST,Name10969,100,10969
2016,FEMALE,TEST,Name10970,100,10970
2016,FEMALE,TEST,Name10971,100,10971
2016,FEMALE,TEST,Name10972,100,10972
2016,FEMALE,TEST,Name10973,100,10973
2016,FEMALE,TEST,Name10974,100,10974
2016,FEMALE,TEST,Name10975,100,10975
2016,FEMALE,TEST,Name10976,100,10976
2016,FEMALE,TEST,Name10977,100,10977
2016,FEMALE,TEST,Name10978,100,10978
2016,FEMALE,TEST,Name10979,100,10979
2016,FEMALE,TEST,Name10980,100,10980
2016,FEMALE,TEST,Name10981,100,10981
2016,FEMALE,TEST,Name10982,100,10982
2016,FEMALE,TEST,Name10983,100,10983
2016,FEMALE,TEST,Name10984,100,10984
2016,FEMALE,TEST,Name10985,100,10985
2016,FEMALE,TEST,Name10986,100,10986
2016,FEMALE,TEST,Name10987,100,10987
2016,FEMALE,TEST,Name10988,100,10988
2016,FEMALE,TEST,Name10989,100,10989
2016,FEMALE,TEST,Name10990,100,10990
2016,FEMALE,TEST,Name10991,100,10991
2016,FEMALE,TEST,Name10992,100,10992
2016,FEMALE,TEST,Name10993,100,10993
2016,FEMALE,TEST,Name10994,100,10994
2016,FEMALE,TEST,Name10995,100,10995
2016,FEMALE,TEST,Name10996,100,10996
2016,FEMALE,TEST,Name10997,100,10997
2016,FEMALE,TEST,Name10998,100,10998
2016,FEMALE,TEST,Name10999,100,10999
2016,FEMALE,TEST,Name11000,100,11000
2016,FEMALE,TEST,Name11001,100,11001
2016,FEMALE,TEST,Name11002,100,11002
2016,FEMALE,TEST,Name11003,100,11003
2016,FEMALE,TEST,Name11004,100,11004
2016,FEMALE,TEST,Name11005,100,11005
2016,FEMALE,TEST,Name11006,100,11006
2016,FEMALE,TEST,Name11007,100,11007
2016,FEMALE,TEST,Name11008,100,11008
2016,FEMALE,TEST,Name11009,100,11009
2016,FEMALE,TEST,Name11010,100,11010
2016,FEMALE,TEST,Name11011,100,11011
2016,FEMALE,TEST,Name11012,100,11012
2016,FEMALE,TEST,Name11013,100,11013
2016,FEMALE,TEST,Name11014,100,11014
2016,FEMALE,TEST,Name11015,100,11015
2016,FEMALE,TEST,Name11016,100,11016
2016,FEMALE,TEST,Name11017,100,11017
2016,FEMALE,TEST,Name11018,100,11018
2016,FEMALE,TEST,Name11019,100,11019
2016,FEMALE,TEST,Name11020,100,11020
2016,FEMALE,TEST,Name11021,100,11021
2016,FEMALE,TEST,Name11022,100,11022
2016,FEMALE,TEST,Name11023,100,11023
2016,FEMALE,TEST,Name11024,100,11024
2016,FEMALE,TEST,Name11025,100,11025
2016,FEMALE,TEST,Name11026,100,11026
2016,FEMALE,TEST,Name11027,100,11027
2016,FEMALE,TEST,Name11028,100,11028
2016,FEMALE,TEST,Name11029,100,11029
2016,FEMALE,TEST,Name11030,100,11030
2016,FEMALE,TEST,Name11031,100,11031
2016,FEMALE,TEST,Name11032,100,11032
2016,FEMALE,TEST,Name11033,100,11033
2016,FEMALE,TEST,Name11034,100,11034
2016,FEMALE,TEST,Name11035,100,11035
2016,FEMALE,TEST,Name11036,100,11036
2016,FEMALE,TEST,Name11037,100,11037
2016,FEMALE,TEST,Name11038,100,11038
2016,FEMALE,TEST,Name11039,100,11039
2016,FEMALE,TEST,Name11040,100,11040
2016,FEMALE,TEST,Name11041,100,11041
2016,FEMALE,TEST,Name11042,100,11042
2016,FEMALE,TEST,Name11043,100,11043
2016,FEMALE,TEST,Name11044,100,11044
2016,FEMALE,TEST,Name11045,100,11045
2016,FEMALE,TEST,Name11046,100,11046
2016,FEMALE,TEST,Name11047,100,11047
2016,FEMALE,TEST,Name11048,100,11048
2016,FEMALE,TEST,Name11049,100,11049
2016,FEMALE,TEST,Name11050,100,11050
2016,FEMALE,TEST,Name11051,100,11051
2016,FEMALE,TEST,Name11052,100,11052
2016,FEMALE,TEST,Name11053,100,11053
2016,FEMALE,TEST,Name11054,100,11054
2016,FEMALE,TEST,Name11055,100,11055
2016,FEMALE,TEST,Name11056,100,11056
2016,FEMALE,TEST,Name11057,100,11057
2016,FEMALE,TEST,Name11058,100,11058
2016,FEMALE,TEST,Name11059,100,11059
2016,FEMALE,TEST,Name11060,100,11060
2016,FEMALE,TEST,Name11061,100,11061
2016,FEMALE,TEST,Name11062,100,11062
2016,FEMALE,TEST,Name11063,100,11063
2016,FEMALE,TEST,Name11064,100,11064
2016,FEMALE,TEST,Name11065,100,11065
2016,FEMALE,TEST,Name11066,100,11066
2016,FEMALE,TEST,Name11067,100,11067
2016,FEMALE,TEST,Name11068,100,11068
2016,FEMALE,TEST,Name11069,100,11069
2016,FEMALE,TEST,Name11070,100,11070
2016,FEMALE,TEST,Name11071,100,11071
2016,FEMALE,TEST,Name11072,100,11072
2016,FEMALE,TEST,Name11073,100,11073
2016,FEMALE,TEST,Name11074,100,11074
2016,FEMALE,TEST,Name11075,100,11075
2016,FEMALE,TEST,Name11076,100,11076
2016,FEMALE,TEST,Name11077,100,11077
2016,FEMALE,TEST,Name11078,100,11078
2016,FEMALE,TEST,Name11079,100,11079
2016,FEMALE,TEST,Name11080,100,11080
2016,FEMALE,TEST,Name11081,100,11081
2016,FEMALE,TEST,Name11082,100,11082
2016,FEMALE,TEST,Name11083,100,11083
2016,FEMALE,TEST,Name11084,100,11084
2016,FEMALE,TEST,Name11085,100,11085
2016,FEMALE,TEST,Name11086,100,11086
2016,FEMALE,TEST,Name11087,100,11087
2016,FEMALE,TEST,Name11088,100,11088
2016,FEMALE,TEST,Name11089,100,11089
2016,FEMALE,TEST,Name11090,100,11090
2016,FEMALE,TEST,Name11091,100,11091
2016,FEMALE,TEST,Name11092,100,11092
2016,FEMALE,TEST,Name11093,100,11093
2016,FEMALE,TEST,Name11094,100,11094
2016,FEMALE,TEST,Name11095,100,11095
2016,FEMALE,TEST,Name11096,100,11096
2016,FEMALE,TEST,Name11097,100,11097
2016,FEMALE,TEST,Name11098,100,11098
2016,FEMALE,TEST,Name11099,100,11099
2016,FEMALE,TEST,Name11100,100,11100
2016,FEMALE,TEST,Name11101,100,11101
2016,FEMALE,TEST,Name11102,100,11102
2016,FEMALE,TEST,Name11103,100,11103
2016,FEMALE,TEST,Name11104,100,11104
2016,FEMALE,TEST,Name11105,100,11105
2016,FEMALE,TEST,Name11106,100,11106
2016,FEMALE,TEST,Name11107,100,11107
2016,FEMALE,TEST,Name11108,100,11108
2016,FEMALE,TEST,Name11109,100,11109
2016,FEMALE,TEST,Name11110,100,11110
2016,FEMALE,TEST,Name11111,100,11111
2016,FEMALE,TEST,Name11112,100,11112
2016,FEMALE,TEST,Name11113,100,11113
2016,FEMALE,TEST,Name11114,100,11114
2016,FEMALE,TEST,Name11115,100,11115
2016,FEMALE,TEST,Name11116,100,11116
2016,FEMALE,TEST,Name11117,100,11117
2016,FEMALE,TEST,Name11118,100,11118
2016,FEMALE,TEST,Name11119,100,11119
2016,FEMALE,TEST,Name11120,100,11120
2016,FEMALE,TEST,Name11121,100,11121
2016,FEMALE,TEST,Name11122,100,11122
2016,FEMALE,TEST,Name11123,100,11123
2016,FEMALE,TEST,Name11124,100,11124
2016,FEMALE,TEST,Name11125,100,11125
2016,FEMALE,TEST,Name11126,100,11126
2016,FEMALE,TEST,Name11127,100,11127
2016,FEMALE,TEST,Name11128,100,11128
2016,FEMALE,TEST,Name11129,100,11129
2016,FEMALE,TEST,Name11130,100,11130
2016,FEMALE,TEST,Name11131,100,11131
2016,FEMALE,TEST,Name11132,100,11132
2016,FEMALE,TEST,Name11133,100,11133
2016,FEMALE,TEST,Name11134,100,11134
2016,FEMALE,TEST,Name11135,100,11135
2016,FEMALE,TEST,Name11136,100,11136
2016,FEMALE,TEST,Name11137,100,11137
2016,FEMALE,TEST,Name11138,100,11138
2016,FEMALE,TEST,Name11139,100,11139
2016,FEMALE,TEST,Name11140,100,11140
2016,FEMALE,TEST,Name11141,100,11141
2016,FEMALE,TEST,Name11142,100,11142
2016,FEMALE,TEST,Name11143,100,11143
2016,FEMALE,TEST,Name11144,100,11144
2016,FEMALE,TEST,Name11145,100,11145
2016,FEMALE,TEST,Name11146,100,11146
2016,FEMALE,TEST,Name11147,100,11147
2016,FEMALE,TEST,Name11148,100,11148
2016,FEMALE,TEST,Name11149,100,11149
2016,FEMALE,TEST,Name11150,100,11150
2016,FEMALE,TEST,Name11151,100,11151
2016,FEMALE,TEST,Name11152,100,11152
2016,FEMALE,TEST,Name11153,100,11153
2016,FEMALE,TEST,Name11154,100,11154
2016,FEMALE,TEST,Name11155,100,11155
2016,FEMALE,TEST,Name11156,100,11156
2016,FEMALE,TEST,Name11157,100,11157
2016,FEMALE,TEST,Name11158,100,11158
2016,FEMALE,TEST,Name11159,100,11159
2016,FEMALE,TEST,Name11160,100,11160
2016,FEMALE,TEST,Name11161,100,11161
2016,FEMALE,TEST,Name11162,100,11162
2016,FEMALE,TEST,Name11163,100,11163
2016,FEMALE,TEST,Name11164,100,11164
2016,FEMALE,TEST,Name11165,100,11165
2016,FEMALE,TEST,Name11166,100,11166
2016,FEMALE,TEST,Name11167,100,11167
2016,FEMALE,TEST,Name11168,100,11168
2016,FEMALE,TEST,Name11169,100,11169
2016,FEMALE,TEST,Name11170,100,11170
2016,FEMALE,TEST,Name11171,100,11171
2016,FEMALE,TEST,Name11172,100,11172
2016,FEMALE,TEST,Name11173,100,11173
2016,FEMALE,TEST,Name11174,100,11174
2016,FEMALE,TEST,Name11175,100,11175
2016,FEMALE,TEST,Name11176,100,11176
2016,FEMALE,TEST,Name11177,100,11177
2016,FEMALE,TEST,Name11178,100,11178
2016,FEMALE,TEST,Name11179,100,11179
2016,FEMALE,TEST,Name11180,100,11180
2016,FEMALE,TEST,Name11181,100,11181
2016,FEMALE,TEST,Name11182,100,11182
2016,FEMALE,TEST,Name11183,100,11183
2016,FEMALE,TEST,Name11184,100,11184
2016,FEMALE,TEST,Name11185,100,11185
2016,FEMALE,TEST,Name11186,100,11186
2016,FEMALE,TEST,Name11187,100,11187
2016,FEMALE,TEST,Name11188,100,11188
2016,FEMALE,TEST,Name11189,100,11189
2016,FEMALE,TEST,Name11190,100,11190
2016,FEMALE,TEST,Name11191,100,11191
2016,FEMALE,TEST,Name11192,100,11192
2016,FEMALE,TEST,Name11193,100,11193
2016,FEMALE,TEST,Name11194,100,11194
2016,FEMALE,TEST,Name11195,100,11195
2016,FEMALE,TEST,Name11196,100,11196
2016,FEMALE,TEST,Name11197,100,11197
2016,FEMALE,TEST,Name11198,100,11198
2016,FEMALE,TEST,Name11199,100,11199
2016,FEMALE,TEST,Name11200,100,11200
2016,FEMALE,TEST,Name11201,100,11201
2016,FEMALE,TEST,Name11202,100,11202
2016,FEMALE,TEST,Name11203,100,11203
2016,FEMALE,TEST,Name11204,100,11204
2016,FEMALE,TEST,Name11205,100,11205
2016,FEMALE,TEST,Name11206,100,11206
2016,FEMALE,TEST,Name11207,100,11207
2016,FEMALE,TEST,Name11208,100,11208
2016,FEMALE,TEST,Name11209,100,11209
2016,FEMALE,TEST,Name11210,100,11210
2016,FEMALE,TEST,Name11211,100,11211
2016,FEMALE,TEST,Name11212,100,11212
2016,FEMALE,TEST,Name11213,100,11213
2016,FEMALE,TEST,Name11214,100,11214
2016,FEMALE,TEST,Name11215,100,11215
2016,FEMALE,TEST,Name11216,100,11216
2016,FEMALE,TEST,Name11217,100,11217
2016,FEMALE,TEST,Name11218,100,11218
2016,FEMALE,TEST,Name11219,100,11219
2016,FEMALE,TEST,Name11220,100,11220
2016,FEMALE,TEST,Name11221,100,11221
2016,FEMALE,TEST,Name11222,100,11222
2016,FEMALE,TEST,Name11223,100,11223
2016,FEMALE,TEST,Name11224,100,11224
2016,FEMALE,TEST,Name11225,100,11225
2016,FEMALE,TEST,Name11226,100,11226
2016,FEMALE,TEST,Name11227,100,11227
2016,FEMALE,TEST,Name11228,100,11228
2016,FEMALE,TEST,Name11229,100,11229
2016,FEMALE,TEST,Name11230,100,11230
2016,FEMALE,TEST,Name11231,100,11231
2016,FEMALE,TEST,Name11232,100,11232
2016,FEMALE,TEST,Name11233,100,11233
2016,FEMALE,TEST,Name11234,100,11234
2016,FEMALE,TEST,Name11235,100,11235
2016,FEMALE,TEST,Name11236,100,11236
2016,FEMALE,TEST,Name11237,100,11237
2016,FEMALE,TEST,Name11238,100,11238
2016,FEMALE,TEST,Name11239,100,11239
2016,FEMALE,TEST,Name11240,100,11240
2016,FEMALE,TEST,Name11241,100,11241
2016,FEMALE,TEST,Name11242,100,11242
2016,FEMALE,TEST,Name11243,100,11243
2016,FEMALE,TEST,Name11244,100,11244
2016,FEMALE,TEST,Name11245,100,11245
2016,FEMALE,TEST,Name11246,100,11246
2016,FEMALE,TEST,Name11247,100,11247
2016,FEMALE,TEST,Name11248,100,11248
2016,FEMALE,TEST,Name11249,100,11249
2016,FEMALE,TEST,Name11250,100,11250
2016,FEMALE,TEST,Name11251,100,11251
2016,FEMALE,TEST,Name11252,100,11252
2016,FEMALE,TEST,Name11253,100,11253
2016,FEMALE,TEST,Name11254,100,11254
2016,FEMALE,TEST,Name11255,100,11255
2016,FEMALE,TEST,Name11256,100,11256
2016,FEMALE,TEST,Name11257,100,11257
2016,FEMALE,TEST,Name11258,100,11258
2016,FEMALE,TEST,Name11259,100,11259
2016,FEMALE,TEST,Name11260,100,11260
2016,FEMALE,TEST,Name11261,100,11261
2016,FEMALE,TEST,Name11262,100,11262
2016,FEMALE,TEST,Name11263,100,11263
2016,FEMALE,TEST,Name11264,100,11264
2016,FEMALE,TEST,Name11265,100,11265
2016,FEMALE,TEST,Name11266,100,11266
2016,FEMALE,TEST,Name11267,100,11267
2016,FEMALE,TEST,Name11268,100,11268
2016,FEMALE,TEST,Name11269,100,11269
2016,FEMALE,TEST,Name11270,100,11270
2016,FEMALE,TEST,Name11271,100,11271
2016,FEMALE,TEST,Name11272,100,11272
2016,FEMALE,TEST,Name11273,100,11273
2016,FEMALE,TEST,Name11274,100,11274
2016,FEMALE,TEST,Name11275,100,11275
2016,FEMALE,TEST,Name11276,100,11276
2016,FEMALE,TEST,Name11277,100,11277
2016,FEMALE,TEST,Name11278,100,11278
2016,FEMALE,TEST,Name11279,100,11279
2016,FEMALE,TEST,Name11280,100,11280
2016,FEMALE,TEST,Name11281,100,11281
2016,FEMALE,TEST,Name11282,100,11282
2016,FEMALE,TEST,Name11283,100,11283
2016,FEMALE,TEST,Name11284,100,11284
2016,FEMALE,TEST,Name11285,100,11285
2016,FEMALE,TEST,Name11286,100,11286
2016,FEMALE,TEST,Name11287,100,11287
2016,FEMALE,TEST,Name11288,100,11288
2016,FEMALE,TEST,Name11289,100,11289
2016,FEMALE,TEST,Name11290,100,11290
2016,FEMALE,TEST,Name11291,100,11291
2016,FEMALE,TEST,Name11292,100,11292
2016,FEMALE,TEST,Name11293,100,11293
2016,FEMALE,TEST,Name11294,100,11294
2016,FEMALE,TEST,Name11295,100,11295
2016,FEMALE,TEST,Name11296,100,11296
2016,FEMALE,TEST,Name11297,100,11297
2016,FEMALE,TEST,Name11298,100,11298
2016,FEMALE,TEST,Name11299,100,11299
2016,FEMALE,TEST,Name11300,100,11300
2016,FEMALE,TEST,Name11301,100,11301
2016,FEMALE,TEST,Name11302,100,11302
2016,FEMALE,TEST,Name11303,100,11303
2016,FEMALE,TEST,Name11304,100,11304
2016,FEMALE,TEST,Name11305,100,11305
2016,FEMALE,TEST,Name11306,100,11306
2016,FEMALE,TEST,Name11307,100,11307
2016,FEMALE,TEST,Name11308,100,11308
2016,FEMALE,TEST,Name11309,100,11309
2016,FEMALE,TEST,Name11310,100,11310
2016,FEMALE,TEST,Name11311,100,11311
2016,FEMALE,TEST,Name11312,100,11312
2016,FEMALE,TEST,Name11313,100,11313
2016,FEMALE,TEST,Name11314,100,11314
2016,FEMALE,TEST,Name11315,100,11315
2016,FEMALE,TEST,Name11316,100,11316
2016,FEMALE,TEST,Name11317,100,11317
2016,FEMALE,TEST,Name11318,100,11318
2016,FEMALE,TEST,Name11319,100,11319
2016,FEMALE,TEST,Name11320,100,11320
2016,FEMALE,TEST,Name11321,100,11321
2016,FEMALE,TEST,Name11322,100,11322
2016,FEMALE,TEST,Name11323,100,11323
2016,FEMALE,TEST,Name11324,100,11324
2016,FEMALE,TEST,Name11325,100,11325
2016,FEMALE,TEST,Name11326,100,11326
2016,FEMALE,TEST,Name11327,100,11327
2016,FEMALE,TEST,Name11328,100,11328
2016,FEMALE,TEST,Name11329,100,11329
2016,FEMALE,TEST,Name11330,100,11330
2016,FEMALE,TEST,Name11331,100,11331
2016,FEMALE,TEST,Name11332,100,11332
2016,FEMALE,TEST,Name11333,100,11333
2016,FEMALE,TEST,Name11334,100,11334
2016,FEMALE,TEST,Name11335,100,11335
2016,FEMALE,TEST,Name11336,100,11336
2016,FEMALE,TEST,Name11337,100,11337
2016,FEMALE,TEST,Name11338,100,11338
2016,FEMALE,TEST,Name11339,100,11339
2016,FEMALE,TEST,Name11340,100,11340
2016,FEMALE,TEST,Name11341,100,11341
2016,FEMALE,TEST,Name11342,100,11342
2016,FEMALE,TEST,Name11343,100,11343
2016,FEMALE,TEST,Name11344,100,11344
2016,FEMALE,TEST,Name11345,100,11345
2016,FEMALE,TEST,Name11346,100,11346
2016,FEMALE,TEST,Name11347,100,11347
2016,FEMALE,TEST,Name11348,100,11348
2016,FEMALE,TEST,Name11349,100,11349
2016,FEMALE,TEST,Name11350,100,11350
2016,FEMALE,TEST,Name11351,100,11351
2016,FEMALE,TEST,Name11352,100,11352
2016,FEMALE,TEST,Name11353,100,11353
2016,FEMALE,TEST,Name11354,100,11354
2016,FEMALE,TEST,Name11355,100,11355
2016,FEMALE,TEST,Name11356,100,11356
2016,FEMALE,TEST,Name11357,100,11357
2016,FEMALE,TEST,Name11358,100,11358
2016,FEMALE,TEST,Name11359,100,11359
2016,FEMALE,TEST,Name11360,100,11360
2016,FEMALE,TEST,Name11361,100,11361
2016,FEMALE,TEST,Name11362,100,11362
2016,FEMALE,TEST,Name11363,100,11363
2016,FEMALE,TEST,Name11364,100,11364
2016,FEMALE,TEST,Name11365,100,11365
2016,FEMALE,TEST,Name11366,100,11366
2016,FEMALE,TEST,Name11367,100,11367
2016,FEMALE,TEST,Name11368,100,11368
2016,FEMALE,TEST,Name11369,100,11369
2016,FEMALE,TEST,Name11370,100,11370
2016,FEMALE,TEST,Name11371,100,11371
2016,FEMALE,TEST,Name11372,100,11372
2016,FEMALE,TEST,Name11373,100,11373
2016,FEMALE,TEST,Name11374,100,11374
2016,FEMALE,TEST,Name11375,100,11375
2016,FEMALE,TEST,Name11376,100,11376
2016,FEMALE,TEST,Name11377,100,11377
2016,FEMALE,TEST,Name11378,100,11378
2016,FEMALE,TEST,Name11379,100,11379
2016,FEMALE,TEST,Name11380,100,11380
2016,FEMALE,TEST,Name11381,100,11381
2016,FEMALE,TEST,Name11382,100,11382
2016,FEMALE,TEST,Name11383,100,11383
2016,FEMALE,TEST,Name11384,100,11384
2016,FEMALE,TEST,Name11385,100,11385
2016,FEMALE,TEST,Name11386,100,11386
2016,FEMALE,TEST,Name11387,100,11387
2016,FEMALE,TEST,Name11388,100,11388
2016,FEMALE,TEST,Name11389,100,11389
2016,FEMALE,TEST,Name11390,100,11390
2016,FEMALE,TEST,Name11391,100,11391
2016,FEMALE,TEST,Name11392,100,11392
2016,FEMALE,TEST,Name11393,100,11393
2016,FEMALE,TEST,Name11394,100,11394
2016,FEMALE,TEST,Name11395,100,11395
2016,FEMALE,TEST,Name11396,100,11396
2016,FEMALE,TEST,Name11397,100,11397
2016,FEMALE,TEST,Name11398,100,11398
2016,FEMALE,TEST,Name11399,100,11399
2016,FEMALE,TEST,Name11400,100,11400
2016,FEMALE,TEST,Name11401,100,11401
2016,FEMALE,TEST,Name11402,100,11402
2016,FEMALE,TEST,Name11403,100,11403
2016,FEMALE,TEST,Name11404,100,11404
2016,FEMALE,TEST,Name11405,100,11405
2016,FEMALE,TEST,Name11406,100,11406
2016,FEMALE,TEST,Name11407,100,11407
2016,FEMALE,TEST,Name11408,100,11408
2016,FEMALE,TEST,Name11409,100,11409
2016,FEMALE,TEST,Name11410,100,11410
2016,FEMALE,TEST,Name11411,100,11411
2016,FEMALE,TEST,Name11412,100,11412
2016,FEMALE,TEST,Name11413,100,11413
2016,FEMALE,TEST,Name11414,100,11414
2016,FEMALE,TEST,Name11415,100,11415
2016,FEMALE,TEST,Name11416,100,11416
2016,FEMALE,TEST,Name11417,100,11417
2016,FEMALE,TEST,Name11418,100,11418
2016,FEMALE,TEST,Name11419,100,11419
2016,FEMALE,TEST,Name11420,100,11420
2016,FEMALE,TEST,Name11421,100,11421
2016,FEMALE,TEST,Name11422,100,11422
2016,FEMALE,TEST,Name11423,100,11423
2016,FEMALE,TEST,Name11424,100,11424
2016,FEMALE,TEST,Name11425,100,11425
2016,FEMALE,TEST,Name11426,100,11426
2016,FEMALE,TEST,Name11427,100,11427
2016,FEMALE,TEST,Name11428,100,11428
2016,FEMALE,TEST,Name11429,100,11429
2016,FEMALE,TEST,Name11430,100,11430
2016,FEMALE,TEST,Name11431,100,11431
2016,FEMALE,TEST,Name11432,100,11432
2016,FEMALE,TEST,Name11433,100,11433
2016,FEMALE,TEST,Name11434,100,11434
2016,FEMALE,TEST,Name11435,100,11435
2016,FEMALE,TEST,Name11436,100,11436
2016,FEMALE,TEST,Name11437,100,11437
2016,FEMALE,TEST,Name11438,100,11438
2016,FEMALE,TEST,Name11439,100,11439
2016,FEMALE,TEST,Name11440,100,11440
2016,FEMALE,TEST,Name11441,100,11441
2016,FEMALE,TEST,Name11442,100,11442
2016,FEMALE,TEST,Name11443,100,11443
2016,FEMALE,TEST,Name11444,100,11444
2016,FEMALE,TEST,Name11445,100,11445
2016,FEMALE,TEST,Name11446,100,11446
2016,FEMALE,TEST,Name11447,100,11447
2016,FEMALE,TEST,Name11448,100,11448
2016,FEMALE,TEST,Name11449,100,11449
2016,FEMALE,TEST,Name11450,100,11450
2016,FEMALE,TEST,Name11451,100,11451
2016,FEMALE,TEST,Name11452,100,11452
2016,FEMALE,TEST,Name11453,100,11453
2016,FEMALE,TEST,Name11454,100,11454
2016,FEMALE,TEST,Name11455,100,11455
2016,FEMALE,TEST,Name11456,100,11456
2016,FEMALE,TEST,Name11457,100,11457
2016,FEMALE,TEST,Name11458,100,11458
2016,FEMALE,TEST,Name11459,100,11459
2016,FEMALE,TEST,Name11460,100,11460
2016,FEMALE,TEST,Name11461,100,11461
2016,FEMALE,TEST,Name11462,100,11462
2016,FEMALE,TEST,Name11463,100,11463
2016,FEMALE,TEST,Name11464,100,11464
2016,FEMALE,TEST,Name11465,100,11465
2016,FEMALE,TEST,Name11466,100,11466
2016,FEMALE,TEST,Name11467,100,11467
2016,FEMALE,TEST,Name11468,100,11468
2016,FEMALE,TEST,Name11469,100,11469
2016,FEMALE,TEST,Name11470,100,11470
2016,FEMALE,TEST,Name11471,100,11471
2016,FEMALE,TEST,Name11472,100,11472
2016,FEMALE,TEST,Name11473,100,11473
2016,FEMALE,TEST,Name11474,100,11474
2016,FEMALE,TEST,Name11475,100,11475
2016,FEMALE,TEST,Name11476,100,11476
2016,FEMALE,TEST,Name11477,100,11477
2016,FEMALE,TEST,Name11478,100,11478
2016,FEMALE,TEST,Name11479,100,11479
2016,FEMALE,TEST,Name11480,100,11480
2016,FEMALE,TEST,Name11481,100,11481
2016,FEMALE,TEST,Name11482,100,11482
2016,FEMALE,TEST,Name11483,100,11483
2016,FEMALE,TEST,Name11484,100,11484
2016,FEMALE,TEST,Name11485,100,11485
2016,FEMALE,TEST,Name11486,100,11486
2016,FEMALE,TEST,Name11487,100,11487
2016,FEMALE,TEST,Name11488,100,11488
2016,FEMALE,TEST,Name11489,100,11489
2016,FEMALE,TEST,Name11490,100,11490
2016,FEMALE,TEST,Name11491,100,11491
2016,FEMALE,TEST,Name11492,100,11492
2016,FEMALE,TEST,Name11493,100,11493
2016,FEMALE,TEST,Name11494,100,11494
2016,FEMALE,TEST,Name11495,100,11495
2016,FEMALE,TEST,Name11496,100,11496
2016,FEMALE,TEST,Name11497,100,11497
2016,FEMALE,TEST,Name11498,100,11498
2016,FEMALE,TEST,Name11499,100,11499
2016,FEMALE,TEST,Name11500,100,11500
2016,FEMALE,TEST,Name11501,100,11501
2016,FEMALE,TEST,Name11502,100,11502
2016,FEMALE,TEST,Name11503,100,11503
2016,FEMALE,TEST,Name11504,100,11504
2016,FEMALE,TEST,Name11505,100,11505
2016,FEMALE,TEST,Name11506,100,11506
2016,FEMALE,TEST,Name11507,100,11507
2016,FEMALE,TEST,Name11508,100,11508
2016,FEMALE,TEST,Name11509,100,11509
2016,FEMALE,TEST,Name11510,100,11510
2016,FEMALE,TEST,Name11511,100,11511
2016,FEMALE,TEST,Name11512,100,11512
2016,FEMALE,TEST,Name11513,100,11513
2016,FEMALE,TEST,Name11514,100,11514
2016,FEMALE,TEST,Name11515,100,11515
2016,FEMALE,TEST,Name11516,100,11516
2016,FEMALE,TEST,Name11517,100,11517
2016,FEMALE,TEST,Name11518,100,11518
2016,FEMALE,TEST,Name11519,100,11519
2016,FEMALE,TEST,Name11520,100,11520
2016,FEMALE,TEST,Name11521,100,11521
2016,FEMALE,TEST,Name11522,100,11522
2016,FEMALE,TEST,Name11523,100,11523
2016,FEMALE,TEST,Name11524,100,11524
2016,FEMALE,TEST,Name11525,100,11525
2016,FEMALE,TEST,Name11526,100,11526
2016,FEMALE,TEST,Name11527,100,11527
2016,FEMALE,TEST,Name11528,100,11528
2016,FEMALE,TEST,Name11529,100,11529
2016,FEMALE,TEST,Name11530,100,11530
2016,FEMALE,TEST,Name11531,100,11531
2016,FEMALE,TEST,Name11532,100,11532
2016,FEMALE,TEST,Name11533,100,11533
2016,FEMALE,TEST,Name11534,100,11534
2016,FEMALE,TEST,Name11535,100,11535
2016,FEMALE,TEST,Name11536,100,11536
2016,FEMALE,TEST,Name11537,100,11537
2016,FEMALE,TEST,Name11538,100,11538
2016,FEMALE,TEST,Name11539,100,11539
2016,FEMALE,TEST,Name11540,100,11540
2016,FEMALE,TEST,Name11541,100,11541
2016,FEMALE,TEST,Name11542,100,11542
2016,FEMALE,TEST,Name11543,100,11543
2016,FEMALE,TEST,Name11544,100,11544
2016,FEMALE,TEST,Name11545,100,11545
2016,FEMALE,TEST,Name11546,100,11546
2016,FEMALE,TEST,Name11547,100,11547
2016,FEMALE,TEST,Name11548,100,11548
2016,FEMALE,TEST,Name11549,100,11549
2016,FEMALE,TEST,Name11550,100,11550
2016,FEMALE,TEST,Name11551,100,11551
2016,FEMALE,TEST,Name11552,100,11552
2016,FEMALE,TEST,Name11553,100,11553
2016,FEMALE,TEST,Name11554,100,11554
2016,FEMALE,TEST,Name11555,100,11555
2016,FEMALE,TEST,Name11556,100,11556
2016,FEMALE,TEST,Name11557,100,11557
2016,FEMALE,TEST,Name11558,100,11558
2016,FEMALE,TEST,Name11559,100,11559
2016,FEMALE,TEST,Name11560,100,11560
2016,FEMALE,TEST,Name11561,100,11561
2016,FEMALE,TEST,Name11562,100,11562
2016,FEMALE,TEST,Name11563,100,11563
2016,FEMALE,TEST,Name11564,100,11564
2016,FEMALE,TEST,Name11565,100,11565
2016,FEMALE,TEST,Name11566,100,11566
2016,FEMALE,TEST,Name11567,100,11567
2016,FEMALE,TEST,Name11568,100,11568
2016,FEMALE,TEST,Name11569,100,11569
2016,FEMALE,TEST,Name11570,100,11570
2016,FEMALE,TEST,Name11571,100,11571
2016,FEMALE,TEST,Name11572,100,11572
2016,FEMALE,TEST,Name11573,100,11573
2016,FEMALE,TEST,Name11574,100,11574
2016,FEMALE,TEST,Name11575,100,11575
2016,FEMALE,TEST,Name11576,100,11576
2016,FEMALE,TEST,Name11577,100,11577
2016,FEMALE,TEST,Name11578,100,11578
2016,FEMALE,TEST,Name11579,100,11579
2016,FEMALE,TEST,Name11580,100,11580
2016,FEMALE,TEST,Name11581,100,11581
2016,FEMALE,TEST,Name11582,100,11582
2016,FEMALE,TEST,Name11583,100,11583
2016,FEMALE,TEST,Name11584,100,11584
2016,FEMALE,TEST,Name11585,100,11585
2016,FEMALE,TEST,Name11586,100,11586
2016,FEMALE,TEST,Name11587,100,11587
2016,FEMALE,TEST,Name11588,100,11588
2016,FEMALE,TEST,Name11589,100,11589
2016,FEMALE,TEST,Name11590,100,11590
2016,FEMALE,TEST,Name11591,100,11591
2016,FEMALE,TEST,Name11592,100,11592
2016,FEMALE,TEST,Name11593,100,11593
2016,FEMALE,TEST,Name11594,100,11594
2016,FEMALE,TEST,Name11595,100,11595
2016,FEMALE,TEST,Name11596,100,11596
2016,FEMALE,TEST,Name11597,100,11597
2016,FEMALE,TEST,Name11598,100,11598
2016,FEMALE,TEST,Name11599,100,11599
2016,FEMALE,TEST,Name11600,100,11600
2016,FEMALE,TEST,Name11601,100,11601
2016,FEMALE,TEST,Name11602,100,11602
2016,FEMALE,TEST,Name11603,100,11603
2016,FEMALE,TEST,Name11604,100,11604
2016,FEMALE,TEST,Name11605,100,11605
2016,FEMALE,TEST,Name11606,100,11606
2016,FEMALE,TEST,Name11607,100,11607
2016,FEMALE,TEST,Name11608,100,11608
2016,FEMALE,TEST,Name11609,100,11609
2016,FEMALE,TEST,Name11610,100,11610
2016,FEMALE,TEST,Name11611,100,11611
2016,FEMALE,TEST,Name11612,100,11612
2016,FEMALE,TEST,Name11613,100,11613
2016,FEMALE,TEST,Name11614,100,11614
2016,FEMALE,TEST,Name11615,100,11615
2016,FEMALE,TEST,Name11616,100,11616
2016,FEMALE,TEST,Name11617,100,11617
2016,FEMALE,TEST,Name11618,100,11618
2016,FEMALE,TEST,Name11619,100,11619
2016,FEMALE,TEST,Name11620,100,11620
2016,FEMALE,TEST,Name11621,100,11621
2016,FEMALE,TEST,Name11622,100,11622
2016,FEMALE,TEST,Name11623,100,11623
2016,FEMALE,TEST,Name11624,100,11624
2016,FEMALE,TEST,Name11625,100,11625
2016,FEMALE,TEST,Name11626,100,11626
2016,FEMALE,TEST,Name11627,100,11627
2016,FEMALE,TEST,Name11628,100,11628
2016,FEMALE,TEST,Name11629,100,11629
2016,FEMALE,TEST,Name11630,100,11630
2016,FEMALE,TEST,Name11631,100,11631
2016,FEMALE,TEST,Name11632,100,11632
2016,FEMALE,TEST,Name11633,100,11633
2016,FEMALE,TEST,Name11634,100,11634
2016,FEMALE,TEST,Name11635,100,11635
2016,FEMALE,TEST,Name11636,100,11636
2016,FEMALE,TEST,Name11637,100,11637
2016,FEMALE,TEST,Name11638,100,11638
2016,FEMALE,TEST,Name11639,100,11639
2016,FEMALE,TEST,Name11640,100,11640
2016,FEMALE,TEST,Name11641,100,11641
2016,FEMALE,TEST,Name11642,100,11642
2016,FEMALE,TEST,Name11643,100,11643
2016,FEMALE,TEST,Name11644,100,11644
2016,FEMALE,TEST,Name11645,100,11645
2016,FEMALE,TEST,Name11646,100,11646
2016,FEMALE,TEST,Name11647,100,11647
2016,FEMALE,TEST,Name11648,100,11648
2016,FEMALE,TEST,Name11649,100,11649
2016,FEMALE,TEST,Name11650,100,11650
2016,FEMALE,TEST,Name11651,100,11651
2016,FEMALE,TEST,Name11652,100,11652
2016,FEMALE,TEST,Name11653,100,11653
2016,FEMALE,TEST,Name11654,100,11654
2016,FEMALE,TEST,Name11655,100,11655
2016,FEMALE,TEST,Name11656,100,11656
2016,FEMALE,TEST,Name11657,100,11657
2016,FEMALE,TEST,Name11658,100,11658
2016,FEMALE,TEST,Name11659,100,11659
2016,FEMALE,TEST,Name11660,100,11660
2016,FEMALE,TEST,Name11661,100,11661
2016,FEMALE,TEST,Name11662,100,11662
2016,FEMALE,TEST,Name11663,100,11663
2016,FEMALE,TEST,Name11664,100,11664
2016,FEMALE,TEST,Name11665,100,11665
2016,FEMALE,TEST,Name11666,100,11666
2016,FEMALE,TEST,Name11667,100,11667
2016,FEMALE,TEST,Name11668,100,11668
2016,FEMALE,TEST,Name11669,100,11669
2016,FEMALE,TEST,Name11670,100,11670
2016,FEMALE,TEST,Name11671,100,11671
2016,FEMALE,TEST,Name11672,100,11672
2016,FEMALE,TEST,Name11673,100,11673
2016,FEMALE,TEST,Name11674,100,11674
2016,FEMALE,TEST,Name11675,100,11675
2016,FEMALE,TEST,Name11676,100,11676
2016,FEMALE,TEST,Name11677,100,11677
2016,FEMALE,TEST,Name11678,100,11678
2016,FEMALE,TEST,Name11679,100,11679
2016,FEMALE,TEST,Name11680,100,11680
2016,FEMALE,TEST,Name11681,100,11681
2016,FEMALE,TEST,Name11682,100,11682
2016,FEMALE,TEST,Name11683,100,11683
2016,FEMALE,TEST,Name11684,100,11684
2016,FEMALE,TEST,Name11685,100,11685
2016,FEMALE,TEST,Name11686,100,11686
2016,FEMALE,TEST,Name11687,100,11687
2016,FEMALE,TEST,Name11688,100,11688
2016,FEMALE,TEST,Name11689,100,11689
2016,FEMALE,TEST,Name11690,100,11690
2016,FEMALE,TEST,Name11691,100,11691
2016,FEMALE,TEST,Name11692,100,11692
2016,FEMALE,TEST,Name11693,100,11693
2016,FEMALE,TEST,Name11694,100,11694
2016,FEMALE,TEST,Name11695,100,11695
2016,FEMALE,TEST,Name11696,100,11696
2016,FEMALE,TEST,Name11697,100,11697
2016,FEMALE,TEST,Name11698,100,11698
2016,FEMALE,TEST,Name11699,100,11699
2016,FEMALE,TEST,Name11700,100,11700
2016,FEMALE,TEST,Name11701,100,11701
2016,FEMALE,TEST,Name11702,100,11702
2016,FEMALE,TEST,Name11703,100,11703
2016,FEMALE,TEST,Name11704,100,11704
2016,FEMALE,TEST,Name11705,100,11705
2016,FEMALE,TEST,Name11706,100,11706
2016,FEMALE,TEST,Name11707,100,11707
2016,FEMALE,TEST,Name11708,100,11708
2016,FEMALE,TEST,Name11709,100,11709
2016,FEMALE,TEST,Name11710,100,11710
2016,FEMALE,TEST,Name11711,100,11711
2016,FEMALE,TEST,Name11712,100,11712
2016,FEMALE,TEST,Name11713,100,11713
2016,FEMALE,TEST,Name11714,100,11714
2016,FEMALE,TEST,Name11715,100,11715
2016,FEMALE,TEST,Name11716,100,11716
2016,FEMALE,TEST,Name11717,100,11717
2016,FEMALE,TEST,Name11718,100,11718
2016,FEMALE,TEST,Name11719,100,11719
2016,FEMALE,TEST,Name11720,100,11720
2016,FEMALE,TEST,Name11721,100,11721
2016,FEMALE,TEST,Name11722,100,11722
2016,FEMALE,TEST,Name11723,100,11723
2016,FEMALE,TEST,Name11724,100,11724
2016,FEMALE,TEST,Name11725,100,11725
2016,FEMALE,TEST,Name11726,100,11726
2016,FEMALE,TEST,Name11727,100,11727
2016,FEMALE,TEST,Name11728,100,11728
2016,FEMALE,TEST,Name11729,100,11729
2016,FEMALE,TEST,Name11730,100,11730
2016,FEMALE,TEST,Name11731,100,11731
2016,FEMALE,TEST,Name11732,100,11732
2016,FEMALE,TEST,Name11733,100,11733
2016,FEMALE,TEST,Name11734,100,11734
2016,FEMALE,TEST,Name11735,100,11735
2016,FEMALE,TEST,Name11736,100,11736
2016,FEMALE,TEST,Name11737,100,11737
2016,FEMALE,TEST,Name11738,100,11738
2016,FEMALE,TEST,Name11739,100,11739
2016,FEMALE,TEST,Name11740,100,11740
2016,FEMALE,TEST,Name11741,100,11741
2016,FEMALE,TEST,Name11742,100,11742
2016,FEMALE,TEST,Name11743,100,11743
2016,FEMALE,TEST,Name11744,100,11744
2016,FEMALE,TEST,Name11745,100,11745
2016,FEMALE,TEST,Name11746,100,11746
2016,FEMALE,TEST,Name11747,100,11747
2016,FEMALE,TEST,Name11748,100,11748
2016,FEMALE,TEST,Name11749,100,11749
2016,FEMALE,TEST,Name11750,100,11750
2016,FEMALE,TEST,Name11751,100,11751
2016,FEMALE,TEST,Name11752,100,11752
2016,FEMALE,TEST,Name11753,100,11753
2016,FEMALE,TEST,Name11754,100,11754
2016,FEMALE,TEST,Name11755,100,11755
2016,FEMALE,TEST,Name11756,100,11756
2016,FEMALE,TEST,Name11757,100,11757
2016,FEMALE,TEST,Name11758,100,11758
2016,FEMALE,TEST,Name11759,100,11759
2016,FEMALE,TEST,Name11760,100,11760
2016,FEMALE,TEST,Name11761,100,11761
2016,FEMALE,TEST,Name11762,100,11762
2016,FEMALE,TEST,Name11763,100,11763
2016,FEMALE,TEST,Name11764,100,11764
2016,FEMALE,TEST,Name11765,100,11765
2016,FEMALE,TEST,Name11766,100,11766
2016,FEMALE,TEST,Name11767,100,11767
2016,FEMALE,TEST,Name11768,100,11768
2016,FEMALE,TEST,Name11769,100,11769
2016,FEMALE,TEST,Name11770,100,11770
2016,FEMALE,TEST,Name11771,100,11771
2016,FEMALE,TEST,Name11772,100,11772
2016,FEMALE,TEST,Name11773,100,11773
2016,FEMALE,TEST,Name11774,100,11774
2016,FEMALE,TEST,Name11775,100,11775
2016,FEMALE,TEST,Name11776,100,11776
2016,FEMALE,TEST,Name11777,100,11777
2016,FEMALE,TEST,Name11778,100,11778
2016,FEMALE,TEST,Name11779,100,11779
2016,FEMALE,TEST,Name11780,100,11780
2016,FEMALE,TEST,Name11781,100,11781
2016,FEMALE,TEST,Name11782,100,11782
2016,FEMALE,TEST,Name11783,100,11783
2016,FEMALE,TEST,Name11784,100,11784
2016,FEMALE,TEST,Name11785,100,11785
2016,FEMALE,TEST,Name11786,100,11786
2016,FEMALE,TEST,Name11787,100,11787
2016,FEMALE,TEST,Name11788,100,11788
2016,FEMALE,TEST,Name11789,100,11789
2016,FEMALE,TEST,Name11790,100,11790
2016,FEMALE,TEST,Name11791,100,11791
2016,FEMALE,TEST,Name11792,100,11792
2016,FEMALE,TEST,Name11793,100,11793
2016,FEMALE,TEST,Name11794,100,11794
2016,FEMALE,TEST,Name11795,100,11795
2016,FEMALE,TEST,Name11796,100,11796
2016,FEMALE,TEST,Name11797,100,11797
2016,FEMALE,TEST,Name11798,100,11798
2016,FEMALE,TEST,Name11799,100,11799
2016,FEMALE,TEST,Name11800,100,11800
2016,FEMALE,TEST,Name11801,100,11801
2016,FEMALE,TEST,Name11802,100,11802
2016,FEMALE,TEST,Name11803,100,11803
2016,FEMALE,TEST,Name11804,100,11804
2016,FEMALE,TEST,Name11805,100,11805
2016,FEMALE,TEST,Name11806,100,11806
2016,FEMALE,TEST,Name11807,100,11807
2016,FEMALE,TEST,Name11808,100,11808
2016,FEMALE,TEST,Name11809,100,11809
2016,FEMALE,TEST,Name11810,100,11810
2016,FEMALE,TEST,Name11811,100,11811
2016,FEMALE,TEST,Name11812,100,11812
2016,FEMALE,TEST,Name11813,100,11813
2016,FEMALE,TEST,Name11814,100,11814
2016,FEMALE,TEST,Name11815,100,11815
2016,FEMALE,TEST,Name11816,100,11816
2016,FEMALE,TEST,Name11817,100,11817
2016,FEMALE,TEST,Name11818,100,11818
2016,FEMALE,TEST,Name11819,100,11819
2016,FEMALE,TEST,Name11820,100,11820
2016,FEMALE,TEST,Name11821,100,11821
2016,FEMALE,TEST,Name11822,100,11822
2016,FEMALE,TEST,Name11823,100,11823
2016,FEMALE,TEST,Name11824,100,11824
2016,FEMALE,TEST,Name11825,100,11825
2016,FEMALE,TEST,Name11826,100,11826
2016,FEMALE,TEST,Name11827,100,11827
2016,FEMALE,TEST,Name11828,100,11828
2016,FEMALE,TEST,Name11829,100,11829
2016,FEMALE,TEST,Name11830,100,11830
2016,FEMALE,TEST,Name11831,100,11831
2016,FEMALE,TEST,Name11832,100,11832
2016,FEMALE,TEST,Name11833,100,11833
2016,FEMALE,TEST,Name11834,100,11834
2016,FEMALE,TEST,Name11835,100,11835
2016,FEMALE,TEST,Name11836,100,11836
2016,FEMALE,TEST,Name11837,100,11837
2016,FEMALE,TEST,Name11838,100,11838
2016,FEMALE,TEST,Name11839,100,11839
2016,FEMALE,TEST,Name11840,100,11840
2016,FEMALE,TEST,Name11841,100,11841
2016,FEMALE,TEST,Name11842,100,11842
2016,FEMALE,TEST,Name11843,100,11843
2016,FEMALE,TEST,Name11844,100,11844
2016,FEMALE,TEST,Name11845,100,11845
2016,FEMALE,TEST,Name11846,100,11846
2016,FEMALE,TEST,Name11847,100,11847
2016,FEMALE,TEST,Name11848,100,11848
2016,FEMALE,TEST,Name11849,100,11849
2016,FEMALE,TEST,Name11850,100,11850
2016,FEMALE,TEST,Name11851,100,11851
2016,FEMALE,TEST,Name11852,100,11852
2016,FEMALE,TEST,Name11853,100,11853
2016,FEMALE,TEST,Name11854,100,11854
2016,FEMALE,TEST,Name11855,100,11855
2016,FEMALE,TEST,Name11856,100,11856
2016,FEMALE,TEST,Name11857,100,11857
2016,FEMALE,TEST,Name11858,100,11858
2016,FEMALE,TEST,Name11859,100,11859
2016,FEMALE,TEST,Name11860,100,11860
2016,FEMALE,TEST,Name11861,100,11861
2016,FEMALE,TEST,Name11862,100,11862
2016,FEMALE,TEST,Name11863,100,11863
2016,FEMALE,TEST,Name11864,100,11864
2016,FEMALE,TEST,Name11865,100,11865
2016,FEMALE,TEST,Name11866,100,11866
2016,FEMALE,TEST,Name11867,100,11867
2016,FEMALE,TEST,Name11868,100,11868
2016,FEMALE,TEST,Name11869,100,11869
2016,FEMALE,TEST,Name11870,100,11870
2016,FEMALE,TEST,Name11871,100,11871
2016,FEMALE,TEST,Name11872,100,11872
2016,FEMALE,TEST,Name11873,100,11873
2016,FEMALE,TEST,Name11874,100,11874
2016,FEMALE,TEST,Name11875,100,11875
2016,FEMALE,TEST,Name11876,100,11876
2016,FEMALE,TEST,Name11877,100,11877
2016,FEMALE,TEST,Name11878,100,11878
2016,FEMALE,TEST,Name11879,100,11879
2016,FEMALE,TEST,Name11880,100,11880
2016,FEMALE,TEST,Name11881,100,11881
2016,FEMALE,TEST,Name11882,100,11882
2016,FEMALE,TEST,Name11883,100,11883
2016,FEMALE,TEST,Name11884,100,11884
2016,FEMALE,TEST,Name11885,100,11885
2016,FEMALE,TEST,Name11886,100,11886
2016,FEMALE,TEST,Name11887,100,11887
2016,FEMALE,TEST,Name11888,100,11888
2016,FEMALE,TEST,Name11889,100,11889
2016,FEMALE,TEST,Name11890,100,11890
2016,FEMALE,TEST,Name11891,100,11891
2016,FEMALE,TEST,Name11892,100,11892
2016,FEMALE,TEST,Name11893,100,11893
2016,FEMALE,TEST,Name11894,100,11894
2016,FEMALE,TEST,Name11895,100,11895
2016,FEMALE,TEST,Name11896,100,11896
2016,FEMALE,TEST,Name11897,100,11897
2016,FEMALE,TEST,Name11898,100,11898
2016,FEMALE,TEST,Name11899,100,11899
2016,FEMALE,TEST,Name11900,100,11900
2016,FEMALE,TEST,Name11901,100,11901
2016,FEMALE,TEST,Name11902,100,11902
2016,FEMALE,TEST,Name11903,100,11903
2016,FEMALE,TEST,Name11904,100,11904
2016,FEMALE,TEST,Name11905,100,11905
2016,FEMALE,TEST,Name11906,100,11906
2016,FEMALE,TEST,Name11907,100,11907
2016,FEMALE,TEST,Name11908,100,11908
2016,FEMALE,TEST,Name11909,100,11909
2016,FEMALE,TEST,Name11910,100,11910
2016,FEMALE,TEST,Name11911,100,11911
2016,FEMALE,TEST,Name11912,100,11912
2016,FEMALE,TEST,Name11913,100,11913
2016,FEMALE,TEST,Name11914,100,11914
2016,FEMALE,TEST,Name11915,100,11915
2016,FEMALE,TEST,Name11916,100,11916
2016,FEMALE,TEST,Name11917,100,11917
2016,FEMALE,TEST,Name11918,100,11918
2016,FEMALE,TEST,Name11919,100,11919
2016,FEMALE,TEST,Name11920,100,11920
2016,FEMALE,TEST,Name11921,100,11921
2016,FEMALE,TEST,Name11922,100,11922
2016,FEMALE,TEST,Name11923,100,11923
2016,FEMALE,TEST,Name11924,100,11924
2016,FEMALE,TEST,Name11925,100,11925
2016,FEMALE,TEST,Name11926,100,11926
2016,FEMALE,TEST,Name11927,100,11927
2016,FEMALE,TEST,Name11928,100,11928
2016,FEMALE,TEST,Name11929,100,11929
2016,FEMALE,TEST,Name11930,100,11930
2016,FEMALE,TEST,Name11931,100,11931
2016,FEMALE,TEST,Name11932,100,11932
2016,FEMALE,TEST,Name11933,100,11933
2016,FEMALE,TEST,Name11934,100,11934
2016,FEMALE,TEST,Name11935,100,11935
2016,FEMALE,TEST,Name11936,100,11936
2016,FEMALE,TEST,Name11937,100,11937
2016,FEMALE,TEST,Name11938,100,11938
2016,FEMALE,TEST,Name11939,100,11939
2016,FEMALE,TEST,Name11940,100,11940
2016,FEMALE,TEST,Name11941,100,11941
2016,FEMALE,TEST,Name11942,100,11942
2016,FEMALE,TEST,Name11943,100,11943
2016,FEMALE,TEST,Name11944,100,11944
2016,FEMALE,TEST,Name11945,100,11945
2016,FEMALE,TEST,Name11946,100,11946
2016,FEMALE,TEST,Name11947,100,11947
2016,FEMALE,TEST,Name11948,100,11948
2016,FEMALE,TEST,Name11949,100,11949
2016,FEMALE,TEST,Name11950,100,11950
2016,FEMALE,TEST,Name11951,100,11951
2016,FEMALE,TEST,Name11952,100,11952
2016,FEMALE,TEST,Name11953,100,11953
2016,FEMALE,TEST,Name11954,100,11954
2016,FEMALE,TEST,Name11955,100,11955
2016,FEMALE,TEST,Name11956,100,11956
2016,FEMALE,TEST,Name11957,100,11957
2016,FEMALE,TEST,Name11958,100,11958
2016,FEMALE,TEST,Name11959,100,11959
2016,FEMALE,TEST,Name11960,100,11960
2016,FEMALE,TEST,Name11961,100,11961
2016,FEMALE,TEST,Name11962,100,11962
2016,FEMALE,TEST,Name11963,100,11963
2016,FEMALE,TEST,Name11964,100,11964
2016,FEMALE,TEST,Name11965,100,11965
2016,FEMALE,TEST,Name11966,100,11966
2016,FEMALE,TEST,Name11967,100,11967
2016,FEMALE,TEST,Name11968,100,11968
2016,FEMALE,TEST,Name11969,100,11969
2016,FEMALE,TEST,Name11970,100,11970
2016,FEMALE,TEST,Name11971,100,11971
2016,FEMALE,TEST,Name11972,100,11972
2016,FEMALE,TEST,Name11973,100,11973
2016,FEMALE,TEST,Name11974,100,11974
2016,FEMALE,TEST,Name11975,100,11975
2016,FEMALE,TEST,Name11976,100,11976
2016,FEMALE,TEST,Name11977,100,11977
2016,FEMALE,TEST,Name11978,100,11978
2016,FEMALE,TEST,Name11979,100,11979
2016,FEMALE,TEST,Name11980,100,11980
2016,FEMALE,TEST,Name11981,100,11981
2016,FEMALE,TEST,Name11982,100,11982
2016,FEMALE,TEST,Name11983,100,11983
2016,FEMALE,TEST,Name11984,100,11984
2016,FEMALE,TEST,Name11985,100,11985
2016,FEMALE,TEST,Name11986,100,11986
2016,FEMALE,TEST,Name11987,100,11987
2016,FEMALE,TEST,Name11988,100,11988
2016,FEMALE,TEST,Name11989,100,11989
2016,FEMALE,TEST,Name11990,100,11990
2016,FEMALE,TEST,Name11991,100,11991
2016,FEMALE,TEST,Name11992,100,11992
2016,FEMALE,TEST,Name11993,100,11993
2016,FEMALE,TEST,Name11994,100,11994
2016,FEMALE,TEST,Name11995,100,11995
2016,FEMALE,TEST,Name11996,100,11996
2016,FEMALE,TEST,Name11997,100,11997
2016,FEMALE,TEST,Name11998,100,11998
2016,FEMALE,TEST,Name11999,100,11999
2016,FEMALE,TEST,Name12000,100,12000
2016,FEMALE,TEST,Name12001,100,12001
2016,FEMALE,TEST,Name12002,100,12002
2016,FEMALE,TEST,Name12003,100,12003
2016,FEMALE,TEST,Name12004,100,12004
2016,FEMALE,TEST,Name12005,100,12005
2016,FEMALE,TEST,Name12006,100,12006
2016,FEMALE,TEST,Name12007,100,12007
2016,FEMALE,TEST,Name12008,100,12008
2016,FEMALE,TEST,Name12009,100,12009
2016,FEMALE,TEST,Name12010,100,12010
2016,FEMALE,TEST,Name12011,100,12011
2016,FEMALE,TEST,Name12012,100,12012
2016,FEMALE,TEST,Name12013,100,12013
2016,FEMALE,TEST,Name12014,100,12014
2016,FEMALE,TEST,Name12015,100,12015
2016,FEMALE,TEST,Name12016,100,12016
2016,FEMALE,TEST,Name12017,100,12017
2016,FEMALE,TEST,Name12018,100,12018
2016,FEMALE,TEST,Name12019,100,12019
2016,FEMALE,TEST,Name12020,100,12020
2016,FEMALE,TEST,Name12021,100,12021
2016,FEMALE,TEST,Name12022,100,12022
2016,FEMALE,TEST,Name12023,100,12023
2016,FEMALE,TEST,Name12024,100,12024
2016,FEMALE,TEST,Name12025,100,12025
2016,FEMALE,TEST,Name12026,100,12026
2016,FEMALE,TEST,Name12027,100,12027
2016,FEMALE,TEST,Name12028,100,12028
2016,FEMALE,TEST,Name12029,100,12029
2016,FEMALE,TEST,Name12030,100,12030
2016,FEMALE,TEST,Name12031,100,12031
2016,FEMALE,TEST,Name12032,100,12032
2016,FEMALE,TEST,Name12033,100,12033
2016,FEMALE,TEST,Name12034,100,12034
2016,FEMALE,TEST,Name12035,100,12035
2016,FEMALE,TEST,Name12036,100,12036
2016,FEMALE,TEST,Name12037,100,12037
2016,FEMALE,TEST,Name12038,100,12038
2016,FEMALE,TEST,Name12039,100,12039
2016,FEMALE,TEST,Name12040,100,12040
2016,FEMALE,TEST,Name12041,100,12041
2016,FEMALE,TEST,Name12042,100,12042
2016,FEMALE,TEST,Name12043,100,12043
2016,FEMALE,TEST,Name12044,100,12044
2016,FEMALE,TEST,Name12045,100,12045
2016,FEMALE,TEST,Name12046,100,12046
2016,FEMALE,TEST,Name12047,100,12047
2016,FEMALE,TEST,Name12048,100,12048
2016,FEMALE,TEST,Name12049,100,12049
2016,FEMALE,TEST,Name12050,100,12050
2016,FEMALE,TEST,Name12051,100,12051
2016,FEMALE,TEST,Name12052,100,12052
2016,FEMALE,TEST,Name12053,100,12053
2016,FEMALE,TEST,Name12054,100,12054
2016,FEMALE,TEST,Name12055,100,12055
2016,FEMALE,TEST,Name12056,100,12056
2016,FEMALE,TEST,Name12057,100,12057
2016,FEMALE,TEST,Name12058,100,12058
2016,FEMALE,TEST,Name12059,100,12059
2016,FEMALE,TEST,Name12060,100,12060
2016,FEMALE,TEST,Name12061,100,12061
2016,FEMALE,TEST,Name12062,100,12062
2016,FEMALE,TEST,Name12063,100,12063
2016,FEMALE,TEST,Name12064,100,12064
2016,FEMALE,TEST,Name12065,100,12065
2016,FEMALE,TEST,Name12066,100,12066
2016,FEMALE,TEST,Name12067,100,12067
2016,FEMALE,TEST,Name12068,100,12068
2016,FEMALE,TEST,Name12069,100,12069
2016,FEMALE,TEST,Name12070,100,12070
2016,FEMALE,TEST,Name12071,100,12071
2016,FEMALE,TEST,Name12072,100,12072
2016,FEMALE,TEST,Name12073,100,12073
2016,FEMALE,TEST,Name12074,100,12074
2016,FEMALE,TEST,Name12075,100,12075
2016,FEMALE,TEST,Name12076,100,12076
2016,FEMALE,TEST,Name12077,100,12077
2016,FEMALE,TEST,Name12078,100,12078
2016,FEMALE,TEST,Name12079,100,12079
2016,FEMALE,TEST,Name12080,100,12080
2016,FEMALE,TEST,Name12081,100,12081
2016,FEMALE,TEST,Name12082,100,12082
2016,FEMALE,TEST,Name12083,100,12083
2016,FEMALE,TEST,Name12084,100,12084
2016,FEMALE,TEST,Name12085,100,12085
2016,FEMALE,TEST,Name12086,100,12086
2016,FEMALE,TEST,Name12087,100,12087
2016,FEMALE,TEST,Name12088,100,12088
2016,FEMALE,TEST,Name12089,100,12089
2016,FEMALE,TEST,Name12090,100,12090
2016,FEMALE,TEST,Name12091,100,12091
2016,FEMALE,TEST,Name12092,100,12092
2016,FEMALE,TEST,Name12093,100,12093
2016,FEMALE,TEST,Name12094,100,12094
2016,FEMALE,TEST,Name12095,100,12095
2016,FEMALE,TEST,Name12096,100,12096
2016,FEMALE,TEST,Name12097,100,12097
2016,FEMALE,TEST,Name12098,100,12098
2016,FEMALE,TEST,Name12099,100,12099
2016,FEMALE,TEST,Name12100,100,12100
2016,FEMALE,TEST,Name12101,100,12101
2016,FEMALE,TEST,Name12102,100,12102
2016,FEMALE,TEST,Name12103,100,12103
2016,FEMALE,TEST,Name12104,100,12104
2016,FEMALE,TEST,Name12105,100,12105
2016,FEMALE,TEST,Name12106,100,12106
2016,FEMALE,TEST,Name12107,100,12107
2016,FEMALE,TEST,Name12108,100,12108
2016,FEMALE,TEST,Name12109,100,12109
2016,FEMALE,TEST,Name12110,100,12110
2016,FEMALE,TEST,Name12111,100,12111
2016,FEMALE,TEST,Name12112,100,12112
2016,FEMALE,TEST,Name12113,100,12113
2016,FEMALE,TEST,Name12114,100,12114
2016,FEMALE,TEST,Name12115,100,12115
2016,FEMALE,TEST,Name12116,100,12116
2016,FEMALE,TEST,Name12117,100,12117
2016,FEMALE,TEST,Name12118,100,12118
2016,FEMALE,TEST,Name12119,100,12119
2016,FEMALE,TEST,Name12120,100,12120
2016,FEMALE,TEST,Name12121,100,12121
2016,FEMALE,TEST,Name12122,100,12122
2016,FEMALE,TEST,Name12123,100,12123
2016,FEMALE,TEST,Name12124,100,12124
2016,FEMALE,TEST,Name12125,100,12125
2016,FEMALE,TEST,Name12126,100,12126
2016,FEMALE,TEST,Name12127,100,12127
2016,FEMALE,TEST,Name12128,100,12128
2016,FEMALE,TEST,Name12129,100,12129
2016,FEMALE,TEST,Name12130,100,12130
2016,FEMALE,TEST,Name12131,100,12131
2016,FEMALE,TEST,Name12132,100,12132
2016,FEMALE,TEST,Name12133,100,12133
2016,FEMALE,TEST,Name12134,100,12134
2016,FEMALE,TEST,Name12135,100,12135
2016,FEMALE,TEST,Name12136,100,12136
2016,FEMALE,TEST,Name12137,100,12137
2016,FEMALE,TEST,Name12138,100,12138
2016,FEMALE,TEST,Name12139,100,12139
2016,FEMALE,TEST,Name12140,100,12140
2016,FEMALE,TEST,Name12141,100,12141
2016,FEMALE,TEST,Name12142,100,12142
2016,FEMALE,TEST,Name12143,100,12143
2016,FEMALE,TEST,Name12144,100,12144
2016,FEMALE,TEST,Name12145,100,12145
2016,FEMALE,TEST,Name12146,100,12146
2016,FEMALE,TEST,Name12147,100,12147
2016,FEMALE,TEST,Name12148,100,12148
2016,FEMALE,TEST,Name12149,100,12149
2016,FEMALE,TEST,Name12150,100,12150
2016,FEMALE,TEST,Name12151,100,12151
2016,FEMALE,TEST,Name12152,100,12152
2016,FEMALE,TEST,Name12153,100,12153
2016,FEMALE,TEST,Name12154,100,12154
2016,FEMALE,TEST,Name12155,100,12155
2016,FEMALE,TEST,Name12156,100,12156
2016,FEMALE,TEST,Name12157,100,12157
2016,FEMALE,TEST,Name12158,100,12158
2016,FEMALE,TEST,Name12159,100,12159
2016,FEMALE,TEST,Name12160,100,12160
2016,FEMALE,TEST,Name12161,100,12161
2016,FEMALE,TEST,Name12162,100,12162
2016,FEMALE,TEST,Name12163,100,12163
2016,FEMALE,TEST,Name12164,100,12164
2016,FEMALE,TEST,Name12165,100,12165
2016,FEMALE,TEST,Name12166,100,12166
2016,FEMALE,TEST,Name12167,100,12167
2016,FEMALE,TEST,Name12168,100,12168
2016,FEMALE,TEST,Name12169,100,12169
2016,FEMALE,TEST,Name12170,100,12170
2016,FEMALE,TEST,Name12171,100,12171
2016,FEMALE,TEST,Name12172,100,12172
2016,FEMALE,TEST,Name12173,100,12173
2016,FEMALE,TEST,Name12174,100,12174
2016,FEMALE,TEST,Name12175,100,12175
2016,FEMALE,TEST,Name12176,100,12176
2016,FEMALE,TEST,Name12177,100,12177
2016,FEMALE,TEST,Name12178,100,12178
2016,FEMALE,TEST,Name12179,100,12179
2016,FEMALE,TEST,Name12180,100,12180
2016,FEMALE,TEST,Name12181,100,12181
2016,FEMALE,TEST,Name12182,100,12182
2016,FEMALE,TEST,Name12183,100,12183
2016,FEMALE,TEST,Name12184,100,12184
2016,FEMALE,TEST,Name12185,100,12185
2016,FEMALE,TEST,Name12186,100,12186
2016,FEMALE,TEST,Name12187,100,12187
2016,FEMALE,TEST,Name12188,100,12188
2016,FEMALE,TEST,Name12189,100,12189
2016,FEMALE,TEST,Name12190,100,12190
2016,FEMALE,TEST,Name12191,100,12191
2016,FEMALE,TEST,Name12192,100,12192
2016,FEMALE,TEST,Name12193,100,12193
2016,FEMALE,TEST,Name12194,100,12194
2016,FEMALE,TEST,Name12195,100,12195
2016,FEMALE,TEST,Name12196,100,12196
2016,FEMALE,TEST,Name12197,100,12197
2016,FEMALE,TEST,Name12198,100,12198
2016,FEMALE,TEST,Name12199,100,12199
2016,FEMALE,TEST,Name12200,100,12200
2016,FEMALE,TEST,Name12201,100,12201
2016,FEMALE,TEST,Name12202,100,12202
2016,FEMALE,TEST,Name12203,100,12203
2016,FEMALE,TEST,Name12204,100,12204
2016,FEMALE,TEST,Name12205,100,12205
2016,FEMALE,TEST,Name12206,100,12206
2016,FEMALE,TEST,Name12207,100,12207
2016,FEMALE,TEST,Name12208,100,12208
2016,FEMALE,TEST,Name12209,100,12209
2016,FEMALE,TEST,Name12210,100,12210
2016,FEMALE,TEST,Name12211,100,12211
2016,FEMALE,TEST,Name12212,100,12212
2016,FEMALE,TEST,Name12213,100,12213
2016,FEMALE,TEST,Name12214,100,12214
2016,FEMALE,TEST,Name12215,100,12215
2016,FEMALE,TEST,Name12216,100,12216
2016,FEMALE,TEST,Name12217,100,12217
2016,FEMALE,TEST,Name12218,100,12218
2016,FEMALE,TEST,Name12219,100,12219
2016,FEMALE,TEST,Name12220,100,12220
2016,FEMALE,TEST,Name12221,100,12221
2016,FEMALE,TEST,Name12222,100,12222
2016,FEMALE,TEST,Name12223,100,12223
2016,FEMALE,TEST,Name12224,100,12224
2016,FEMALE,TEST,Name12225,100,12225
2016,FEMALE,TEST,Name12226,100,12226
2016,FEMALE,TEST,Name12227,100,12227
2016,FEMALE,TEST,Name12228,100,12228
2016,FEMALE,TEST,Name12229,100,12229
2016,FEMALE,TEST,Name12230,100,12230
2016,FEMALE,TEST,Name12231,100,12231
2016,FEMALE,TEST,Name12232,100,12232
2016,FEMALE,TEST,Name12233,100,12233
2016,FEMALE,TEST,Name12234,100,12234
2016,FEMALE,TEST,Name12235,100,12235
2016,FEMALE,TEST,Name12236,100,12236
2016,FEMALE,TEST,Name12237,100,12237
2016,FEMALE,TEST,Name12238,100,12238
2016,FEMALE,TEST,Name12239,100,12239
2016,FEMALE,TEST,Name12240,100,12240
2016,FEMALE,TEST,Name12241,100,12241
2016,FEMALE,TEST,Name12242,100,12242
2016,FEMALE,TEST,Name12243,100,12243
2016,FEMALE,TEST,Name12244,100,12244
2016,FEMALE,TEST,Name12245,100,12245
2016,FEMALE,TEST,Name12246,100,12246
2016,FEMALE,TEST,Name12247,100,12247
2016,FEMALE,TEST,Name12248,100,12248
2016,FEMALE,TEST,Name12249,100,12249
2016,FEMALE,TEST,Name12250,100,12250
2016,FEMALE,TEST,Name12251,100,12251
2016,FEMALE,TEST,Name12252,100,12252
2016,FEMALE,TEST,Name12253,100,12253
2016,FEMALE,TEST,Name12254,100,12254
2016,FEMALE,TEST,Name12255,100,12255
2016,FEMALE,TEST,Name12256,100,12256
2016,FEMALE,TEST,Name12257,100,12257
2016,FEMALE,TEST,Name12258,100,12258
2016,FEMALE,TEST,Name12259,100,12259
2016,FEMALE,TEST,Name12260,100,12260
2016,FEMALE,TEST,Name12261,100,12261
2016,FEMALE,TEST,Name12262,100,12262
2016,FEMALE,TEST,Name12263,100,12263
2016,FEMALE,TEST,Name12264,100,12264
2016,FEMALE,TEST,Name12265,100,12265
2016,FEMALE,TEST,Name12266,100,12266
2016,FEMALE,TEST,Name12267,100,12267
2016,FEMALE,TEST,Name12268,100,12268
2016,FEMALE,TEST,Name12269,100,12269
2016,FEMALE,TEST,Name12270,100,12270
2016,FEMALE,TEST,Name12271,100,12271
2016,FEMALE,TEST,Name12272,100,12272
2016,FEMALE,TEST,Name12273,100,12273
2016,FEMALE,TEST,Name12274,100,12274
2016,FEMALE,TEST,Name12275,100,12275
2016,FEMALE,TEST,Name12276,100,12276
2016,FEMALE,TEST,Name12277,100,12277
2016,FEMALE,TEST,Name12278,100,12278
2016,FEMALE,TEST,Name12279,100,12279
2016,FEMALE,TEST,Name12280,100,12280
2016,FEMALE,TEST,Name12281,100,12281
2016,FEMALE,TEST,Name12282,100,12282
2016,FEMALE,TEST,Name12283,100,12283
2016,FEMALE,TEST,Name12284,100,12284
2016,FEMALE,TEST,Name12285,100,12285
2016,FEMALE,TEST,Name12286,100,12286
2016,FEMALE,TEST,Name12287,100,12287
2016,FEMALE,TEST,Name12288,100,12288
2016,FEMALE,TEST,Name12289,100,12289
2016,FEMALE,TEST,Name12290,100,12290
2016,FEMALE,TEST,Name12291,100,12291
2016,FEMALE,TEST,Name12292,100,12292
2016,FEMALE,TEST,Name12293,100,12293
2016,FEMALE,TEST,Name12294,100,12294
2016,FEMALE,TEST,Name12295,100,12295
2016,FEMALE,TEST,Name12296,100,12296
2016,FEMALE,TEST,Name12297,100,12297
2016,FEMALE,TEST,Name12298,100,12298
2016,FEMALE,TEST,Name12299,100,12299
2016,FEMALE,TEST,Name12300,100,12300
2016,FEMALE,TEST,Name12301,100,12301
2016,FEMALE,TEST,Name12302,100,12302
2016,FEMALE,TEST,Name12303,100,12303
2016,FEMALE,TEST,Name12304,100,12304
2016,FEMALE,TEST,Name12305,100,12305
2016,FEMALE,TEST,Name12306,100,12306
2016,FEMALE,TEST,Name12307,100,12307
2016,FEMALE,TEST,Name12308,100,12308
2016,FEMALE,TEST,Name12309,100,12309
2016,FEMALE,TEST,Name12310,100,12310
2016,FEMALE,TEST,Name12311,100,12311
2016,FEMALE,TEST,Name12312,100,12312
2016,FEMALE,TEST,Name12313,100,12313
2016,FEMALE,TEST,Name12314,100,12314
2016,FEMALE,TEST,Name12315,100,12315
2016,FEMALE,TEST,Name12316,100,12316
2016,FEMALE,TEST,Name12317,100,12317
2016,FEMALE,TEST,Name12318,100,12318
2016,FEMALE,TEST,Name12319,100,12319
2016,FEMALE,TEST,Name12320,100,12320
2016,FEMALE,TEST,Name12321,100,12321
2016,FEMALE,TEST,Name12322,100,12322
2016,FEMALE,TEST,Name12323,100,12323
2016,FEMALE,TEST,Name12324,100,12324
2016,FEMALE,TEST,Name12325,100,12325
2016,FEMALE,TEST,Name12326,100,12326
2016,FEMALE,TEST,Name12327,100,12327
2016,FEMALE,TEST,Name12328,100,12328
2016,FEMALE,TEST,Name12329,100,12329
2016,FEMALE,TEST,Name12330,100,12330
2016,FEMALE,TEST,Name12331,100,12331
2016,FEMALE,TEST,Name12332,100,12332
2016,FEMALE,TEST,Name12333,100,12333
2016,FEMALE,TEST,Name12334,100,12334
2016,FEMALE,TEST,Name12335,100,12335
2016,FEMALE,TEST,Name12336,100,12336
2016,FEMALE,TEST,Name12337,100,12337
2016,FEMALE,TEST,Name12338,100,12338
2016,FEMALE,TEST,Name12339,100,12339
2016,FEMALE,TEST,Name12340,100,12340
2016,FEMALE,TEST,Name12341,100,12341
2016,FEMALE,TEST,Name12342,100,12342
2016,FEMALE,TEST,Name12343,100,12343
2016,FEMALE,TEST,Name12344,100,12344
2016,FEMALE,TEST,Name12345,100,12345
2016,FEMALE,TEST,Name12346,100,12346
2016,FEMALE,TEST,Name12347,100,12347
2016,FEMALE,TEST,Name12348,100,12348
2016,FEMALE,TEST,Name12349,100,12349
2016,FEMALE,TEST,Name12350,100,12350
2016,FEMALE,TEST,Name12351,100,12351
2016,FEMALE,TEST,Name12352,100,12352
2016,FEMALE,TEST,Name12353,100,12353
2016,FEMALE,TEST,Name12354,100,12354
2016,FEMALE,TEST,Name12355,100,12355
2016,FEMALE,TEST,Name12356,100,12356
2016,FEMALE,TEST,Name12357,100,12357
2016,FEMALE,TEST,Name12358,100,12358
2016,FEMALE,TEST,Name12359,100,12359
2016,FEMALE,TEST,Name12360,100,12360
2016,FEMALE,TEST,Name12361,100,12361
2016,FEMALE,TEST,Name12362,100,12362
2016,FEMALE,TEST,Name12363,100,12363
2016,FEMALE,TEST,Name12364,100,12364
2016,FEMALE,TEST,Name12365,100,12365
2016,FEMALE,TEST,Name12366,100,12366
2016,FEMALE,TEST,Name12367,100,12367
2016,FEMALE,TEST,Name12368,100,12368
2016,FEMALE,TEST,Name12369,100,12369
2016,FEMALE,TEST,Name12370,100,12370
2016,FEMALE,TEST,Name12371,100,12371
2016,FEMALE,TEST,Name12372,100,12372
2016,FEMALE,TEST,Name12373,100,12373
2016,FEMALE,TEST,Name12374,100,12374
2016,FEMALE,TEST,Name12375,100,12375
2016,FEMALE,TEST,Name12376,100,12376
2016,FEMALE,TEST,Name12377,100,12377
2016,FEMALE,TEST,Name12378,100,12378
2016,FEMALE,TEST,Name12379,100,12379
2016,FEMALE,TEST,Name12380,100,12380
2016,FEMALE,TEST,Name12381,100,12381
2016,FEMALE,TEST,Name12382,100,12382
2016,FEMALE,TEST,Name12383,100,12383
2016,FEMALE,TEST,Name12384,100,12384
2016,FEMALE,TEST,Name12385,100,12385
2016,FEMALE,TEST,Name12386,100,12386
2016,FEMALE,TEST,Name12387,100,12387
2016,FEMALE,TEST,Name12388,100,12388
2016,FEMALE,TEST,Name12389,100,12389
2016,FEMALE,TEST,Name12390,100,12390
2016,FEMALE,TEST,Name12391,100,12391
2016,FEMALE,TEST,Name12392,100,12392
2016,FEMALE,TEST,Name12393,100,12393
2016,FEMALE,TEST,Name12394,100,12394
2016,FEMALE,TEST,Name12395,100,12395
2016,FEMALE,TEST,Name12396,100,12396
2016,FEMALE,TEST,Name12397,100,12397
2016,FEMALE,TEST,Name12398,100,12398
2016,FEMALE,TEST,Name12399,100,12399
2016,FEMALE,TEST,Name12400,100,12400
2016,FEMALE,TEST,Name12401,100,12401
2016,FEMALE,TEST,Name12402,100,12402
2016,FEMALE,TEST,Name12403,100,12403
2016,FEMALE,TEST,Name12404,100,12404
2016,FEMALE,TEST,Name12405,100,12405
2016,FEMALE,TEST,Name12406,100,12406
2016,FEMALE,TEST,Name12407,100,12407
2016,FEMALE,TEST,Name12408,100,12408
2016,FEMALE,TEST,Name12409,100,12409
2016,FEMALE,TEST,Name12410,100,12410
2016,FEMALE,TEST,Name12411,100,12411
2016,FEMALE,TEST,Name12412,100,12412
2016,FEMALE,TEST,Name12413,100,12413
2016,FEMALE,TEST,Name12414,100,12414
2016,FEMALE,TEST,Name12415,100,12415
2016,FEMALE,TEST,Name12416,100,12416
2016,FEMALE,TEST,Name12417,100,12417
2016,FEMALE,TEST,Name12418,100,12418
2016,FEMALE,TEST,Name12419,100,12419
2016,FEMALE,TEST,Name12420,100,12420
2016,FEMALE,TEST,Name12421,100,12421
2016,FEMALE,TEST,Name12422,100,12422
2016,FEMALE,TEST,Name12423,100,12423
2016,FEMALE,TEST,Name12424,100,12424
2016,FEMALE,TEST,Name12425,100,12425
2016,FEMALE,TEST,Name12426,100,12426
2016,FEMALE,TEST,Name12427,100,12427
2016,FEMALE,TEST,Name12428,100,12428
2016,FEMALE,TEST,Name12429,100,12429
2016,FEMALE,TEST,Name12430,100,12430
2016,FEMALE,TEST,Name12431,100,12431
2016,FEMALE,TEST,Name12432,100,12432
2016,FEMALE,TEST,Name12433,100,12433
2016,FEMALE,TEST,Name12434,100,12434
2016,FEMALE,TEST,Name12435,100,12435
2016,FEMALE,TEST,Name12436,100,12436
2016,FEMALE,TEST,Name12437,100,12437
2016,FEMALE,TEST,Name12438,100,12438
2016,FEMALE,TEST,Name12439,100,12439
2016,FEMALE,TEST,Name12440,100,12440
2016,FEMALE,TEST,Name12441,100,12441
2016,FEMALE,TEST,Name12442,100,12442
2016,FEMALE,TEST,Name12443,100,12443
2016,FEMALE,TEST,Name12444,100,12444
2016,FEMALE,TEST,Name12445,100,12445
2016,FEMALE,TEST,Name12446,100,12446
2016,FEMALE,TEST,Name12447,100,12447
2016,FEMALE,TEST,Name12448,100,12448
2016,FEMALE,TEST,Name12449,100,12449
2016,FEMALE,TEST,Name12450,100,12450
2016,FEMALE,TEST,Name12451,100,12451
2016,FEMALE,TEST,Name12452,100,12452
2016,FEMALE,TEST,Name12453,100,12453
2016,FEMALE,TEST,Name12454,100,12454
2016,FEMALE,TEST,Name12455,100,12455
2016,FEMALE,TEST,Name12456,100,12456
2016,FEMALE,TEST,Name12457,100,12457
2016,FEMALE,TEST,Name12458,100,12458
2016,FEMALE,TEST,Name12459,100,12459
2016,FEMALE,TEST,Name12460,100,12460
2016,FEMALE,TEST,Name12461,100,12461
2016,FEMALE,TEST,Name12462,100,12462
2016,FEMALE,TEST,Name12463,100,12463
2016,FEMALE,TEST,Name12464,100,12464
2016,FEMALE,TEST,Name12465,100,12465
2016,FEMALE,TEST,Name12466,100,12466
2016,FEMALE,TEST,Name12467,100,12467
2016,FEMALE,TEST,Name12468,100,12468
2016,FEMALE,TEST,Name12469,100,12469
2016,FEMALE,TEST,Name12470,100,12470
2016,FEMALE,TEST,Name12471,100,12471
2016,FEMALE,TEST,Name12472,100,12472
2016,FEMALE,TEST,Name12473,100,12473
2016,FEMALE,TEST,Name12474,100,12474
2016,FEMALE,TEST,Name12475,100,12475
2016,FEMALE,TEST,Name12476,100,12476
2016,FEMALE,TEST,Name12477,100,12477
2016,FEMALE,TEST,Name12478,100,12478
2016,FEMALE,TEST,Name12479,100,12479
2016,FEMALE,TEST,Name12480,100,12480
2016,FEMALE,TEST,Name12481,100,12481
2016,FEMALE,TEST,Name12482,100,12482
2016,FEMALE,TEST,Name12483,100,12483
2016,FEMALE,TEST,Name12484,100,12484
2016,FEMALE,TEST,Name12485,100,12485
2016,FEMALE,TEST,Name12486,100,12486
2016,FEMALE,TEST,Name12487,100,12487
2016,FEMALE,TEST,Name12488,100,12488
2016,FEMALE,TEST,Name12489,100,12489
2016,FEMALE,TEST,Name12490,100,12490
2016,FEMALE,TEST,Name12491,100,12491
2016,FEMALE,TEST,Name12492,100,12492
2016,FEMALE,TEST,Name12493,100,12493
2016,FEMALE,TEST,Name12494,100,12494
2016,FEMALE,TEST,Name12495,100,12495
2016,FEMALE,TEST,Name12496,100,12496
2016,FEMALE,TEST,Name12497,100,12497
2016,FEMALE,TEST,Name12498,100,12498
2016,FEMALE,TEST,Name12499,100,12499
2016,FEMALE,TEST,Name12500,100,12500
2016,FEMALE,TEST,Name12501,100,12501
2016,FEMALE,TEST,Name12502,100,12502
2016,FEMALE,TEST,Name12503,100,12503
2016,FEMALE,TEST,Name12504,100,12504
2016,FEMALE,TEST,Name12505,100,12505
2016,FEMALE,TEST,Name12506,100,12506
2016,FEMALE,TEST,Name12507,100,12507
2016,FEMALE,TEST,Name12508,100,12508
2016,FEMALE,TEST,Name12509,100,12509
2016,FEMALE,TEST,Name12510,100,12510
2016,FEMALE,TEST,Name12511,100,12511
2016,FEMALE,TEST,Name12512,100,12512
2016,FEMALE,TEST,Name12513,100,12513
2016,FEMALE,TEST,Name12514,100,12514
2016,FEMALE,TEST,Name12515,100,12515
2016,FEMALE,TEST,Name12516,100,12516
2016,FEMALE,TEST,Name12517,100,12517
2016,FEMALE,TEST,Name12518,100,12518
2016,FEMALE,TEST,Name12519,100,12519
2016,FEMALE,TEST,Name12520,100,12520
2016,FEMALE,TEST,Name12521,100,12521
2016,FEMALE,TEST,Name12522,100,12522
2016,FEMALE,TEST,Name12523,100,12523
2016,FEMALE,TEST,Name12524,100,12524
2016,FEMALE,TEST,Name12525,100,12525
2016,FEMALE,TEST,Name12526,100,12526
2016,FEMALE,TEST,Name12527,100,12527
2016,FEMALE,TEST,Name12528,100,12528
2016,FEMALE,TEST,Name12529,100,12529
2016,FEMALE,TEST,Name12530,100,12530
2016,FEMALE,TEST,Name12531,100,12531
2016,FEMALE,TEST,Name12532,100,12532
2016,FEMALE,TEST,Name12533,100,12533
2016,FEMALE,TEST,Name12534,100,12534
2016,FEMALE,TEST,Name12535,100,12535
2016,FEMALE,TEST,Name12536,100,12536
2016,FEMALE,TEST,Name12537,100,12537
2016,FEMALE,TEST,Name12538,100,12538
2016,FEMALE,TEST,Name12539,100,12539
2016,FEMALE,TEST,Name12540,100,12540
2016,FEMALE,TEST,Name12541,100,12541
2016,FEMALE,TEST,Name12542,100,12542
2016,FEMALE,TEST,Name12543,100,12543
2016,FEMALE,TEST,Name12544,100,12544
2016,FEMALE,TEST,Name12545,100,12545
2016,FEMALE,TEST,Name12546,100,12546
2016,FEMALE,TEST,Name12547,100,12547
2016,FEMALE,TEST,Name12548,100,12548
2016,FEMALE,TEST,Name12549,100,12549
2016,FEMALE,TEST,Name12550,100,12550
2016,FEMALE,TEST,Name12551,100,12551
2016,FEMALE,TEST,Name12552,100,12552
2016,FEMALE,TEST,Name12553,100,12553
2016,FEMALE,TEST,Name12554,100,12554
2016,FEMALE,TEST,Name12555,100,12555
2016,FEMALE,TEST,Name12556,100,12556
2016,FEMALE,TEST,Name12557,100,12557
2016,FEMALE,TEST,Name12558,100,12558
2016,FEMALE,TEST,Name12559,100,12559
2016,FEMALE,TEST,Name12560,100,12560
2016,FEMALE,TEST,Name12561,100,12561
2016,FEMALE,TEST,Name12562,100,12562
2016,FEMALE,TEST,Name12563,100,12563
2016,FEMALE,TEST,Name12564,100,12564
2016,FEMALE,TEST,Name12565,100,12565
2016,FEMALE,TEST,Name12566,100,12566
2016,FEMALE,TEST,Name12567,100,12567
2016,FEMALE,TEST,Name12568,100,12568
2016,FEMALE,TEST,Name12569,100,12569
2016,FEMALE,TEST,Name12570,100,12570
2016,FEMALE,TEST,Name12571,100,12571
2016,FEMALE,TEST,Name12572,100,12572
2016,FEMALE,TEST,Name12573,100,12573
2016,FEMALE,TEST,Name12574,100,12574
2016,FEMALE,TEST,Name12575,100,12575
2016,FEMALE,TEST,Name12576,100,12576
2016,FEMALE,TEST,Name12577,100,12577
2016,FEMALE,TEST,Name12578,100,12578
2016,FEMALE,TEST,Name12579,100,12579
2016,FEMALE,TEST,Name12580,100,12580
2016,FEMALE,TEST,Name12581,100,12581
2016,FEMALE,TEST,Name12582,100,12582
2016,FEMALE,TEST,Name12583,100,12583
2016,FEMALE,TEST,Name12584,100,12584
2016,FEMALE,TEST,Name12585,100,12585
2016,FEMALE,TEST,Name12586,100,12586
2016,FEMALE,TEST,Name12587,100,12587
2016,FEMALE,TEST,Name12588,100,12588
2016,FEMALE,TEST,Name12589,100,12589
2016,FEMALE,TEST,Name12590,100,12590
2016,FEMALE,TEST,Name12591,100,12591
2016,FEMALE,TEST,Name12592,100,12592
2016,FEMALE,TEST,Name12593,100,12593
2016,FEMALE,TEST,Name12594,100,12594
2016,FEMALE,TEST,Name12595,100,12595
2016,FEMALE,TEST,Name12596,100,12596
2016,FEMALE,TEST,Name12597,100,12597
2016,FEMALE,TEST,Name12598,100,12598
2016,FEMALE,TEST,Name12599,100,12599
2016,FEMALE,TEST,Name12600,100,12600
2016,FEMALE,TEST,Name12601,100,12601
2016,FEMALE,TEST,Name12602,100,12602
2016,FEMALE,TEST,Name12603,100,12603
2016,FEMALE,TEST,Name12604,100,12604
2016,FEMALE,TEST,Name12605,100,12605
2016,FEMALE,TEST,Name12606,100,12606
2016,FEMALE,TEST,Name12607,100,12607
2016,FEMALE,TEST,Name12608,100,12608
2016,FEMALE,TEST,Name12609,100,12609
2016,FEMALE,TEST,Name12610,100,12610
2016,FEMALE,TEST,Name12611,100,12611
2016,FEMALE,TEST,Name12612,100,12612
2016,FEMALE,TEST,Name12613,100,12613
2016,FEMALE,TEST,Name12614,100,12614
2016,FEMALE,TEST,Name12615,100,12615
2016,FEMALE,TEST,Name12616,100,12616
2016,FEMALE,TEST,Name12617,100,12617
2016,FEMALE,TEST,Name12618,100,12618
2016,FEMALE,TEST,Name12619,100,12619
2016,FEMALE,TEST,Name12620,100,12620
2016,FEMALE,TEST,Name12621,100,12621
2016,FEMALE,TEST,Name12622,100,12622
2016,FEMALE,TEST,Name12623,100,12623
2016,FEMALE,TEST,Name12624,100,12624
2016,FEMALE,TEST,Name12625,100,12625
2016,FEMALE,TEST,Name12626,100,12626
2016,FEMALE,TEST,Name12627,100,12627
2016,FEMALE,TEST,Name12628,100,12628
2016,FEMALE,TEST,Name12629,100,12629
2016,FEMALE,TEST,Name12630,100,12630
2016,FEMALE,TEST,Name12631,100,12631
2016,FEMALE,TEST,Name12632,100,12632
2016,FEMALE,TEST,Name12633,100,12633
2016,FEMALE,TEST,Name12634,100,12634
2016,FEMALE,TEST,Name12635,100,12635
2016,FEMALE,TEST,Name12636,100,12636
2016,FEMALE,TEST,Name12637,100,12637
2016,FEMALE,TEST,Name12638,100,12638
2016,FEMALE,TEST,Name12639,100,12639
2016,FEMALE,TEST,Name12640,100,12640
2016,FEMALE,TEST,Name12641,100,12641
2016,FEMALE,TEST,Name12642,100,12642
2016,FEMALE,TEST,Name12643,100,12643
2016,FEMALE,TEST,Name12644,100,12644
2016,FEMALE,TEST,Name12645,100,12645
2016,FEMALE,TEST,Name12646,100,12646
2016,FEMALE,TEST,Name12647,100,12647
2016,FEMALE,TEST,Name12648,100,12648
2016,FEMALE,TEST,Name12649,100,12649
2016,FEMALE,TEST,Name12650,100,12650
2016,FEMALE,TEST,Name12651,100,12651
2016,FEMALE,TEST,Name12652,100,12652
2016,FEMALE,TEST,Name12653,100,12653
2016,FEMALE,TEST,Name12654,100,12654
2016,FEMALE,TEST,Name12655,100,12655
2016,FEMALE,TEST,Name12656,100,12656
2016,FEMALE,TEST,Name12657,100,12657
2016,FEMALE,TEST,Name12658,100,12658
2016,FEMALE,TEST,Name12659,100,12659
2016,FEMALE,TEST,Name12660,100,12660
2016,FEMALE,TEST,Name12661,100,12661
2016,FEMALE,TEST,Name12662,100,12662
2016,FEMALE,TEST,Name12663,100,12663
2016,FEMALE,TEST,Name12664,100,12664
2016,FEMALE,TEST,Name12665,100,12665
2016,FEMALE,TEST,Name12666,100,12666
2016,FEMALE,TEST,Name12667,100,12667
2016,FEMALE,TEST,Name12668,100,12668
2016,FEMALE,TEST,Name12669,100,12669
2016,FEMALE,TEST,Name12670,100,12670
2016,FEMALE,TEST,Name12671,100,12671
2016,FEMALE,TEST,Name12672,100,12672
2016,FEMALE,TEST,Name12673,100,12673
2016,FEMALE,TEST,Name12674,100,12674
2016,FEMALE,TEST,Name12675,100,12675
2016,FEMALE,TEST,Name12676,100,12676
2016,FEMALE,TEST,Name12677,100,12677
2016,FEMALE,TEST,Name12678,100,12678
2016,FEMALE,TEST,Name12679,100,12679
2016,FEMALE,TEST,Name12680,100,12680
2016,FEMALE,TEST,Name12681,100,12681
2016,FEMALE,TEST,Name12682,100,12682
2016,FEMALE,TEST,Name12683,100,12683
2016,FEMALE,TEST,Name12684,100,12684
2016,FEMALE,TEST,Name12685,100,12685
2016,FEMALE,TEST,Name12686,100,12686
2016,FEMALE,TEST,Name12687,100,12687
2016,FEMALE,TEST,Name12688,100,12688
2016,FEMALE,TEST,Name12689,100,12689
2016,FEMALE,TEST,Name12690,100,12690
2016,FEMALE,TEST,Name12691,100,12691
2016,FEMALE,TEST,Name12692,100,12692
2016,FEMALE,TEST,Name12693,100,12693
2016,FEMALE,TEST,Name12694,100,12694
2016,FEMALE,TEST,Name12695,100,12695
2016,FEMALE,TEST,Name12696,100,12696
2016,FEMALE,TEST,Name12697,100,12697
2016,FEMALE,TEST,Name12698,100,12698
2016,FEMALE,TEST,Name12699,100,12699
2016,FEMALE,TEST,Name12700,100,12700
2016,FEMALE,TEST,Name12701,100,12701
2016,FEMALE,TEST,Name12702,100,12702
2016,FEMALE,TEST,Name12703,100,12703
2016,FEMALE,TEST,Name12704,100,12704
2016,FEMALE,TEST,Name12705,100,12705
2016,FEMALE,TEST,Name12706,100,12706
2016,FEMALE,TEST,Name12707,100,12707
2016,FEMALE,TEST,Name12708,100,12708
2016,FEMALE,TEST,Name12709,100,12709
2016,FEMALE,TEST,Name12710,100,12710
2016,FEMALE,TEST,Name12711,100,12711
2016,FEMALE,TEST,Name12712,100,12712
2016,FEMALE,TEST,Name12713,100,12713
2016,FEMALE,TEST,Name12714,100,12714
2016,FEMALE,TEST,Name12715,100,12715
2016,FEMALE,TEST,Name12716,100,12716
2016,FEMALE,TEST,Name12717,100,12717
2016,FEMALE,TEST,Name12718,100,12718
2016,FEMALE,TEST,Name12719,100,12719
2016,FEMALE,TEST,Name12720,100,12720
2016,FEMALE,TEST,Name12721,100,12721
2016,FEMALE,TEST,Name12722,100,12722
2016,FEMALE,TEST,Name12723,100,12723
2016,FEMALE,TEST,Name12724,100,12724
2016,FEMALE,TEST,Name12725,100,12725
2016,FEMALE,TEST,Name12726,100,12726
2016,FEMALE,TEST,Name12727,100,12727
2016,FEMALE,TEST,Name12728,100,12728
2016,FEMALE,TEST,Name12729,100,12729
2016,FEMALE,TEST,Name12730,100,12730
2016,FEMALE,TEST,Name12731,100,12731
2016,FEMALE,TEST,Name12732,100,12732
2016,FEMALE,TEST,Name12733,100,12733
2016,FEMALE,TEST,Name12734,100,12734
2016,FEMALE,TEST,Name12735,100,12735
2016,FEMALE,TEST,Name12736,100,12736
2016,FEMALE,TEST,Name12737,100,12737
2016,FEMALE,TEST,Name12738,100,12738
2016,FEMALE,TEST,Name12739,100,12739
2016,FEMALE,TEST,Name12740,100,12740
2016,FEMALE,TEST,Name12741,100,12741
2016,FEMALE,TEST,Name12742,100,12742
2016,FEMALE,TEST,Name12743,100,12743
2016,FEMALE,TEST,Name12744,100,12744
2016,FEMALE,TEST,Name12745,100,12745
2016,FEMALE,TEST,Name12746,100,12746
2016,FEMALE,TEST,Name12747,100,12747
2016,FEMALE,TEST,Name12748,100,12748
2016,FEMALE,TEST,Name12749,100,12749
2016,FEMALE,TEST,Name12750,100,12750
2016,FEMALE,TEST,Name12751,100,12751
2016,FEMALE,TEST,Name12752,100,12752
2016,FEMALE,TEST,Name12753,100,12753
2016,FEMALE,TEST,Name12754,100,12754
2016,FEMALE,TEST,Name12755,100,12755
2016,FEMALE,TEST,Name12756,100,12756
2016,FEMALE,TEST,Name12757,100,12757
2016,FEMALE,TEST,Name12758,100,12758
2016,FEMALE,TEST,Name12759,100,12759
2016,FEMALE,TEST,Name12760,100,12760
2016,FEMALE,TEST,Name12761,100,12761
2016,FEMALE,TEST,Name12762,100,12762
2016,FEMALE,TEST,Name12763,100,12763
2016,FEMALE,TEST,Name12764,100,12764
2016,FEMALE,TEST,Name12765,100,12765
2016,FEMALE,TEST,Name12766,100,12766
2016,FEMALE,TEST,Name12767,100,12767
2016,FEMALE,TEST,Name12768,100,12768
2016,FEMALE,TEST,Name12769,100,12769
2016,FEMALE,TEST,Name12770,100,12770
2016,FEMALE,TEST,Name12771,100,12771
2016,FEMALE,TEST,Name12772,100,12772
2016,FEMALE,TEST,Name12773,100,12773
2016,FEMALE,TEST,Name12774,100,12774
2016,FEMALE,TEST,Name12775,100,12775
2016,FEMALE,TEST,Name12776,100,12776
2016,FEMALE,TEST,Name12777,100,12777
2016,FEMALE,TEST,Name12778,100,12778
2016,FEMALE,TEST,Name12779,100,12779
2016,FEMALE,TEST,Name12780,100,12780
2016,FEMALE,TEST,Name12781,100,12781
2016,FEMALE,TEST,Name12782,100,12782
2016,FEMALE,TEST,Name12783,100,12783
2016,FEMALE,TEST,Name12784,100,12784
2016,FEMALE,TEST,Name12785,100,12785
2016,FEMALE,TEST,Name12786,100,12786
2016,FEMALE,TEST,Name12787,100,12787
2016,FEMALE,TEST,Name12788,100,12788
2016,FEMALE,TEST,Name12789,100,12789
2016,FEMALE,TEST,Name12790,100,12790
2016,FEMALE,TEST,Name12791,100,12791
2016,FEMALE,TEST,Name12792,100,12792
2016,FEMALE,TEST,Name12793,100,12793
2016,FEMALE,TEST,Name12794,100,12794
2016,FEMALE,TEST,Name12795,100,12795
2016,FEMALE,TEST,Name12796,100,12796
2016,FEMALE,TEST,Name12797,100,12797
2016,FEMALE,TEST,Name12798,100,12798
2016,FEMALE,TEST,Name12799,100,12799
2016,FEMALE,TEST,Name12800,100,12800
2016,FEMALE,TEST,Name12801,100,12801
2016,FEMALE,TEST,Name12802,100,12802
2016,FEMALE,TEST,Name12803,100,12803
2016,FEMALE,TEST,Name12804,100,12804
2016,FEMALE,TEST,Name12805,100,12805
2016,FEMALE,TEST,Name12806,100,12806
2016,FEMALE,TEST,Name12807,100,12807
2016,FEMALE,TEST,Name12808,100,12808
2016,FEMALE,TEST,Name12809,100,12809
2016,FEMALE,TEST,Name12810,100,12810
2016,FEMALE,TEST,Name12811,100,12811
2016,FEMALE,TEST,Name12812,100,12812
2016,FEMALE,TEST,Name12813,100,12813
2016,FEMALE,TEST,Name12814,100,12814
2016,FEMALE,TEST,Name12815,100,12815
2016,FEMALE,TEST,Name12816,100,12816
2016,FEMALE,TEST,Name12817,100,12817
2016,FEMALE,TEST,Name12818,100,12818
2016,FEMALE,TEST,Name12819,100,12819
2016,FEMALE,TEST,Name12820,100,12820
2016,FEMALE,TEST,Name12821,100,12821
2016,FEMALE,TEST,Name12822,100,12822
2016,FEMALE,TEST,Name12823,100,12823
2016,FEMALE,TEST,Name12824,100,12824
2016,FEMALE,TEST,Name12825,100,12825
2016,FEMALE,TEST,Name12826,100,12826
2016,FEMALE,TEST,Name12827,100,12827
2016,FEMALE,TEST,Name12828,100,12828
2016,FEMALE,TEST,Name12829,100,12829
2016,FEMALE,TEST,Name12830,100,12830
2016,FEMALE,TEST,Name12831,100,12831
2016,FEMALE,TEST,Name12832,100,12832
2016,FEMALE,TEST,Name12833,100,12833
2016,FEMALE,TEST,Name12834,100,12834
2016,FEMALE,TEST,Name12835,100,12835
2016,FEMALE,TEST,Name12836,100,12836
2016,FEMALE,TEST,Name12837,100,12837
2016,FEMALE,TEST,Name12838,100,12838
2016,FEMALE,TEST,Name12839,100,12839
2016,FEMALE,TEST,Name12840,100,12840
2016,FEMALE,TEST,Name12841,100,12841
2016,FEMALE,TEST,Name12842,100,12842
2016,FEMALE,TEST,Name12843,100,12843
2016,FEMALE,TEST,Name12844,100,12844
2016,FEMALE,TEST,Name12845,100,12845
2016,FEMALE,TEST,Name12846,100,12846
2016,FEMALE,TEST,Name12847,100,12847
2016,FEMALE,TEST,Name12848,100,12848
2016,FEMALE,TEST,Name12849,100,12849
2016,FEMALE,TEST,Name12850,100,12850
2016,FEMALE,TEST,Name12851,100,12851
2016,FEMALE,TEST,Name12852,100,12852
2016,FEMALE,TEST,Name12853,100,12853
2016,FEMALE,TEST,Name12854,100,12854
2016,FEMALE,TEST,Name12855,100,12855
2016,FEMALE,TEST,Name12856,100,12856
2016,FEMALE,TEST,Name12857,100,12857
2016,FEMALE,TEST,Name12858,100,12858
2016,FEMALE,TEST,Name12859,100,12859
2016,FEMALE,TEST,Name12860,100,12860
2016,FEMALE,TEST,Name12861,100,12861
2016,FEMALE,TEST,Name12862,100,12862
2016,FEMALE,TEST,Name12863,100,12863
2016,FEMALE,TEST,Name12864,100,12864
2016,FEMALE,TEST,Name12865,100,12865
2016,FEMALE,TEST,Name12866,100,12866
2016,FEMALE,TEST,Name12867,100,12867
2016,FEMALE,TEST,Name12868,100,12868
2016,FEMALE,TEST,Name12869,100,12869
2016,FEMALE,TEST,Name12870,100,12870
2016,FEMALE,TEST,Name12871,100,12871
2016,FEMALE,TEST,Name12872,100,12872
2016,FEMALE,TEST,Name12873,100,12873
2016,FEMALE,TEST,Name12874,100,12874
2016,FEMALE,TEST,Name12875,100,12875
2016,FEMALE,TEST,Name12876,100,12876
2016,FEMALE,TEST,Name12877,100,12877
2016,FEMALE,TEST,Name12878,100,12878
2016,FEMALE,TEST,Name12879,100,12879
2016,FEMALE,TEST,Name12880,100,12880
2016,FEMALE,TEST,Name12881,100,12881
2016,FEMALE,TEST,Name12882,100,12882
2016,FEMALE,TEST,Name12883,100,12883
2016,FEMALE,TEST,Name12884,100,12884
2016,FEMALE,TEST,Name12885,100,12885
2016,FEMALE,TEST,Name12886,100,12886
2016,FEMALE,TEST,Name12887,100,12887
2016,FEMALE,TEST,Name12888,100,12888
2016,FEMALE,TEST,Name12889,100,12889
2016,FEMALE,TEST,Name12890,100,12890
2016,FEMALE,TEST,Name12891,100,12891
2016,FEMALE,TEST,Name12892,100,12892
2016,FEMALE,TEST,Name12893,100,12893
2016,FEMALE,TEST,Name12894,100,12894
2016,FEMALE,TEST,Name12895,100,12895
2016,FEMALE,TEST,Name12896,100,12896
2016,FEMALE,TEST,Name12897,100,12897
2016,FEMALE,TEST,Name12898,100,12898
2016,FEMALE,TEST,Name12899,100,12899
2016,FEMALE,TEST,Name12900,100,12900
2016,FEMALE,TEST,Name12901,100,12901
2016,FEMALE,TEST,Name12902,100,12902
2016,FEMALE,TEST,Name12903,100,12903
2016,FEMALE,TEST,Name12904,100,12904
2016,FEMALE,TEST,Name12905,100,12905
2016,FEMALE,TEST,Name12906,100,12906
2016,FEMALE,TEST,Name12907,100,12907
2016,FEMALE,TEST,Name12908,100,12908
2016,FEMALE,TEST,Name12909,100,12909
2016,FEMALE,TEST,Name12910,100,12910
2016,FEMALE,TEST,Name12911,100,12911
2016,FEMALE,TEST,Name12912,100,12912
2016,FEMALE,TEST,Name12913,100,12913
2016,FEMALE,TEST,Name12914,100,12914
2016,FEMALE,TEST,Name12915,100,12915
2016,FEMALE,TEST,Name12916,100,12916
2016,FEMALE,TEST,Name12917,100,12917
2016,FEMALE,TEST,Name12918,100,12918
2016,FEMALE,TEST,Name12919,100,12919
2016,FEMALE,TEST,Name12920,100,12920
2016,FEMALE,TEST,Name12921,100,12921
2016,FEMALE,TEST,Name12922,100,12922
2016,FEMALE,TEST,Name12923,100,12923
2016,FEMALE,TEST,Name12924,100,12924
2016,FEMALE,TEST,Name12925,100,12925
2016,FEMALE,TEST,Name12926,100,12926
2016,FEMALE,TEST,Name12927,100,12927
2016,FEMALE,TEST,Name12928,100,12928
2016,FEMALE,TEST,Name12929,100,12929
2016,FEMALE,TEST,Name12930,100,12930
2016,FEMALE,TEST,Name12931,100,12931
2016,FEMALE,TEST,Name12932,100,12932
2016,FEMALE,TEST,Name12933,100,12933
2016,FEMALE,TEST,Name12934,100,12934
2016,FEMALE,TEST,Name12935,100,12935
2016,FEMALE,TEST,Name12936,100,12936
2016,FEMALE,TEST,Name12937,100,12937
2016,FEMALE,TEST,Name12938,100,12938
2016,FEMALE,TEST,Name12939,100,12939
2016,FEMALE,TEST,Name12940,100,12940
2016,FEMALE,TEST,Name12941,100,12941
2016,FEMALE,TEST,Name12942,100,12942
2016,FEMALE,TEST,Name12943,100,12943
2016,FEMALE,TEST,Name12944,100,12944
2016,FEMALE,TEST,Name12945,100,12945
2016,FEMALE,TEST,Name12946,100,12946
2016,FEMALE,TEST,Name12947,100,12947
2016,FEMALE,TEST,Name12948,100,12948
2016,FEMALE,TEST,Name12949,100,12949
2016,FEMALE,TEST,Name12950,100,12950
2016,FEMALE,TEST,Name12951,100,12951
2016,FEMALE,TEST,Name12952,100,12952
2016,FEMALE,TEST,Name12953,100,12953
2016,FEMALE,TEST,Name12954,100,12954
2016,FEMALE,TEST,Name12955,100,12955
2016,FEMALE,TEST,Name12956,100,12956
2016,FEMALE,TEST,Name12957,100,12957
2016,FEMALE,TEST,Name12958,100,12958
2016,FEMALE,TEST,Name12959,100,12959
2016,FEMALE,TEST,Name12960,100,12960
2016,FEMALE,TEST,Name12961,100,12961
2016,FEMALE,TEST,Name12962,100,12962
2016,FEMALE,TEST,Name12963,100,12963
2016,FEMALE,TEST,Name12964,100,12964
2016,FEMALE,TEST,Name12965,100,12965
2016,FEMALE,TEST,Name12966,100,12966
2016,FEMALE,TEST,Name12967,100,12967
2016,FEMALE,TEST,Name12968,100,12968
2016,FEMALE,TEST,Name12969,100,12969
2016,FEMALE,TEST,Name12970,100,12970
2016,FEMALE,TEST,Name12971,100,12971
2016,FEMALE,TEST,Name12972,100,12972
2016,FEMALE,TEST,Name12973,100,12973
2016,FEMALE,TEST,Name12974,100,12974
2016,FEMALE,TEST,Name12975,100,12975
2016,FEMALE,TEST,Name12976,100,12976
2016,FEMALE,TEST,Name12977,100,12977
2016,FEMALE,TEST,Name12978,100,12978
2016,FEMALE,TEST,Name12979,100,12979
2016,FEMALE,TEST,Name12980,100,12980
2016,FEMALE,TEST,Name12981,100,12981
2016,FEMALE,TEST,Name12982,100,12982
2016,FEMALE,TEST,Name12983,100,12983
2016,FEMALE,TEST,Name12984,100,12984
2016,FEMALE,TEST,Name12985,100,12985
2016,FEMALE,TEST,Name12986,100,12986
2016,FEMALE,TEST,Name12987,100,12987
2016,FEMALE,TEST,Name12988,100,12988
2016,FEMALE,TEST,Name12989,100,12989
2016,FEMALE,TEST,Name12990,100,12990
2016,FEMALE,TEST,Name12991,100,12991
2016,FEMALE,TEST,Name12992,100,12992
2016,FEMALE,TEST,Name12993,100,12993
2016,FEMALE,TEST,Name12994,100,12994
2016,FEMALE,TEST,Name12995,100,12995
2016,FEMALE,TEST,Name12996,100,12996
2016,FEMALE,TEST,Name12997,100,12997
2016,FEMALE,TEST,Name12998,100,12998
2016,FEMALE,TEST,Name12999,100,12999
2016,FEMALE,TEST,Name13000,100,13000
2016,FEMALE,TEST,Name13001,100,13001
2016,FEMALE,TEST,Name13002,100,13002
2016,FEMALE,TEST,Name13003,100,13003
2016,FEMALE,TEST,Name13004,100,13004
2016,FEMALE,TEST,Name13005,100,13005
2016,FEMALE,TEST,Name13006,100,13006
2016,FEMALE,TEST,Name13007,100,13007
2016,FEMALE,TEST,Name13008,100,13008
2016,FEMALE,TEST,Name13009,100,13009
2016,FEMALE,TEST,Name13010,100,13010
2016,FEMALE,TEST,Name13011,100,13011
2016,FEMALE,TEST,Name13012,100,13012
2016,FEMALE,TEST,Name13013,100,13013
2016,FEMALE,TEST,Name13014,100,13014
2016,FEMALE,TEST,Name13015,100,13015
2016,FEMALE,TEST,Name13016,100,13016
2016,FEMALE,TEST,Name13017,100,13017
2016,FEMALE,TEST,Name13018,100,13018
2016,FEMALE,TEST,Name13019,100,13019
2016,FEMALE,TEST,Name13020,100,13020
2016,FEMALE,TEST,Name13021,100,13021
2016,FEMALE,TEST,Name13022,100,13022
2016,FEMALE,TEST,Name13023,100,13023
2016,FEMALE,TEST,Name13024,100,13024
2016,FEMALE,TEST,Name13025,100,13025
2016,FEMALE,TEST,Name13026,100,13026
2016,FEMALE,TEST,Name13027,100,13027
2016,FEMALE,TEST,Name13028,100,13028
2016,FEMALE,TEST,Name13029,100,13029
2016,FEMALE,TEST,Name13030,100,13030
2016,FEMALE,TEST,Name13031,100,13031
2016,FEMALE,TEST,Name13032,100,13032
2016,FEMALE,TEST,Name13033,100,13033
2016,FEMALE,TEST,Name13034,100,13034
2016,FEMALE,TEST,Name13035,100,13035
2016,FEMALE,TEST,Name13036,100,13036
2016,FEMALE,TEST,Name13037,100,13037
2016,FEMALE,TEST,Name13038,100,13038
2016,FEMALE,TEST,Name13039,100,13039
2016,FEMALE,TEST,Name13040,100,13040
2016,FEMALE,TEST,Name13041,100,13041
2016,FEMALE,TEST,Name13042,100,13042
2016,FEMALE,TEST,Name13043,100,13043
2016,FEMALE,TEST,Name13044,100,13044
2016,FEMALE,TEST,Name13045,100,13045
2016,FEMALE,TEST,Name13046,100,13046
2016,FEMALE,TEST,Name13047,100,13047
2016,FEMALE,TEST,Name13048,100,13048
2016,FEMALE,TEST,Name13049,100,13049
2016,FEMALE,TEST,Name13050,100,13050
2016,FEMALE,TEST,Name13051,100,13051
2016,FEMALE,TEST,Name13052,100,13052
2016,FEMALE,TEST,Name13053,100,13053
2016,FEMALE,TEST,Name13054,100,13054
2016,FEMALE,TEST,Name13055,100,13055
2016,FEMALE,TEST,Name13056,100,13056
2016,FEMALE,TEST,Name13057,100,13057
2016,FEMALE,TEST,Name13058,100,13058
2016,FEMALE,TEST,Name13059,100,13059
2016,FEMALE,TEST,Name13060,100,13060
2016,FEMALE,TEST,Name13061,100,13061
2016,FEMALE,TEST,Name13062,100,13062
2016,FEMALE,TEST,Name13063,100,13063
2016,FEMALE,TEST,Name13064,100,13064
2016,FEMALE,TEST,Name13065,100,13065
2016,FEMALE,TEST,Name13066,100,13066
2016,FEMALE,TEST,Name13067,100,13067
2016,FEMALE,TEST,Name13068,100,13068
2016,FEMALE,TEST,Name13069,100,13069
2016,FEMALE,TEST,Name13070,100,13070
2016,FEMALE,TEST,Name13071,100,13071
2016,FEMALE,TEST,Name13072,100,13072
2016,FEMALE,TEST,Name13073,100,13073
2016,FEMALE,TEST,Name13074,100,13074
2016,FEMALE,TEST,Name13075,100,13075
2016,FEMALE,TEST,Name13076,100,13076
2016,FEMALE,TEST,Name13077,100,13077
2016,FEMALE,TEST,Name13078,100,13078
2016,FEMALE,TEST,Name13079,100,13079
2016,FEMALE,TEST,Name13080,100,13080
2016,FEMALE,TEST,Name13081,100,13081
2016,FEMALE,TEST,Name13082,100,13082
2016,FEMALE,TEST,Name13083,100,13083
2016,FEMALE,TEST,Name13084,100,13084
2016,FEMALE,TEST,Name13085,100,13085
2016,FEMALE,TEST,Name13086,100,13086
2016,FEMALE,TEST,Name13087,100,13087
2016,FEMALE,TEST,Name13088,100,13088
2016,FEMALE,TEST,Name13089,100,13089
2016,FEMALE,TEST,Name13090,100,13090
2016,FEMALE,TEST,Name13091,100,13091
2016,FEMALE,TEST,Name13092,100,13092
2016,FEMALE,TEST,Name13093,100,13093
2016,FEMALE,TEST,Name13094,100,13094
2016,FEMALE,TEST,Name13095,100,13095
2016,FEMALE,TEST,Name13096,100,13096
2016,FEMALE,TEST,Name13097,100,13097
2016,FEMALE,TEST,Name13098,100,13098
2016,FEMALE,TEST,Name13099,100,13099
2016,FEMALE,TEST,Name13100,100,13100
2016,FEMALE,TEST,Name13101,100,13101
2016,FEMALE,TEST,Name13102,100,13102
2016,FEMALE,TEST,Name13103,100,13103
2016,FEMALE,TEST,Name13104,100,13104
2016,FEMALE,TEST,Name13105,100,13105
2016,FEMALE,TEST,Name13106,100,13106
2016,FEMALE,TEST,Name13107,100,13107
2016,FEMALE,TEST,Name13108,100,13108
2016,FEMALE,TEST,Name13109,100,13109
2016,FEMALE,TEST,Name13110,100,13110
2016,FEMALE,TEST,Name13111,100,13111
2016,FEMALE,TEST,Name13112,100,13112
2016,FEMALE,TEST,Name13113,100,13113
2016,FEMALE,TEST,Name13114,100,13114
2016,FEMALE,TEST,Name13115,100,13115
2016,FEMALE,TEST,Name13116,100,13116
2016,FEMALE,TEST,Name13117,100,13117
2016,FEMALE,TEST,Name13118,100,13118
2016,FEMALE,TEST,Name13119,100,13119
2016,FEMALE,TEST,Name13120,100,13120
2016,FEMALE,TEST,Name13121,100,13121
2016,FEMALE,TEST,Name13122,100,13122
2016,FEMALE,TEST,Name13123,100,13123
2016,FEMALE,TEST,Name13124,100,13124
2016,FEMALE,TEST,Name13125,100,13125
2016,FEMALE,TEST,Name13126,100,13126
2016,FEMALE,TEST,Name13127,100,13127
2016,FEMALE,TEST,Name13128,100,13128
2016,FEMALE,TEST,Name13129,100,13129
2016,FEMALE,TEST,Name13130,100,13130
2016,FEMALE,TEST,Name13131,100,13131
2016,FEMALE,TEST,Name13132,100,13132
2016,FEMALE,TEST,Name13133,100,13133
2016,FEMALE,TEST,Name13134,100,13134
2016,FEMALE,TEST,Name13135,100,13135
2016,FEMALE,TEST,Name13136,100,13136
2016,FEMALE,TEST,Name13137,100,13137
2016,FEMALE,TEST,Name13138,100,13138
2016,FEMALE,TEST,Name13139,100,13139
2016,FEMALE,TEST,Name13140,100,13140
2016,FEMALE,TEST,Name13141,100,13141
2016,FEMALE,TEST,Name13142,100,13142
2016,FEMALE,TEST,Name13143,100,13143
2016,FEMALE,TEST,Name13144,100,13144
2016,FEMALE,TEST,Name13145,100,13145
2016,FEMALE,TEST,Name13146,100,13146
2016,FEMALE,TEST,Name13147,100,13147
2016,FEMALE,TEST,Name13148,100,13148
2016,FEMALE,TEST,Name13149,100,13149
2016,FEMALE,TEST,Name13150,100,13150
2016,FEMALE,TEST,Name13151,100,13151
2016,FEMALE,TEST,Name13152,100,13152
2016,FEMALE,TEST,Name13153,100,13153
2016,FEMALE,TEST,Name13154,100,13154
2016,FEMALE,TEST,Name13155,100,13155
2016,FEMALE,TEST,Name13156,100,13156
2016,FEMALE,TEST,Name13157,100,13157
2016,FEMALE,TEST,Name13158,100,13158
2016,FEMALE,TEST,Name13159,100,13159
2016,FEMALE,TEST,Name13160,100,13160
2016,FEMALE,TEST,Name13161,100,13161
2016,FEMALE,TEST,Name13162,100,13162
2016,FEMALE,TEST,Name13163,100,13163
2016,FEMALE,TEST,Name13164,100,13164
2016,FEMALE,TEST,Name13165,100,13165
2016,FEMALE,TEST,Name13166,100,13166
2016,FEMALE,TEST,Name13167,100,13167
2016,FEMALE,TEST,Name13168,100,13168
2016,FEMALE,TEST,Name13169,100,13169
2016,FEMALE,TEST,Name13170,100,13170
2016,FEMALE,TEST,Name13171,100,13171
2016,FEMALE,TEST,Name13172,100,13172
2016,FEMALE,TEST,Name13173,100,13173
2016,FEMALE,TEST,Name13174,100,13174
2016,FEMALE,TEST,Name13175,100,13175
2016,FEMALE,TEST,Name13176,100,13176
2016,FEMALE,TEST,Name13177,100,13177
2016,FEMALE,TEST,Name13178,100,13178
2016,FEMALE,TEST,Name13179,100,13179
2016,FEMALE,TEST,Name13180,100,13180
2016,FEMALE,TEST,Name13181,100,13181
2016,FEMALE,TEST,Name13182,100,13182
2016,FEMALE,TEST,Name13183,100,13183
2016,FEMALE,TEST,Name13184,100,13184
2016,FEMALE,TEST,Name13185,100,13185
2016,FEMALE,TEST,Name13186,100,13186
2016,FEMALE,TEST,Name13187,100,13187
2016,FEMALE,TEST,Name13188,100,13188
2016,FEMALE,TEST,Name13189,100,13189
2016,FEMALE,TEST,Name13190,100,13190
2016,FEMALE,TEST,Name13191,100,13191
2016,FEMALE,TEST,Name13192,100,13192
2016,FEMALE,TEST,Name13193,100,13193
2016,FEMALE,TEST,Name13194,100,13194
2016,FEMALE,TEST,Name13195,100,13195
2016,FEMALE,TEST,Name13196,100,13196
2016,FEMALE,TEST,Name13197,100,13197
2016,FEMALE,TEST,Name13198,100,13198
2016,FEMALE,TEST,Name13199,100,13199
2016,FEMALE,TEST,Name13200,100,13200
2016,FEMALE,TEST,Name13201,100,13201
2016,FEMALE,TEST,Name13202,100,13202
2016,FEMALE,TEST,Name13203,100,13203
2016,FEMALE,TEST,Name13204,100,13204
2016,FEMALE,TEST,Name13205,100,13205
2016,FEMALE,TEST,Name13206,100,13206
2016,FEMALE,TEST,Name13207,100,13207
2016,FEMALE,TEST,Name13208,100,13208
2016,FEMALE,TEST,Name13209,100,13209
2016,FEMALE,TEST,Name13210,100,13210
2016,FEMALE,TEST,Name13211,100,13211
2016,FEMALE,TEST,Name13212,100,13212
2016,FEMALE,TEST,Name13213,100,13213
2016,FEMALE,TEST,Name13214,100,13214
2016,FEMALE,TEST,Name13215,100,13215
2016,FEMALE,TEST,Name13216,100,13216
2016,FEMALE,TEST,Name13217,100,13217
2016,FEMALE,TEST,Name13218,100,13218
2016,FEMALE,TEST,Name13219,100,13219
2016,FEMALE,TEST,Name13220,100,13220
2016,FEMALE,TEST,Name13221,100,13221
2016,FEMALE,TEST,Name13222,100,13222
2016,FEMALE,TEST,Name13223,100,13223
2016,FEMALE,TEST,Name13224,100,13224
2016,FEMALE,TEST,Name13225,100,13225
2016,FEMALE,TEST,Name13226,100,13226
2016,FEMALE,TEST,Name13227,100,13227
2016,FEMALE,TEST,Name13228,100,13228
2016,FEMALE,TEST,Name13229,100,13229
2016,FEMALE,TEST,Name13230,100,13230
2016,FEMALE,TEST,Name13231,100,13231
2016,FEMALE,TEST,Name13232,100,13232
2016,FEMALE,TEST,Name13233,100,13233
2016,FEMALE,TEST,Name13234,100,13234
2016,FEMALE,TEST,Name13235,100,13235
2016,FEMALE,TEST,Name13236,100,13236
2016,FEMALE,TEST,Name13237,100,13237
2016,FEMALE,TEST,Name13238,100,13238
2016,FEMALE,TEST,Name13239,100,13239
2016,FEMALE,TEST,Name13240,100,13240
2016,FEMALE,TEST,Name13241,100,13241
2016,FEMALE,TEST,Name13242,100,13242
2016,FEMALE,TEST,Name13243,100,13243
2016,FEMALE,TEST,Name13244,100,13244
2016,FEMALE,TEST,Name13245,100,13245
2016,FEMALE,TEST,Name13246,100,13246
2016,FEMALE,TEST,Name13247,100,13247
2016,FEMALE,TEST,Name13248,100,13248
2016,FEMALE,TEST,Name13249,100,13249
2016,FEMALE,TEST,Name13250,100,13250
2016,FEMALE,TEST,Name13251,100,13251
2016,FEMALE,TEST,Name13252,100,13252
2016,FEMALE,TEST,Name13253,100,13253
2016,FEMALE,TEST,Name13254,100,13254
2016,FEMALE,TEST,Name13255,100,13255
2016,FEMALE,TEST,Name13256,100,13256
2016,FEMALE,TEST,Name13257,100,13257
2016,FEMALE,TEST,Name13258,100,13258
2016,FEMALE,TEST,Name13259,100,13259
2016,FEMALE,TEST,Name13260,100,13260
2016,FEMALE,TEST,Name13261,100,13261
2016,FEMALE,TEST,Name13262,100,13262
2016,FEMALE,TEST,Name13263,100,13263
2016,FEMALE,TEST,Name13264,100,13264
2016,FEMALE,TEST,Name13265,100,13265
2016,FEMALE,TEST,Name13266,100,13266
2016,FEMALE,TEST,Name13267,100,13267
2016,FEMALE,TEST,Name13268,100,13268
2016,FEMALE,TEST,Name13269,100,13269
2016,FEMALE,TEST,Name13270,100,13270
2016,FEMALE,TEST,Name13271,100,13271
2016,FEMALE,TEST,Name13272,100,13272
2016,FEMALE,TEST,Name13273,100,13273
2016,FEMALE,TEST,Name13274,100,13274
2016,FEMALE,TEST,Name13275,100,13275
2016,FEMALE,TEST,Name13276,100,13276
2016,FEMALE,TEST,Name13277,100,13277
2016,FEMALE,TEST,Name13278,100,13278
2016,FEMALE,TEST,Name13279,100,13279
2016,FEMALE,TEST,Name13280,100,13280
2016,FEMALE,TEST,Name13281,100,13281
2016,FEMALE,TEST,Name13282,100,13282
2016,FEMALE,TEST,Name13283,100,13283
2016,FEMALE,TEST,Name13284,100,13284
2016,FEMALE,TEST,Name13285,100,13285
2016,FEMALE,TEST,Name13286,100,13286
2016,FEMALE,TEST,Name13287,100,13287
2016,FEMALE,TEST,Name13288,100,13288
2016,FEMALE,TEST,Name13289,100,13289
2016,FEMALE,TEST,Name13290,100,13290
2016,FEMALE,TEST,Name13291,100,13291
2016,FEMALE,TEST,Name13292,100,13292
2016,FEMALE,TEST,Name13293,100,13293
2016,FEMALE,TEST,Name13294,100,13294
2016,FEMALE,TEST,Name13295,100,13295
2016,FEMALE,TEST,Name13296,100,13296
2016,FEMALE,TEST,Name13297,100,13297
2016,FEMALE,TEST,Name13298,100,13298
2016,FEMALE,TEST,Name13299,100,13299
2016,FEMALE,TEST,Name13300,100,13300
2016,FEMALE,TEST,Name13301,100,13301
2016,FEMALE,TEST,Name13302,100,13302
2016,FEMALE,TEST,Name13303,100,13303
2016,FEMALE,TEST,Name13304,100,13304
2016,FEMALE,TEST,Name13305,100,13305
2016,FEMALE,TEST,Name13306,100,13306
2016,FEMALE,TEST,Name13307,100,13307
2016,FEMALE,TEST,Name13308,100,13308
2016,FEMALE,TEST,Name13309,100,13309
2016,FEMALE,TEST,Name13310,100,13310
2016,FEMALE,TEST,Name13311,100,13311
2016,FEMALE,TEST,Name13312,100,13312
2016,FEMALE,TEST,Name13313,100,13313
2016,FEMALE,TEST,Name13314,100,13314
2016,FEMALE,TEST,Name13315,100,13315
2016,FEMALE,TEST,Name13316,100,13316
2016,FEMALE,TEST,Name13317,100,13317
2016,FEMALE,TEST,Name13318,100,13318
2016,FEMALE,TEST,Name13319,100,13319
2016,FEMALE,TEST,Name13320,100,13320
2016,FEMALE,TEST,Name13321,100,13321
2016,FEMALE,TEST,Name13322,100,13322
2016,FEMALE,TEST,Name13323,100,13323
2016,FEMALE,TEST,Name13324,100,13324
2016,FEMALE,TEST,Name13325,100,13325
2016,FEMALE,TEST,Name13326,100,13326
2016,FEMALE,TEST,Name13327,100,13327
2016,FEMALE,TEST,Name13328,100,13328
2016,FEMALE,TEST,Name13329,100,13329
2016,FEMALE,TEST,Name13330,100,13330
2016,FEMALE,TEST,Name13331,100,13331
2016,FEMALE,TEST,Name13332,100,13332
2016,FEMALE,TEST,Name13333,100,13333
2016,FEMALE,TEST,Name13334,100,13334
2016,FEMALE,TEST,Name13335,100,13335
2016,FEMALE,TEST,Name13336,100,13336
2016,FEMALE,TEST,Name13337,100,13337
2016,FEMALE,TEST,Name13338,100,13338
2016,FEMALE,TEST,Name13339,100,13339
2016,FEMALE,TEST,Name13340,100,13340
2016,FEMALE,TEST,Name13341,100,13341
2016,FEMALE,TEST,Name13342,100,13342
2016,FEMALE,TEST,Name13343,100,13343
2016,FEMALE,TEST,Name13344,100,13344
2016,FEMALE,TEST,Name13345,100,13345
2016,FEMALE,TEST,Name13346,100,13346
2016,FEMALE,TEST,Name13347,100,13347
2016,FEMALE,TEST,Name13348,100,13348
2016,FEMALE,TEST,Name13349,100,13349
2016,FEMALE,TEST,Name13350,100,13350
2016,FEMALE,TEST,Name13351,100,13351
2016,FEMALE,TEST,Name13352,100,13352
2016,FEMALE,TEST,Name13353,100,13353
2016,FEMALE,TEST,Name13354,100,13354
2016,FEMALE,TEST,Name13355,100,13355
2016,FEMALE,TEST,Name13356,100,13356
2016,FEMALE,TEST,Name13357,100,13357
2016,FEMALE,TEST,Name13358,100,13358
2016,FEMALE,TEST,Name13359,100,13359
2016,FEMALE,TEST,Name13360,100,13360
2016,FEMALE,TEST,Name13361,100,13361
2016,FEMALE,TEST,Name13362,100,13362
2016,FEMALE,TEST,Name13363,100,13363
2016,FEMALE,TEST,Name13364,100,13364
2016,FEMALE,TEST,Name13365,100,13365
2016,FEMALE,TEST,Name13366,100,13366
2016,FEMALE,TEST,Name13367,100,13367
2016,FEMALE,TEST,Name13368,100,13368
2016,FEMALE,TEST,Name13369,100,13369
2016,FEMALE,TEST,Name13370,100,13370
2016,FEMALE,TEST,Name13371,100,13371
2016,FEMALE,TEST,Name13372,100,13372
2016,FEMALE,TEST,Name13373,100,13373
2016,FEMALE,TEST,Name13374,100,13374
2016,FEMALE,TEST,Name13375,100,13375
2016,FEMALE,TEST,Name13376,100,13376
2016,FEMALE,TEST,Name13377,100,13377
2016,FEMALE,TEST,Name13378,100,13378
2016,FEMALE,TEST,Name13379,100,13379
2016,FEMALE,TEST,Name13380,100,13380
2016,FEMALE,TEST,Name13381,100,13381
2016,FEMALE,TEST,Name13382,100,13382
2016,FEMALE,TEST,Name13383,100,13383
2016,FEMALE,TEST,Name13384,100,13384
2016,FEMALE,TEST,Name13385,100,13385
2016,FEMALE,TEST,Name13386,100,13386
2016,FEMALE,TEST,Name13387,100,13387
2016,FEMALE,TEST,Name13388,100,13388
2016,FEMALE,TEST,Name13389,100,13389
2016,FEMALE,TEST,Name13390,100,13390
2016,FEMALE,TEST,Name13391,100,13391
2016,FEMALE,TEST,Name13392,100,13392
2016,FEMALE,TEST,Name13393,100,13393
2016,FEMALE,TEST,Name13394,100,13394
2016,FEMALE,TEST,Name13395,100,13395
2016,FEMALE,TEST,Name13396,100,13396
2016,FEMALE,TEST,Name13397,100,13397
2016,FEMALE,TEST,Name13398,100,13398
2016,FEMALE,TEST,Name13399,100,13399
2016,FEMALE,TEST,Name13400,100,13400
2016,FEMALE,TEST,Name13401,100,13401
2016,FEMALE,TEST,Name13402,100,13402
2016,FEMALE,TEST,Name13403,100,13403
2016,FEMALE,TEST,Name13404,100,13404
2016,FEMALE,TEST,Name13405,100,13405
2016,FEMALE,TEST,Name13406,100,13406
2016,FEMALE,TEST,Name13407,100,13407
2016,FEMALE,TEST,Name13408,100,13408
2016,FEMALE,TEST,Name13409,100,13409
2016,FEMALE,TEST,Name13410,100,13410
2016,FEMALE,TEST,Name13411,100,13411
2016,FEMALE,TEST,Name13412,100,13412
2016,FEMALE,TEST,Name13413,100,13413
2016,FEMALE,TEST,Name13414,100,13414
2016,FEMALE,TEST,Name13415,100,13415
2016,FEMALE,TEST,Name13416,100,13416
2016,FEMALE,TEST,Name13417,100,13417
2016,FEMALE,TEST,Name13418,100,13418
2016,FEMALE,TEST,Name13419,100,13419
2016,FEMALE,TEST,Name13420,100,13420
2016,FEMALE,TEST,Name13421,100,13421
2016,FEMALE,TEST,Name13422,100,13422
2016,FEMALE,TEST,Name13423,100,13423
2016,FEMALE,TEST,Name13424,100,13424
2016,FEMALE,TEST,Name13425,100,13425
2016,FEMALE,TEST,Name13426,100,13426
2016,FEMALE,TEST,Name13427,100,13427
2016,FEMALE,TEST,Name13428,100,13428
2016,FEMALE,TEST,Name13429,100,13429
2016,FEMALE,TEST,Name13430,100,13430
2016,FEMALE,TEST,Name13431,100,13431
2016,FEMALE,TEST,Name13432,100,13432
2016,FEMALE,TEST,Name13433,100,13433
2016,FEMALE,TEST,Name13434,100,13434
2016,FEMALE,TEST,Name13435,100,13435
2016,FEMALE,TEST,Name13436,100,13436
2016,FEMALE,TEST,Name13437,100,13437
2016,FEMALE,TEST,Name13438,100,13438
2016,FEMALE,TEST,Name13439,100,13439
2016,FEMALE,TEST,Name13440,100,13440
2016,FEMALE,TEST,Name13441,100,13441
2016,FEMALE,TEST,Name13442,100,13442
2016,FEMALE,TEST,Name13443,100,13443
2016,FEMALE,TEST,Name13444,100,13444
2016,FEMALE,TEST,Name13445,100,13445
2016,FEMALE,TEST,Name13446,100,13446
2016,FEMALE,TEST,Name13447,100,13447
2016,FEMALE,TEST,Name13448,100,13448
2016,FEMALE,TEST,Name13449,100,13449
2016,FEMALE,TEST,Name13450,100,13450
2016,FEMALE,TEST,Name13451,100,13451
2016,FEMALE,TEST,Name13452,100,13452
2016,FEMALE,TEST,Name13453,100,13453
2016,FEMALE,TEST,Name13454,100,13454
2016,FEMALE,TEST,Name13455,100,13455
2016,FEMALE,TEST,Name13456,100,13456
2016,FEMALE,TEST,Name13457,100,13457
2016,FEMALE,TEST,Name13458,100,13458
2016,FEMALE,TEST,Name13459,100,13459
2016,FEMALE,TEST,Name13460,100,13460
2016,FEMALE,TEST,Name13461,100,13461
2016,FEMALE,TEST,Name13462,100,13462
2016,FEMALE,TEST,Name13463,100,13463
2016,FEMALE,TEST,Name13464,100,13464
2016,FEMALE,TEST,Name13465,100,13465
2016,FEMALE,TEST,Name13466,100,13466
2016,FEMALE,TEST,Name13467,100,13467
2016,FEMALE,TEST,Name13468,100,13468
2016,FEMALE,TEST,Name13469,100,13469
2016,FEMALE,TEST,Name13470,100,13470
2016,FEMALE,TEST,Name13471,100,13471
2016,FEMALE,TEST,Name13472,100,13472
2016,FEMALE,TEST,Name13473,100,13473
2016,FEMALE,TEST,Name13474,100,13474
2016,FEMALE,TEST,Name13475,100,13475
2016,FEMALE,TEST,Name13476,100,13476
2016,FEMALE,TEST,Name13477,100,13477
2016,FEMALE,TEST,Name13478,100,13478
2016,FEMALE,TEST,Name13479,100,13479
2016,FEMALE,TEST,Name13480,100,13480
2016,FEMALE,TEST,Name13481,100,13481
2016,FEMALE,TEST,Name13482,100,13482
2016,FEMALE,TEST,Name13483,100,13483
2016,FEMALE,TEST,Name13484,100,13484
2016,FEMALE,TEST,Name13485,100,13485
2016,FEMALE,TEST,Name13486,100,13486
2016,FEMALE,TEST,Name13487,100,13487
2016,FEMALE,TEST,Name13488,100,13488
2016,FEMALE,TEST,Name13489,100,13489
2016,FEMALE,TEST,Name13490,100,13490
2016,FEMALE,TEST,Name13491,100,13491
2016,FEMALE,TEST,Name13492,100,13492
2016,FEMALE,TEST,Name13493,100,13493
2016,FEMALE,TEST,Name13494,100,13494
2016,FEMALE,TEST,Name13495,100,13495
2016,FEMALE,TEST,Name13496,100,13496
2016,FEMALE,TEST,Name13497,100,13497
2016,FEMALE,TEST,Name13498,100,13498
2016,FEMALE,TEST,Name13499,100,13499
2016,FEMALE,TEST,Name13500,100,13500
2016,FEMALE,TEST,Name13501,100,13501
2016,FEMALE,TEST,Name13502,100,13502
2016,FEMALE,TEST,Name13503,100,13503
2016,FEMALE,TEST,Name13504,100,13504
2016,FEMALE,TEST,Name13505,100,13505
2016,FEMALE,TEST,Name13506,100,13506
2016,FEMALE,TEST,Name13507,100,13507
2016,FEMALE,TEST,Name13508,100,13508
2016,FEMALE,TEST,Name13509,100,13509
2016,FEMALE,TEST,Name13510,100,13510
2016,FEMALE,TEST,Name13511,100,13511
2016,FEMALE,TEST,Name13512,100,13512
2016,FEMALE,TEST,Name13513,100,13513
2016,FEMALE,TEST,Name13514,100,13514
2016,FEMALE,TEST,Name13515,100,13515
2016,FEMALE,TEST,Name13516,100,13516
2016,FEMALE,TEST,Name13517,100,13517
2016,FEMALE,TEST,Name13518,100,13518
2016,FEMALE,TEST,Name13519,100,13519
2016,FEMALE,TEST,Name13520,100,13520
2016,FEMALE,TEST,Name13521,100,13521
2016,FEMALE,TEST,Name13522,100,13522
2016,FEMALE,TEST,Name13523,100,13523
2016,FEMALE,TEST,Name13524,100,13524
2016,FEMALE,TEST,Name13525,100,13525
2016,FEMALE,TEST,Name13526,100,13526
2016,FEMALE,TEST,Name13527,100,13527
2016,FEMALE,TEST,Name13528,100,13528
2016,FEMALE,TEST,Name13529,100,13529
2016,FEMALE,TEST,Name13530,100,13530
2016,FEMALE,TEST,Name13531,100,13531
2016,FEMALE,TEST,Name13532,100,13532
2016,FEMALE,TEST,Name13533,100,13533
2016,FEMALE,TEST,Name13534,100,13534
2016,FEMALE,TEST,Name13535,100,13535
2016,FEMALE,TEST,Name13536,100,13536
2016,FEMALE,TEST,Name13537,100,13537
2016,FEMALE,TEST,Name13538,100,13538
2016,FEMALE,TEST,Name13539,100,13539
2016,FEMALE,TEST,Name13540,100,13540
2016,FEMALE,TEST,Name13541,100,13541
2016,FEMALE,TEST,Name13542,100,13542
2016,FEMALE,TEST,Name13543,100,13543
2016,FEMALE,TEST,Name13544,100,13544
2016,FEMALE,TEST,Name13545,100,13545
2016,FEMALE,TEST,Name13546,100,13546
2016,FEMALE,TEST,Name13547,100,13547
2016,FEMALE,TEST,Name13548,100,13548
2016,FEMALE,TEST,Name13549,100,13549
2016,FEMALE,TEST,Name13550,100,13550
2016,FEMALE,TEST,Name13551,100,13551
2016,FEMALE,TEST,Name13552,100,13552
2016,FEMALE,TEST,Name13553,100,13553
2016,FEMALE,TEST,Name13554,100,13554
2016,FEMALE,TEST,Name13555,100,13555
2016,FEMALE,TEST,Name13556,100,13556
2016,FEMALE,TEST,Name13557,100,13557
2016,FEMALE,TEST,Name13558,100,13558
2016,FEMALE,TEST,Name13559,100,13559
2016,FEMALE,TEST,Name13560,100,13560
2016,FEMALE,TEST,Name13561,100,13561
2016,FEMALE,TEST,Name13562,100,13562
2016,FEMALE,TEST,Name13563,100,13563
2016,FEMALE,TEST,Name13564,100,13564
2016,FEMALE,TEST,Name13565,100,13565
2016,FEMALE,TEST,Name13566,100,13566
2016,FEMALE,TEST,Name13567,100,13567
2016,FEMALE,TEST,Name13568,100,13568
2016,FEMALE,TEST,Name13569,100,13569
2016,FEMALE,TEST,Name13570,100,13570
2016,FEMALE,TEST,Name13571,100,13571
2016,FEMALE,TEST,Name13572,100,13572
2016,FEMALE,TEST,Name13573,100,13573
2016,FEMALE,TEST,Name13574,100,13574
2016,FEMALE,TEST,Name13575,100,13575
2016,FEMALE,TEST,Name13576,100,13576
2016,FEMALE,TEST,Name13577,100,13577
2016,FEMALE,TEST,Name13578,100,13578
2016,FEMALE,TEST,Name13579,100,13579
2016,FEMALE,TEST,Name13580,100,13580
2016,FEMALE,TEST,Name13581,100,13581
2016,FEMALE,TEST,Name13582,100,13582
2016,FEMALE,TEST,Name13583,100,13583
2016,FEMALE,TEST,Name13584,100,13584
2016,FEMALE,TEST,Name13585,100,13585
2016,FEMALE,TEST,Name13586,100,13586
2016,FEMALE,TEST,Name13587,100,13587
2016,FEMALE,TEST,Name13588,100,13588
2016,FEMALE,TEST,Name13589,100,13589
2016,FEMALE,TEST,Name13590,100,13590
2016,FEMALE,TEST,Name13591,100,13591
2016,FEMALE,TEST,Name13592,100,13592
2016,FEMALE,TEST,Name13593,100,13593
2016,FEMALE,TEST,Name13594,100,13594
2016,FEMALE,TEST,Name13595,100,13595
2016,FEMALE,TEST,Name13596,100,13596
2016,FEMALE,TEST,Name13597,100,13597
2016,FEMALE,TEST,Name13598,100,13598
2016,FEMALE,TEST,Name13599,100,13599
2016,FEMALE,TEST,Name13600,100,13600
2016,FEMALE,TEST,Name13601,100,13601
2016,FEMALE,TEST,Name13602,100,13602
2016,FEMALE,TEST,Name13603,100,13603
2016,FEMALE,TEST,Name13604,100,13604
2016,FEMALE,TEST,Name13605,100,13605
2016,FEMALE,TEST,Name13606,100,13606
2016,FEMALE,TEST,Name13607,100,13607
2016,FEMALE,TEST,Name13608,100,13608
2016,FEMALE,TEST,Name13609,100,13609
2016,FEMALE,TEST,Name13610,100,13610
2016,FEMALE,TEST,Name13611,100,13611
2016,FEMALE,TEST,Name13612,100,13612
2016,FEMALE,TEST,Name13613,100,13613
2016,FEMALE,TEST,Name13614,100,13614
2016,FEMALE,TEST,Name13615,100,13615
2016,FEMALE,TEST,Name13616,100,13616
2016,FEMALE,TEST,Name13617,100,13617
2016,FEMALE,TEST,Name13618,100,13618
2016,FEMALE,TEST,Name13619,100,13619
2016,FEMALE,TEST,Name13620,100,13620
2016,FEMALE,TEST,Name13621,100,13621
2016,FEMALE,TEST,Name13622,100,13622
2016,FEMALE,TEST,Name13623,100,13623
2016,FEMALE,TEST,Name13624,100,13624
2016,FEMALE,TEST,Name13625,100,13625
2016,FEMALE,TEST,Name13626,100,13626
2016,FEMALE,TEST,Name13627,100,13627
2016,FEMALE,TEST,Name13628,100,13628
2016,FEMALE,TEST,Name13629,100,13629
2016,FEMALE,TEST,Name13630,100,13630
2016,FEMALE,TEST,Name13631,100,13631
2016,FEMALE,TEST,Name13632,100,13632
2016,FEMALE,TEST,Name13633,100,13633
2016,FEMALE,TEST,Name13634,100,13634
2016,FEMALE,TEST,Name13635,100,13635
2016,FEMALE,TEST,Name13636,100,13636
2016,FEMALE,TEST,Name13637,100,13637
2016,FEMALE,TEST,Name13638,100,13638
2016,FEMALE,TEST,Name13639,100,13639
2016,FEMALE,TEST,Name13640,100,13640
2016,FEMALE,TEST,Name13641,100,13641
2016,FEMALE,TEST,Name13642,100,13642
2016,FEMALE,TEST,Name13643,100,13643
2016,FEMALE,TEST,Name13644,100,13644
2016,FEMALE,TEST,Name13645,100,13645
2016,FEMALE,TEST,Name13646,100,13646
2016,FEMALE,TEST,Name13647,100,13647
2016,FEMALE,TEST,Name13648,100,13648
2016,FEMALE,TEST,Name13649,100,13649
2016,FEMALE,TEST,Name13650,100,13650
2016,FEMALE,TEST,Name13651,100,13651
2016,FEMALE,TEST,Name13652,100,13652
2016,FEMALE,TEST,Name13653,100,13653
2016,FEMALE,TEST,Name13654,100,13654
2016,FEMALE,TEST,Name13655,100,13655
2016,FEMALE,TEST,Name13656,100,13656
2016,FEMALE,TEST,Name13657,100,13657
2016,FEMALE,TEST,Name13658,100,13658
2016,FEMALE,TEST,Name13659,100,13659
2016,FEMALE,TEST,Name13660,100,13660
2016,FEMALE,TEST,Name13661,100,13661
2016,FEMALE,TEST,Name13662,100,13662
2016,FEMALE,TEST,Name13663,100,13663
2016,FEMALE,TEST,Name13664,100,13664
2016,FEMALE,TEST,Name13665,100,13665
2016,FEMALE,TEST,Name13666,100,13666
2016,FEMALE,TEST,Name13667,100,13667
2016,FEMALE,TEST,Name13668,100,13668
2016,FEMALE,TEST,Name13669,100,13669
2016,FEMALE,TEST,Name13670,100,13670
2016,FEMALE,TEST,Name13671,100,13671
2016,FEMALE,TEST,Name13672,100,13672
2016,FEMALE,TEST,Name13673,100,13673
2016,FEMALE,TEST,Name13674,100,13674
2016,FEMALE,TEST,Name13675,100,13675
2016,FEMALE,TEST,Name13676,100,13676
2016,FEMALE,TEST,Name13677,100,13677
2016,FEMALE,TEST,Name13678,100,13678
2016,FEMALE,TEST,Name13679,100,13679
2016,FEMALE,TEST,Name13680,100,13680
2016,FEMALE,TEST,Name13681,100,13681
2016,FEMALE,TEST,Name13682,100,13682
2016,FEMALE,TEST,Name13683,100,13683
2016,FEMALE,TEST,Name13684,100,13684
2016,FEMALE,TEST,Name13685,100,13685
2016,FEMALE,TEST,Name13686,100,13686
2016,FEMALE,TEST,Name13687,100,13687
2016,FEMALE,TEST,Name13688,100,13688
2016,FEMALE,TEST,Name13689,100,13689
2016,FEMALE,TEST,Name13690,100,13690
2016,FEMALE,TEST,Name13691,100,13691
2016,FEMALE,TEST,Name13692,100,13692
2016,FEMALE,TEST,Name13693,100,13693
2016,FEMALE,TEST,Name13694,100,13694
2016,FEMALE,TEST,Name13695,100,13695
2016,FEMALE,TEST,Name13696,100,13696
2016,FEMALE,TEST,Name13697,100,13697
2016,FEMALE,TEST,Name13698,100,13698
2016,FEMALE,TEST,Name13699,100,13699
2016,FEMALE,TEST,Name13700,100,13700
2016,FEMALE,TEST,Name13701,100,13701
2016,FEMALE,TEST,Name13702,100,13702
2016,FEMALE,TEST,Name13703,100,13703
2016,FEMALE,TEST,Name13704,100,13704
2016,FEMALE,TEST,Name13705,100,13705
2016,FEMALE,TEST,Name13706,100,13706
2016,FEMALE,TEST,Name13707,100,13707
2016,FEMALE,TEST,Name13708,100,13708
2016,FEMALE,TEST,Name13709,100,13709
2016,FEMALE,TEST,Name13710,100,13710
2016,FEMALE,TEST,Name13711,100,13711
2016,FEMALE,TEST,Name13712,100,13712
2016,FEMALE,TEST,Name13713,100,13713
2016,FEMALE,TEST,Name13714,100,13714
2016,FEMALE,TEST,Name13715,100,13715
2016,FEMALE,TEST,Name13716,100,13716
2016,FEMALE,TEST,Name13717,100,13717
2016,FEMALE,TEST,Name13718,100,13718
2016,FEMALE,TEST,Name13719,100,13719
2016,FEMALE,TEST,Name13720,100,13720
2016,FEMALE,TEST,Name13721,100,13721
2016,FEMALE,TEST,Name13722,100,13722
2016,FEMALE,TEST,Name13723,100,13723
2016,FEMALE,TEST,Name13724,100,13724
2016,FEMALE,TEST,Name13725,100,13725
2016,FEMALE,TEST,Name13726,100,13726
2016,FEMALE,TEST,Name13727,100,13727
2016,FEMALE,TEST,Name13728,100,13728
2016,FEMALE,TEST,Name13729,100,13729
2016,FEMALE,TEST,Name13730,100,13730
2016,FEMALE,TEST,Name13731,100,13731
2016,FEMALE,TEST,Name13732,100,13732
2016,FEMALE,TEST,Name13733,100,13733
2016,FEMALE,TEST,Name13734,100,13734
2016,FEMALE,TEST,Name13735,100,13735
2016,FEMALE,TEST,Name13736,100,13736
2016,FEMALE,TEST,Name13737,100,13737
2016,FEMALE,TEST,Name13738,100,13738
2016,FEMALE,TEST,Name13739,100,13739
2016,FEMALE,TEST,Name13740,100,13740
2016,FEMALE,TEST,Name13741,100,13741
2016,FEMALE,TEST,Name13742,100,13742
2016,FEMALE,TEST,Name13743,100,13743
2016,FEMALE,TEST,Name13744,100,13744
2016,FEMALE,TEST,Name13745,100,13745
2016,FEMALE,TEST,Name13746,100,13746
2016,FEMALE,TEST,Name13747,100,13747
2016,FEMALE,TEST,Name13748,100,13748
2016,FEMALE,TEST,Name13749,100,13749
2016,FEMALE,TEST,Name13750,100,13750
2016,FEMALE,TEST,Name13751,100,13751
2016,FEMALE,TEST,Name13752,100,13752
2016,FEMALE,TEST,Name13753,100,13753
2016,FEMALE,TEST,Name13754,100,13754
2016,FEMALE,TEST,Name13755,100,13755
2016,FEMALE,TEST,Name13756,100,13756
2016,FEMALE,TEST,Name13757,100,13757
2016,FEMALE,TEST,Name13758,100,13758
2016,FEMALE,TEST,Name13759,100,13759
2016,FEMALE,TEST,Name13760,100,13760
2016,FEMALE,TEST,Name13761,100,13761
2016,FEMALE,TEST,Name13762,100,13762
2016,FEMALE,TEST,Name13763,100,13763
2016,FEMALE,TEST,Name13764,100,13764
2016,FEMALE,TEST,Name13765,100,13765
2016,FEMALE,TEST,Name13766,100,13766
2016,FEMALE,TEST,Name13767,100,13767
2016,FEMALE,TEST,Name13768,100,13768
2016,FEMALE,TEST,Name13769,100,13769
2016,FEMALE,TEST,Name13770,100,13770
2016,FEMALE,TEST,Name13771,100,13771
2016,FEMALE,TEST,Name13772,100,13772
2016,FEMALE,TEST,Name13773,100,13773
2016,FEMALE,TEST,Name13774,100,13774
2016,FEMALE,TEST,Name13775,100,13775
2016,FEMALE,TEST,Name13776,100,13776
2016,FEMALE,TEST,Name13777,100,13777
2016,FEMALE,TEST,Name13778,100,13778
2016,FEMALE,TEST,Name13779,100,13779
2016,FEMALE,TEST,Name13780,100,13780
2016,FEMALE,TEST,Name13781,100,13781
2016,FEMALE,TEST,Name13782,100,13782
2016,FEMALE,TEST,Name13783,100,13783
2016,FEMALE,TEST,Name13784,100,13784
2016,FEMALE,TEST,Name13785,100,13785
2016,FEMALE,TEST,Name13786,100,13786
2016,FEMALE,TEST,Name13787,100,13787
2016,FEMALE,TEST,Name13788,100,13788
2016,FEMALE,TEST,Name13789,100,13789
2016,FEMALE,TEST,Name13790,100,13790
2016,FEMALE,TEST,Name13791,100,13791
2016,FEMALE,TEST,Name13792,100,13792
2016,FEMALE,TEST,Name13793,100,13793
2016,FEMALE,TEST,Name13794,100,13794
2016,FEMALE,TEST,Name13795,100,13795
2016,FEMALE,TEST,Name13796,100,13796
2016,FEMALE,TEST,Name13797,100,13797
2016,FEMALE,TEST,Name13798,100,13798
2016,FEMALE,TEST,Name13799,100,13799
2016,FEMALE,TEST,Name13800,100,13800
2016,FEMALE,TEST,Name13801,100,13801
2016,FEMALE,TEST,Name13802,100,13802
2016,FEMALE,TEST,Name13803,100,13803
2016,FEMALE,TEST,Name13804,100,13804
2016,FEMALE,TEST,Name13805,100,13805
2016,FEMALE,TEST,Name13806,100,13806
2016,FEMALE,TEST,Name13807,100,13807
2016,FEMALE,TEST,Name13808,100,13808
2016,FEMALE,TEST,Name13809,100,13809
2016,FEMALE,TEST,Name13810,100,13810
2016,FEMALE,TEST,Name13811,100,13811
2016,FEMALE,TEST,Name13812,100,13812
2016,FEMALE,TEST,Name13813,100,13813
2016,FEMALE,TEST,Name13814,100,13814
2016,FEMALE,TEST,Name13815,100,13815
2016,FEMALE,TEST,Name13816,100,13816
2016,FEMALE,TEST,Name13817,100,13817
2016,FEMALE,TEST,Name13818,100,13818
2016,FEMALE,TEST,Name13819,100,13819
2016,FEMALE,TEST,Name13820,100,13820
2016,FEMALE,TEST,Name13821,100,13821
2016,FEMALE,TEST,Name13822,100,13822
2016,FEMALE,TEST,Name13823,100,13823
2016,FEMALE,TEST,Name13824,100,13824
2016,FEMALE,TEST,Name13825,100,13825
2016,FEMALE,TEST,Name13826,100,13826
2016,FEMALE,TEST,Name13827,100,13827
2016,FEMALE,TEST,Name13828,100,13828
2016,FEMALE,TEST,Name13829,100,13829
2016,FEMALE,TEST,Name13830,100,13830
2016,FEMALE,TEST,Name13831,100,13831
2016,FEMALE,TEST,Name13832,100,13832
2016,FEMALE,TEST,Name13833,100,13833
2016,FEMALE,TEST,Name13834,100,13834
2016,FEMALE,TEST,Name13835,100,13835
2016,FEMALE,TEST,Name13836,100,13836
2016,FEMALE,TEST,Name13837,100,13837
2016,FEMALE,TEST,Name13838,100,13838
2016,FEMALE,TEST,Name13839,100,13839
2016,FEMALE,TEST,Name13840,100,13840
2016,FEMALE,TEST,Name13841,100,13841
2016,FEMALE,TEST,Name13842,100,13842
2016,FEMALE,TEST,Name13843,100,13843
2016,FEMALE,TEST,Name13844,100,13844
2016,FEMALE,TEST,Name13845,100,13845
2016,FEMALE,TEST,Name13846,100,13846
2016,FEMALE,TEST,Name13847,100,13847
2016,FEMALE,TEST,Name13848,100,13848
2016,FEMALE,TEST,Name13849,100,13849
2016,FEMALE,TEST,Name13850,100,13850
2016,FEMALE,TEST,Name13851,100,13851
2016,FEMALE,TEST,Name13852,100,13852
2016,FEMALE,TEST,Name13853,100,13853
2016,FEMALE,TEST,Name13854,100,13854
2016,FEMALE,TEST,Name13855,100,13855
2016,FEMALE,TEST,Name13856,100,13856
2016,FEMALE,TEST,Name13857,100,13857
2016,FEMALE,TEST,Name13858,100,13858
2016,FEMALE,TEST,Name13859,100,13859
2016,FEMALE,TEST,Name13860,100,13860
2016,FEMALE,TEST,Name13861,100,13861
2016,FEMALE,TEST,Name13862,100,13862
2016,FEMALE,TEST,Name13863,100,13863
2016,FEMALE,TEST,Name13864,100,13864
2016,FEMALE,TEST,Name13865,100,13865
2016,FEMALE,TEST,Name13866,100,13866
2016,FEMALE,TEST,Name13867,100,13867
2016,FEMALE,TEST,Name13868,100,13868
2016,FEMALE,TEST,Name13869,100,13869
2016,FEMALE,TEST,Name13870,100,13870
2016,FEMALE,TEST,Name13871,100,13871
2016,FEMALE,TEST,Name13872,100,13872
2016,FEMALE,TEST,Name13873,100,13873
2016,FEMALE,TEST,Name13874,100,13874
2016,FEMALE,TEST,Name13875,100,13875
2016,FEMALE,TEST,Name13876,100,13876
2016,FEMALE,TEST,Name13877,100,13877
2016,FEMALE,TEST,Name13878,100,13878
2016,FEMALE,TEST,Name13879,100,13879
2016,FEMALE,TEST,Name13880,100,13880
2016,FEMALE,TEST,Name13881,100,13881
2016,FEMALE,TEST,Name13882,100,13882
2016,FEMALE,TEST,Name13883,100,13883
2016,FEMALE,TEST,Name13884,100,13884
2016,FEMALE,TEST,Name13885,100,13885
2016,FEMALE,TEST,Name13886,100,13886
2016,FEMALE,TEST,Name13887,100,13887
2016,FEMALE,TEST,Name13888,100,13888
2016,FEMALE,TEST,Name13889,100,13889
2016,FEMALE,TEST,Name13890,100,13890
2016,FEMALE,TEST,Name13891,100,13891
2016,FEMALE,TEST,Name13892,100,13892
2016,FEMALE,TEST,Name13893,100,13893
2016,FEMALE,TEST,Name13894,100,13894
2016,FEMALE,TEST,Name13895,100,13895
2016,FEMALE,TEST,Name13896,100,13896
2016,FEMALE,TEST,Name13897,100,13897
2016,FEMALE,TEST,Name13898,100,13898
2016,FEMALE,TEST,Name13899,100,13899
2016,FEMALE,TEST,Name13900,100,13900
2016,FEMALE,TEST,Name13901,100,13901
2016,FEMALE,TEST,Name13902,100,13902
2016,FEMALE,TEST,Name13903,100,13903
2016,FEMALE,TEST,Name13904,100,13904
2016,FEMALE,TEST,Name13905,100,13905
2016,FEMALE,TEST,Name13906,100,13906
2016,FEMALE,TEST,Name13907,100,13907
2016,FEMALE,TEST,Name13908,100,13908
2016,FEMALE,TEST,Name13909,100,13909
2016,FEMALE,TEST,Name13910,100,13910
2016,FEMALE,TEST,Name13911,100,13911
2016,FEMALE,TEST,Name13912,100,13912
2016,FEMALE,TEST,Name13913,100,13913
2016,FEMALE,TEST,Name13914,100,13914
2016,FEMALE,TEST,Name13915,100,13915
2016,FEMALE,TEST,Name13916,100,13916
2016,FEMALE,TEST,Name13917,100,13917
2016,FEMALE,TEST,Name13918,100,13918
2016,FEMALE,TEST,Name13919,100,13919
2016,FEMALE,TEST,Name13920,100,13920
2016,FEMALE,TEST,Name13921,100,13921
2016,FEMALE,TEST,Name13922,100,13922
2016,FEMALE,TEST,Name13923,100,13923
2016,FEMALE,TEST,Name13924,100,13924
2016,FEMALE,TEST,Name13925,100,13925
2016,FEMALE,TEST,Name13926,100,13926
2016,FEMALE,TEST,Name13927,100,13927
2016,FEMALE,TEST,Name13928,100,13928
2016,FEMALE,TEST,Name13929,100,13929
2016,FEMALE,TEST,Name13930,100,13930
2016,FEMALE,TEST,Name13931,100,13931
2016,FEMALE,TEST,Name13932,100,13932
2016,FEMALE,TEST,Name13933,100,13933
2016,FEMALE,TEST,Name13934,100,13934
2016,FEMALE,TEST,Name13935,100,13935
2016,FEMALE,TEST,Name13936,100,13936
2016,FEMALE,TEST,Name13937,100,13937
2016,FEMALE,TEST,Name13938,100,13938
2016,FEMALE,TEST,Name13939,100,13939
2016,FEMALE,TEST,Name13940,100,13940
2016,FEMALE,TEST,Name13941,100,13941
2016,FEMALE,TEST,Name13942,100,13942
2016,FEMALE,TEST,Name13943,100,13943
2016,FEMALE,TEST,Name13944,100,13944
2016,FEMALE,TEST,Name13945,100,13945
2016,FEMALE,TEST,Name13946,100,13946
2016,FEMALE,TEST,Name13947,100,13947
2016,FEMALE,TEST,Name13948,100,13948
2016,FEMALE,TEST,Name13949,100,13949
2016,FEMALE,TEST,Name13950,100,13950
2016,FEMALE,TEST,Name13951,100,13951
2016,FEMALE,TEST,Name13952,100,13952
2016,FEMALE,TEST,Name13953,100,13953
2016,FEMALE,TEST,Name13954,100,13954
2016,FEMALE,TEST,Name13955,100,13955
2016,FEMALE,TEST,Name13956,100,13956
2016,FEMALE,TEST,Name13957,100,13957
2016,FEMALE,TEST,Name13958,100,13958
2016,FEMALE,TEST,Name13959,100,13959
2016,FEMALE,TEST,Name13960,100,13960
2016,FEMALE,TEST,Name13961,100,13961
2016,FEMALE,TEST,Name13962,100,13962
2016,FEMALE,TEST,Name13963,100,13963
2016,FEMALE,TEST,Name13964,100,13964
2016,FEMALE,TEST,Name13965,100,13965
2016,FEMALE,TEST,Name13966,100,13966
2016,FEMALE,TEST,Name13967,100,13967
2016,FEMALE,TEST,Name13968,100,13968
2016,FEMALE,TEST,Name13969,100,13969
2016,FEMALE,TEST,Name13970,100,13970
2016,FEMALE,TEST,Name13971,100,13971
2016,FEMALE,TEST,Name13972,100,13972
2016,FEMALE,TEST,Name13973,100,13973
2016,FEMALE,TEST,Name13974,100,13974
2016,FEMALE,TEST,Name13975,100,13975
2016,FEMALE,TEST,Name13976,100,13976
2016,FEMALE,TEST,Name13977,100,13977
2016,FEMALE,TEST,Name13978,100,13978
2016,FEMALE,TEST,Name13979,100,13979
2016,FEMALE,TEST,Name13980,100,13980
2016,FEMALE,TEST,Name13981,100,13981
2016,FEMALE,TEST,Name13982,100,13982
2016,FEMALE,TEST,Name13983,100,13983
2016,FEMALE,TEST,Name13984,100,13984
2016,FEMALE,TEST,Name13985,100,13985
2016,FEMALE,TEST,Name13986,100,13986
2016,FEMALE,TEST,Name13987,100,13987
2016,FEMALE,TEST,Name13988,100,13988
2016,FEMALE,TEST,Name13989,100,13989
2016,FEMALE,TEST,Name13990,100,13990
2016,FEMALE,TEST,Name13991,100,13991
2016,FEMALE,TEST,Name13992,100,13992
2016,FEMALE,TEST,Name13993,100,13993
2016,FEMALE,TEST,Name13994,100,13994
2016,FEMALE,TEST,Name13995,100,13995
2016,FEMALE,TEST,Name13996,100,13996
2016,FEMALE,TEST,Name13997,100,13997
2016,FEMALE,TEST,Name13998,100,13998
2016,FEMALE,TEST,Name13999,100,13999
2016,FEMALE,TEST,Name14000,100,14000
2016,FEMALE,TEST,Name14001,100,14001
2016,FEMALE,TEST,Name14002,100,14002
2016,FEMALE,TEST,Name14003,100,14003
2016,FEMALE,TEST,Name14004,100,14004
2016,FEMALE,TEST,Name14005,100,14005
2016,FEMALE,TEST,Name14006,100,14006
2016,FEMALE,TEST,Name14007,100,14007
2016,FEMALE,TEST,Name14008,100,14008
2016,FEMALE,TEST,Name14009,100,14009
2016,FEMALE,TEST,Name14010,100,14010
2016,FEMALE,TEST,Name14011,100,14011
2016,FEMALE,TEST,Name14012,100,14012
2016,FEMALE,TEST,Name14013,100,14013
2016,FEMALE,TEST,Name14014,100,14014
2016,FEMALE,TEST,Name14015,100,14015
2016,FEMALE,TEST,Name14016,100,14016
2016,FEMALE,TEST,Name14017,100,14017
2016,FEMALE,TEST,Name14018,100,14018
2016,FEMALE,TEST,Name14019,100,14019
2016,FEMALE,TEST,Name14020,100,14020
2016,FEMALE,TEST,Name14021,100,14021
2016,FEMALE,TEST,Name14022,100,14022
2016,FEMALE,TEST,Name14023,100,14023
2016,FEMALE,TEST,Name14024,100,14024
2016,FEMALE,TEST,Name14025,100,14025
2016,FEMALE,TEST,Name14026,100,14026
2016,FEMALE,TEST,Name14027,100,14027
2016,FEMALE,TEST,Name14028,100,14028
2016,FEMALE,TEST,Name14029,100,14029
2016,FEMALE,TEST,Name14030,100,14030
2016,FEMALE,TEST,Name14031,100,14031
2016,FEMALE,TEST,Name14032,100,14032
2016,FEMALE,TEST,Name14033,100,14033
2016,FEMALE,TEST,Name14034,100,14034
2016,FEMALE,TEST,Name14035,100,14035
2016,FEMALE,TEST,Name14036,100,14036
2016,FEMALE,TEST,Name14037,100,14037
2016,FEMALE,TEST,Name14038,100,14038
2016,FEMALE,TEST,Name14039,100,14039
2016,FEMALE,TEST,Name14040,100,14040
2016,FEMALE,TEST,Name14041,100,14041
2016,FEMALE,TEST,Name14042,100,14042
2016,FEMALE,TEST,Name14043,100,14043
2016,FEMALE,TEST,Name14044,100,14044
2016,FEMALE,TEST,Name14045,100,14045
2016,FEMALE,TEST,Name14046,100,14046
2016,FEMALE,TEST,Name14047,100,14047
2016,FEMALE,TEST,Name14048,100,14048
2016,FEMALE,TEST,Name14049,100,14049
2016,FEMALE,TEST,Name14050,100,14050
2016,FEMALE,TEST,Name14051,100,14051
2016,FEMALE,TEST,Name14052,100,14052
2016,FEMALE,TEST,Name14053,100,14053
2016,FEMALE,TEST,Name14054,100,14054
2016,FEMALE,TEST,Name14055,100,14055
2016,FEMALE,TEST,Name14056,100,14056
2016,FEMALE,TEST,Name14057,100,14057
2016,FEMALE,TEST,Name14058,100,14058
2016,FEMALE,TEST,Name14059,100,14059
2016,FEMALE,TEST,Name14060,100,14060
2016,FEMALE,TEST,Name14061,100,14061
2016,FEMALE,TEST,Name14062,100,14062
2016,FEMALE,TEST,Name14063,100,14063
2016,FEMALE,TEST,Name14064,100,14064
2016,FEMALE,TEST,Name14065,100,14065
2016,FEMALE,TEST,Name14066,100,14066
2016,FEMALE,TEST,Name14067,100,14067
2016,FEMALE,TEST,Name14068,100,14068
2016,FEMALE,TEST,Name14069,100,14069
2016,FEMALE,TEST,Name14070,100,14070
2016,FEMALE,TEST,Name14071,100,14071
2016,FEMALE,TEST,Name14072,100,14072
2016,FEMALE,TEST,Name14073,100,14073
2016,FEMALE,TEST,Name14074,100,14074
2016,FEMALE,TEST,Name14075,100,14075
2016,FEMALE,TEST,Name14076,100,14076
2016,FEMALE,TEST,Name14077,100,14077
2016,FEMALE,TEST,Name14078,100,14078
2016,FEMALE,TEST,Name14079,100,14079
2016,FEMALE,TEST,Name14080,100,14080
2016,FEMALE,TEST,Name14081,100,14081
2016,FEMALE,TEST,Name14082,100,14082
2016,FEMALE,TEST,Name14083,100,14083
2016,FEMALE,TEST,Name14084,100,14084
2016,FEMALE,TEST,Name14085,100,14085
2016,FEMALE,TEST,Name14086,100,14086
2016,FEMALE,TEST,Name14087,100,14087
2016,FEMALE,TEST,Name14088,100,14088
2016,FEMALE,TEST,Name14089,100,14089
2016,FEMALE,TEST,Name14090,100,14090
2016,FEMALE,TEST,Name14091,100,14091
2016,FEMALE,TEST,Name14092,100,14092
2016,FEMALE,TEST,Name14093,100,14093
2016,FEMALE,TEST,Name14094,100,14094
2016,FEMALE,TEST,Name14095,100,14095
2016,FEMALE,TEST,Name14096,100,14096
2016,FEMALE,TEST,Name14097,100,14097
2016,FEMALE,TEST,Name14098,100,14098
2016,FEMALE,TEST,Name14099,100,14099
2016,FEMALE,TEST,Name14100,100,14100
2016,FEMALE,TEST,Name14101,100,14101
2016,FEMALE,TEST,Name14102,100,14102
2016,FEMALE,TEST,Name14103,100,14103
2016,FEMALE,TEST,Name14104,100,14104
2016,FEMALE,TEST,Name14105,100,14105
2016,FEMALE,TEST,Name14106,100,14106
2016,FEMALE,TEST,Name14107,100,14107
2016,FEMALE,TEST,Name14108,100,14108
2016,FEMALE,TEST,Name14109,100,14109
2016,FEMALE,TEST,Name14110,100,14110
2016,FEMALE,TEST,Name14111,100,14111
2016,FEMALE,TEST,Name14112,100,14112
2016,FEMALE,TEST,Name14113,100,14113
2016,FEMALE,TEST,Name14114,100,14114
2016,FEMALE,TEST,Name14115,100,14115
2016,FEMALE,TEST,Name14116,100,14116
2016,FEMALE,TEST,Name14117,100,14117
2016,FEMALE,TEST,Name14118,100,14118
2016,FEMALE,TEST,Name14119,100,14119
2016,FEMALE,TEST,Name14120,100,14120
2016,FEMALE,TEST,Name14121,100,14121
2016,FEMALE,TEST,Name14122,100,14122
2016,FEMALE,TEST,Name14123,100,14123
2016,FEMALE,TEST,Name14124,100,14124
2016,FEMALE,TEST,Name14125,100,14125
2016,FEMALE,TEST,Name14126,100,14126
2016,FEMALE,TEST,Name14127,100,14127
2016,FEMALE,TEST,Name14128,100,14128
2016,FEMALE,TEST,Name14129,100,14129
2016,FEMALE,TEST,Name14130,100,14130
2016,FEMALE,TEST,Name14131,100,14131
2016,FEMALE,TEST,Name14132,100,14132
2016,FEMALE,TEST,Name14133,100,14133
2016,FEMALE,TEST,Name14134,100,14134
2016,FEMALE,TEST,Name14135,100,14135
2016,FEMALE,TEST,Name14136,100,14136
2016,FEMALE,TEST,Name14137,100,14137
2016,FEMALE,TEST,Name14138,100,14138
2016,FEMALE,TEST,Name14139,100,14139
2016,FEMALE,TEST,Name14140,100,14140
2016,FEMALE,TEST,Name14141,100,14141
2016,FEMALE,TEST,Name14142,100,14142
2016,FEMALE,TEST,Name14143,100,14143
2016,FEMALE,TEST,Name14144,100,14144
2016,FEMALE,TEST,Name14145,100,14145
2016,FEMALE,TEST,Name14146,100,14146
2016,FEMALE,TEST,Name14147,100,14147
2016,FEMALE,TEST,Name14148,100,14148
2016,FEMALE,TEST,Name14149,100,14149
2016,FEMALE,TEST,Name14150,100,14150
2016,FEMALE,TEST,Name14151,100,14151
2016,FEMALE,TEST,Name14152,100,14152
2016,FEMALE,TEST,Name14153,100,14153
2016,FEMALE,TEST,Name14154,100,14154
2016,FEMALE,TEST,Name14155,100,14155
2016,FEMALE,TEST,Name14156,100,14156
2016,FEMALE,TEST,Name14157,100,14157
2016,FEMALE,TEST,Name14158,100,14158
2016,FEMALE,TEST,Name14159,100,14159
2016,FEMALE,TEST,Name14160,100,14160
2016,FEMALE,TEST,Name14161,100,14161
2016,FEMALE,TEST,Name14162,100,14162
2016,FEMALE,TEST,Name14163,100,14163
2016,FEMALE,TEST,Name14164,100,14164
2016,FEMALE,TEST,Name14165,100,14165
2016,FEMALE,TEST,Name14166,100,14166
2016,FEMALE,TEST,Name14167,100,14167
2016,FEMALE,TEST,Name14168,100,14168
2016,FEMALE,TEST,Name14169,100,14169
2016,FEMALE,TEST,Name14170,100,14170
2016,FEMALE,TEST,Name14171,100,14171
2016,FEMALE,TEST,Name14172,100,14172
2016,FEMALE,TEST,Name14173,100,14173
2016,FEMALE,TEST,Name14174,100,14174
2016,FEMALE,TEST,Name14175,100,14175
2016,FEMALE,TEST,Name14176,100,14176
2016,FEMALE,TEST,Name14177,100,14177
2016,FEMALE,TEST,Name14178,100,14178
2016,FEMALE,TEST,Name14179,100,14179
2016,FEMALE,TEST,Name14180,100,14180
2016,FEMALE,TEST,Name14181,100,14181
2016,FEMALE,TEST,Name14182,100,14182
2016,FEMALE,TEST,Name14183,100,14183
2016,FEMALE,TEST,Name14184,100,14184
2016,FEMALE,TEST,Name14185,100,14185
2016,FEMALE,TEST,Name14186,100,14186
2016,FEMALE,TEST,Name14187,100,14187
2016,FEMALE,TEST,Name14188,100,14188
2016,FEMALE,TEST,Name14189,100,14189
2016,FEMALE,TEST,Name14190,100,14190
2016,FEMALE,TEST,Name14191,100,14191
2016,FEMALE,TEST,Name14192,100,14192
2016,FEMALE,TEST,Name14193,100,14193
2016,FEMALE,TEST,Name14194,100,14194
2016,FEMALE,TEST,Name14195,100,14195
2016,FEMALE,TEST,Name14196,100,14196
2016,FEMALE,TEST,Name14197,100,14197
2016,FEMALE,TEST,Name14198,100,14198
2016,FEMALE,TEST,Name14199,100,14199
2016,FEMALE,TEST,Name14200,100,14200
2016,FEMALE,TEST,Name14201,100,14201
2016,FEMALE,TEST,Name14202,100,14202
2016,FEMALE,TEST,Name14203,100,14203
2016,FEMALE,TEST,Name14204,100,14204
2016,FEMALE,TEST,Name14205,100,14205
2016,FEMALE,TEST,Name14206,100,14206
2016,FEMALE,TEST,Name14207,100,14207
2016,FEMALE,TEST,Name14208,100,14208
2016,FEMALE,TEST,Name14209,100,14209
2016,FEMALE,TEST,Name14210,100,14210
2016,FEMALE,TEST,Name14211,100,14211
2016,FEMALE,TEST,Name14212,100,14212
2016,FEMALE,TEST,Name14213,100,14213
2016,FEMALE,TEST,Name14214,100,14214
2016,FEMALE,TEST,Name14215,100,14215
2016,FEMALE,TEST,Name14216,100,14216
2016,FEMALE,TEST,Name14217,100,14217
2016,FEMALE,TEST,Name14218,100,14218
2016,FEMALE,TEST,Name14219,100,14219
2016,FEMALE,TEST,Name14220,100,14220
2016,FEMALE,TEST,Name14221,100,14221
2016,FEMALE,TEST,Name14222,100,14222
2016,FEMALE,TEST,Name14223,100,14223
2016,FEMALE,TEST,Name14224,100,14224
2016,FEMALE,TEST,Name14225,100,14225
2016,FEMALE,TEST,Name14226,100,14226
2016,FEMALE,TEST,Name14227,100,14227
2016,FEMALE,TEST,Name14228,100,14228
2016,FEMALE,TEST,Name14229,100,14229
2016,FEMALE,TEST,Name14230,100,14230
2016,FEMALE,TEST,Name14231,100,14231
2016,FEMALE,TEST,Name14232,100,14232
2016,FEMALE,TEST,Name14233,100,14233
2016,FEMALE,TEST,Name14234,100,14234
2016,FEMALE,TEST,Name14235,100,14235
2016,FEMALE,TEST,Name14236,100,14236
2016,FEMALE,TEST,Name14237,100,14237
2016,FEMALE,TEST,Name14238,100,14238
2016,FEMALE,TEST,Name14239,100,14239
2016,FEMALE,TEST,Name14240,100,14240
2016,FEMALE,TEST,Name14241,100,14241
2016,FEMALE,TEST,Name14242,100,14242
2016,FEMALE,TEST,Name14243,100,14243
2016,FEMALE,TEST,Name14244,100,14244
2016,FEMALE,TEST,Name14245,100,14245
2016,FEMALE,TEST,Name14246,100,14246
2016,FEMALE,TEST,Name14247,100,14247
2016,FEMALE,TEST,Name14248,100,14248
2016,FEMALE,TEST,Name14249,100,14249
2016,FEMALE,TEST,Name14250,100,14250
2016,FEMALE,TEST,Name14251,100,14251
2016,FEMALE,TEST,Name14252,100,14252
2016,FEMALE,TEST,Name14253,100,14253
2016,FEMALE,TEST,Name14254,100,14254
2016,FEMALE,TEST,Name14255,100,14255
2016,FEMALE,TEST,Name14256,100,14256
2016,FEMALE,TEST,Name14257,100,14257
2016,FEMALE,TEST,Name14258,100,14258
2016,FEMALE,TEST,Name14259,100,14259
2016,FEMALE,TEST,Name14260,100,14260
2016,FEMALE,TEST,Name14261,100,14261
2016,FEMALE,TEST,Name14262,100,14262
2016,FEMALE,TEST,Name14263,100,14263
2016,FEMALE,TEST,Name14264,100,14264
2016,FEMALE,TEST,Name14265,100,14265
2016,FEMALE,TEST,Name14266,100,14266
2016,FEMALE,TEST,Name14267,100,14267
2016,FEMALE,TEST,Name14268,100,14268
2016,FEMALE,TEST,Name14269,100,14269
2016,FEMALE,TEST,Name14270,100,14270
2016,FEMALE,TEST,Name14271,100,14271
2016,FEMALE,TEST,Name14272,100,14272
2016,FEMALE,TEST,Name14273,100,14273
2016,FEMALE,TEST,Name14274,100,14274
2016,FEMALE,TEST,Name14275,100,14275
2016,FEMALE,TEST,Name14276,100,14276
2016,FEMALE,TEST,Name14277,100,14277
2016,FEMALE,TEST,Name14278,100,14278
2016,FEMALE,TEST,Name14279,100,14279
2016,FEMALE,TEST,Name14280,100,14280
2016,FEMALE,TEST,Name14281,100,14281
2016,FEMALE,TEST,Name14282,100,14282
2016,FEMALE,TEST,Name14283,100,14283
2016,FEMALE,TEST,Name14284,100,14284
2016,FEMALE,TEST,Name14285,100,14285
2016,FEMALE,TEST,Name14286,100,14286
2016,FEMALE,TEST,Name14287,100,14287
2016,FEMALE,TEST,Name14288,100,14288
2016,FEMALE,TEST,Name14289,100,14289
2016,FEMALE,TEST,Name14290,100,14290
2016,FEMALE,TEST,Name14291,100,14291
2016,FEMALE,TEST,Name14292,100,14292
2016,FEMALE,TEST,Name14293,100,14293
2016,FEMALE,TEST,Name14294,100,14294
2016,FEMALE,TEST,Name14295,100,14295
2016,FEMALE,TEST,Name14296,100,14296
2016,FEMALE,TEST,Name14297,100,14297
2016,FEMALE,TEST,Name14298,100,14298
2016,FEMALE,TEST,Name14299,100,14299
2016,FEMALE,TEST,Name14300,100,14300
2016,FEMALE,TEST,Name14301,100,14301
2016,FEMALE,TEST,Name14302,100,14302
2016,FEMALE,TEST,Name14303,100,14303
2016,FEMALE,TEST,Name14304,100,14304
2016,FEMALE,TEST,Name14305,100,14305
2016,FEMALE,TEST,Name14306,100,14306
2016,FEMALE,TEST,Name14307,100,14307
2016,FEMALE,TEST,Name14308,100,14308
2016,FEMALE,TEST,Name14309,100,14309
2016,FEMALE,TEST,Name14310,100,14310
2016,FEMALE,TEST,Name14311,100,14311
2016,FEMALE,TEST,Name14312,100,14312
2016,FEMALE,TEST,Name14313,100,14313
2016,FEMALE,TEST,Name14314,100,14314
2016,FEMALE,TEST,Name14315,100,14315
2016,FEMALE,TEST,Name14316,100,14316
2016,FEMALE,TEST,Name14317,100,14317
2016,FEMALE,TEST,Name14318,100,14318
2016,FEMALE,TEST,Name14319,100,14319
2016,FEMALE,TEST,Name14320,100,14320
2016,FEMALE,TEST,Name14321,100,14321
2016,FEMALE,TEST,Name14322,100,14322
2016,FEMALE,TEST,Name14323,100,14323
2016,FEMALE,TEST,Name14324,100,14324
2016,FEMALE,TEST,Name14325,100,14325
2016,FEMALE,TEST,Name14326,100,14326
2016,FEMALE,TEST,Name14327,100,14327
2016,FEMALE,TEST,Name14328,100,14328
2016,FEMALE,TEST,Name14329,100,14329
2016,FEMALE,TEST,Name14330,100,14330
2016,FEMALE,TEST,Name14331,100,14331
2016,FEMALE,TEST,Name14332,100,14332
2016,FEMALE,TEST,Name14333,100,14333
2016,FEMALE,TEST,Name14334,100,14334
2016,FEMALE,TEST,Name14335,100,14335
2016,FEMALE,TEST,Name14336,100,14336
2016,FEMALE,TEST,Name14337,100,14337
2016,FEMALE,TEST,Name14338,100,14338
2016,FEMALE,TEST,Name14339,100,14339
2016,FEMALE,TEST,Name14340,100,14340
2016,FEMALE,TEST,Name14341,100,14341
2016,FEMALE,TEST,Name14342,100,14342
2016,FEMALE,TEST,Name14343,100,14343
2016,FEMALE,TEST,Name14344,100,14344
2016,FEMALE,TEST,Name14345,100,14345
2016,FEMALE,TEST,Name14346,100,14346
2016,FEMALE,TEST,Name14347,100,14347
2016,FEMALE,TEST,Name14348,100,14348
2016,FEMALE,TEST,Name14349,100,14349
2016,FEMALE,TEST,Name14350,100,14350
2016,FEMALE,TEST,Name14351,100,14351
2016,FEMALE,TEST,Name14352,100,14352
2016,FEMALE,TEST,Name14353,100,14353
2016,FEMALE,TEST,Name14354,100,14354
2016,FEMALE,TEST,Name14355,100,14355
2016,FEMALE,TEST,Name14356,100,14356
2016,FEMALE,TEST,Name14357,100,14357
2016,FEMALE,TEST,Name14358,100,14358
2016,FEMALE,TEST,Name14359,100,14359
2016,FEMALE,TEST,Name14360,100,14360
2016,FEMALE,TEST,Name14361,100,14361
2016,FEMALE,TEST,Name14362,100,14362
2016,FEMALE,TEST,Name14363,100,14363
2016,FEMALE,TEST,Name14364,100,14364
2016,FEMALE,TEST,Name14365,100,14365
2016,FEMALE,TEST,Name14366,100,14366
2016,FEMALE,TEST,Name14367,100,14367
2016,FEMALE,TEST,Name14368,100,14368
2016,FEMALE,TEST,Name14369,100,14369
2016,FEMALE,TEST,Name14370,100,14370
2016,FEMALE,TEST,Name14371,100,14371
2016,FEMALE,TEST,Name14372,100,14372
2016,FEMALE,TEST,Name14373,100,14373
2016,FEMALE,TEST,Name14374,100,14374
2016,FEMALE,TEST,Name14375,100,14375
2016,FEMALE,TEST,Name14376,100,14376
2016,FEMALE,TEST,Name14377,100,14377
2016,FEMALE,TEST,Name14378,100,14378
2016,FEMALE,TEST,Name14379,100,14379
2016,FEMALE,TEST,Name14380,100,14380
2016,FEMALE,TEST,Name14381,100,14381
2016,FEMALE,TEST,Name14382,100,14382
2016,FEMALE,TEST,Name14383,100,14383
2016,FEMALE,TEST,Name14384,100,14384
2016,FEMALE,TEST,Name14385,100,14385
2016,FEMALE,TEST,Name14386,100,14386
2016,FEMALE,TEST,Name14387,100,14387
2016,FEMALE,TEST,Name14388,100,14388
2016,FEMALE,TEST,Name14389,100,14389
2016,FEMALE,TEST,Name14390,100,14390
2016,FEMALE,TEST,Name14391,100,14391
2016,FEMALE,TEST,Name14392,100,14392
2016,FEMALE,TEST,Name14393,100,14393
2016,FEMALE,TEST,Name14394,100,14394
2016,FEMALE,TEST,Name14395,100,14395
2016,FEMALE,TEST,Name14396,100,14396
2016,FEMALE,TEST,Name14397,100,14397
2016,FEMALE,TEST,Name14398,100,14398
2016,FEMALE,TEST,Name14399,100,14399
2016,FEMALE,TEST,Name14400,100,14400
2016,FEMALE,TEST,Name14401,100,14401
2016,FEMALE,TEST,Name14402,100,14402
2016,FEMALE,TEST,Name14403,100,14403
2016,FEMALE,TEST,Name14404,100,14404
2016,FEMALE,TEST,Name14405,100,14405
2016,FEMALE,TEST,Name14406,100,14406
2016,FEMALE,TEST,Name14407,100,14407
2016,FEMALE,TEST,Name14408,100,14408
2016,FEMALE,TEST,Name14409,100,14409
2016,FEMALE,TEST,Name14410,100,14410
2016,FEMALE,TEST,Name14411,100,14411
2016,FEMALE,TEST,Name14412,100,14412
2016,FEMALE,TEST,Name14413,100,14413
2016,FEMALE,TEST,Name14414,100,14414
2016,FEMALE,TEST,Name14415,100,14415
2016,FEMALE,TEST,Name14416,100,14416
2016,FEMALE,TEST,Name14417,100,14417
2016,FEMALE,TEST,Name14418,100,14418
2016,FEMALE,TEST,Name14419,100,14419
2016,FEMALE,TEST,Name14420,100,14420
2016,FEMALE,TEST,Name14421,100,14421
2016,FEMALE,TEST,Name14422,100,14422
2016,FEMALE,TEST,Name14423,100,14423
2016,FEMALE,TEST,Name14424,100,14424
2016,FEMALE,TEST,Name14425,100,14425
2016,FEMALE,TEST,Name14426,100,14426
2016,FEMALE,TEST,Name14427,100,14427
2016,FEMALE,TEST,Name14428,100,14428
2016,FEMALE,TEST,Name14429,100,14429
2016,FEMALE,TEST,Name14430,100,14430
2016,FEMALE,TEST,Name14431,100,14431
2016,FEMALE,TEST,Name14432,100,14432
2016,FEMALE,TEST,Name14433,100,14433
2016,FEMALE,TEST,Name14434,100,14434
2016,FEMALE,TEST,Name14435,100,14435
2016,FEMALE,TEST,Name14436,100,14436
2016,FEMALE,TEST,Name14437,100,14437
2016,FEMALE,TEST,Name14438,100,14438
2016,FEMALE,TEST,Name14439,100,14439
2016,FEMALE,TEST,Name14440,100,14440
2016,FEMALE,TEST,Name14441,100,14441
2016,FEMALE,TEST,Name14442,100,14442
2016,FEMALE,TEST,Name14443,100,14443
2016,FEMALE,TEST,Name14444,100,14444
2016,FEMALE,TEST,Name14445,100,14445
2016,FEMALE,TEST,Name14446,100,14446
2016,FEMALE,TEST,Name14447,100,14447
2016,FEMALE,TEST,Name14448,100,14448
2016,FEMALE,TEST,Name14449,100,14449
2016,FEMALE,TEST,Name14450,100,14450
2016,FEMALE,TEST,Name14451,100,14451
2016,FEMALE,TEST,Name14452,100,14452
2016,FEMALE,TEST,Name14453,100,14453
2016,FEMALE,TEST,Name14454,100,14454
2016,FEMALE,TEST,Name14455,100,14455
2016,FEMALE,TEST,Name14456,100,14456
2016,FEMALE,TEST,Name14457,100,14457
2016,FEMALE,TEST,Name14458,100,14458
2016,FEMALE,TEST,Name14459,100,14459
2016,FEMALE,TEST,Name14460,100,14460
2016,FEMALE,TEST,Name14461,100,14461
2016,FEMALE,TEST,Name14462,100,14462
2016,FEMALE,TEST,Name14463,100,14463
2016,FEMALE,TEST,Name14464,100,14464
2016,FEMALE,TEST,Name14465,100,14465
2016,FEMALE,TEST,Name14466,100,14466
2016,FEMALE,TEST,Name14467,100,14467
2016,FEMALE,TEST,Name14468,100,14468
2016,FEMALE,TEST,Name14469,100,14469
2016,FEMALE,TEST,Name14470,100,14470
2016,FEMALE,TEST,Name14471,100,14471
2016,FEMALE,TEST,Name14472,100,14472
2016,FEMALE,TEST,Name14473,100,14473
2016,FEMALE,TEST,Name14474,100,14474
2016,FEMALE,TEST,Name14475,100,14475
2016,FEMALE,TEST,Name14476,100,14476
2016,FEMALE,TEST,Name14477,100,14477
2016,FEMALE,TEST,Name14478,100,14478
2016,FEMALE,TEST,Name14479,100,14479
2016,FEMALE,TEST,Name14480,100,14480
2016,FEMALE,TEST,Name14481,100,14481
2016,FEMALE,TEST,Name14482,100,14482
2016,FEMALE,TEST,Name14483,100,14483
2016,FEMALE,TEST,Name14484,100,14484
2016,FEMALE,TEST,Name14485,100,14485
2016,FEMALE,TEST,Name14486,100,14486
2016,FEMALE,TEST,Name14487,100,14487
2016,FEMALE,TEST,Name14488,100,14488
2016,FEMALE,TEST,Name14489,100,14489
2016,FEMALE,TEST,Name14490,100,14490
2016,FEMALE,TEST,Name14491,100,14491
2016,FEMALE,TEST,Name14492,100,14492
2016,FEMALE,TEST,Name14493,100,14493
2016,FEMALE,TEST,Name14494,100,14494
2016,FEMALE,TEST,Name14495,100,14495
2016,FEMALE,TEST,Name14496,100,14496
2016,FEMALE,TEST,Name14497,100,14497
2016,FEMALE,TEST,Name14498,100,14498
2016,FEMALE,TEST,Name14499,100,14499
2016,FEMALE,TEST,Name14500,100,14500
2016,FEMALE,TEST,Name14501,100,14501
2016,FEMALE,TEST,Name14502,100,14502
2016,FEMALE,TEST,Name14503,100,14503
2016,FEMALE,TEST,Name14504,100,14504
2016,FEMALE,TEST,Name14505,100,14505
2016,FEMALE,TEST,Name14506,100,14506
2016,FEMALE,TEST,Name14507,100,14507
2016,FEMALE,TEST,Name14508,100,14508
2016,FEMALE,TEST,Name14509,100,14509
2016,FEMALE,TEST,Name14510,100,14510
2016,FEMALE,TEST,Name14511,100,14511
2016,FEMALE,TEST,Name14512,100,14512
2016,FEMALE,TEST,Name14513,100,14513
2016,FEMALE,TEST,Name14514,100,14514
2016,FEMALE,TEST,Name14515,100,14515
2016,FEMALE,TEST,Name14516,100,14516
2016,FEMALE,TEST,Name14517,100,14517
2016,FEMALE,TEST,Name14518,100,14518
2016,FEMALE,TEST,Name14519,100,14519
2016,FEMALE,TEST,Name14520,100,14520
2016,FEMALE,TEST,Name14521,100,14521
2016,FEMALE,TEST,Name14522,100,14522
2016,FEMALE,TEST,Name14523,100,14523
2016,FEMALE,TEST,Name14524,100,14524
2016,FEMALE,TEST,Name14525,100,14525
2016,FEMALE,TEST,Name14526,100,14526
2016,FEMALE,TEST,Name14527,100,14527
2016,FEMALE,TEST,Name14528,100,14528
2016,FEMALE,TEST,Name14529,100,14529
2016,FEMALE,TEST,Name14530,100,14530
2016,FEMALE,TEST,Name14531,100,14531
2016,FEMALE,TEST,Name14532,100,14532
2016,FEMALE,TEST,Name14533,100,14533
2016,FEMALE,TEST,Name14534,100,14534
2016,FEMALE,TEST,Name14535,100,14535
2016,FEMALE,TEST,Name14536,100,14536
2016,FEMALE,TEST,Name14537,100,14537
2016,FEMALE,TEST,Name14538,100,14538
2016,FEMALE,TEST,Name14539,100,14539
2016,FEMALE,TEST,Name14540,100,14540
2016,FEMALE,TEST,Name14541,100,14541
2016,FEMALE,TEST,Name14542,100,14542
2016,FEMALE,TEST,Name14543,100,14543
2016,FEMALE,TEST,Name14544,100,14544
2016,FEMALE,TEST,Name14545,100,14545
2016,FEMALE,TEST,Name14546,100,14546
2016,FEMALE,TEST,Name14547,100,14547
2016,FEMALE,TEST,Name14548,100,14548
2016,FEMALE,TEST,Name14549,100,14549
2016,FEMALE,TEST,Name14550,100,14550
2016,FEMALE,TEST,Name14551,100,14551
2016,FEMALE,TEST,Name14552,100,14552
2016,FEMALE,TEST,Name14553,100,14553
2016,FEMALE,TEST,Name14554,100,14554
2016,FEMALE,TEST,Name14555,100,14555
2016,FEMALE,TEST,Name14556,100,14556
2016,FEMALE,TEST,Name14557,100,14557
2016,FEMALE,TEST,Name14558,100,14558
2016,FEMALE,TEST,Name14559,100,14559
2016,FEMALE,TEST,Name14560,100,14560
2016,FEMALE,TEST,Name14561,100,14561
2016,FEMALE,TEST,Name14562,100,14562
2016,FEMALE,TEST,Name14563,100,14563
2016,FEMALE,TEST,Name14564,100,14564
2016,FEMALE,TEST,Name14565,100,14565
2016,FEMALE,TEST,Name14566,100,14566
2016,FEMALE,TEST,Name14567,100,14567
2016,FEMALE,TEST,Name14568,100,14568
2016,FEMALE,TEST,Name14569,100,14569
2016,FEMALE,TEST,Name14570,100,14570
2016,FEMALE,TEST,Name14571,100,14571
2016,FEMALE,TEST,Name14572,100,14572
2016,FEMALE,TEST,Name14573,100,14573
2016,FEMALE,TEST,Name14574,100,14574
2016,FEMALE,TEST,Name14575,100,14575
2016,FEMALE,TEST,Name14576,100,14576
2016,FEMALE,TEST,Name14577,100,14577
2016,FEMALE,TEST,Name14578,100,14578
2016,FEMALE,TEST,Name14579,100,14579
2016,FEMALE,TEST,Name14580,100,14580
2016,FEMALE,TEST,Name14581,100,14581
2016,FEMALE,TEST,Name14582,100,14582
2016,FEMALE,TEST,Name14583,100,14583
2016,FEMALE,TEST,Name14584,100,14584
2016,FEMALE,TEST,Name14585,100,14585
2016,FEMALE,TEST,Name14586,100,14586
2016,FEMALE,TEST,Name14587,100,14587
2016,FEMALE,TEST,Name14588,100,14588
2016,FEMALE,TEST,Name14589,100,14589
2016,FEMALE,TEST,Name14590,100,14590
2016,FEMALE,TEST,Name14591,100,14591
2016,FEMALE,TEST,Name14592,100,14592
2016,FEMALE,TEST,Name14593,100,14593
2016,FEMALE,TEST,Name14594,100,14594
2016,FEMALE,TEST,Name14595,100,14595
2016,FEMALE,TEST,Name14596,100,14596
2016,FEMALE,TEST,Name14597,100,14597
2016,FEMALE,TEST,Name14598,100,14598
2016,FEMALE,TEST,Name14599,100,14599
2016,FEMALE,TEST,Name14600,100,14600
2016,FEMALE,TEST,Name14601,100,14601
2016,FEMALE,TEST,Name14602,100,14602
2016,FEMALE,TEST,Name14603,100,14603
2016,FEMALE,TEST,Name14604,100,14604
2016,FEMALE,TEST,Name14605,100,14605
2016,FEMALE,TEST,Name14606,100,14606
2016,FEMALE,TEST,Name14607,100,14607
2016,FEMALE,TEST,Name14608,100,14608
2016,FEMALE,TEST,Name14609,100,14609
2016,FEMALE,TEST,Name14610,100,14610
2016,FEMALE,TEST,Name14611,100,14611
2016,FEMALE,TEST,Name14612,100,14612
2016,FEMALE,TEST,Name14613,100,14613
2016,FEMALE,TEST,Name14614,100,14614
2016,FEMALE,TEST,Name14615,100,14615
2016,FEMALE,TEST,Name14616,100,14616
2016,FEMALE,TEST,Name14617,100,14617
2016,FEMALE,TEST,Name14618,100,14618
2016,FEMALE,TEST,Name14619,100,14619
2016,FEMALE,TEST,Name14620,100,14620
2016,FEMALE,TEST,Name14621,100,14621
2016,FEMALE,TEST,Name14622,100,14622
2016,FEMALE,TEST,Name14623,100,14623
2016,FEMALE,TEST,Name14624,100,14624
2016,FEMALE,TEST,Name14625,100,14625
2016,FEMALE,TEST,Name14626,100,14626
2016,FEMALE,TEST,Name14627,100,14627
2016,FEMALE,TEST,Name14628,100,14628
2016,FEMALE,TEST,Name14629,100,14629
2016,FEMALE,TEST,Name14630,100,14630
2016,FEMALE,TEST,Name14631,100,14631
2016,FEMALE,TEST,Name14632,100,14632
2016,FEMALE,TEST,Name14633,100,14633
2016,FEMALE,TEST,Name14634,100,14634
2016,FEMALE,TEST,Name14635,100,14635
2016,FEMALE,TEST,Name14636,100,14636
2016,FEMALE,TEST,Name14637,100,14637
2016,FEMALE,TEST,Name14638,100,14638
2016,FEMALE,TEST,Name14639,100,14639
2016,FEMALE,TEST,Name14640,100,14640
2016,FEMALE,TEST,Name14641,100,14641
2016,FEMALE,TEST,Name14642,100,14642
2016,FEMALE,TEST,Name14643,100,14643
2016,FEMALE,TEST,Name14644,100,14644
2016,FEMALE,TEST,Name14645,100,14645
2016,FEMALE,TEST,Name14646,100,14646
2016,FEMALE,TEST,Name14647,100,14647
2016,FEMALE,TEST,Name14648,100,14648
2016,FEMALE,TEST,Name14649,100,14649
2016,FEMALE,TEST,Name14650,100,14650
2016,FEMALE,TEST,Name14651,100,14651
2016,FEMALE,TEST,Name14652,100,14652
2016,FEMALE,TEST,Name14653,100,14653
2016,FEMALE,TEST,Name14654,100,14654
2016,FEMALE,TEST,Name14655,100,14655
2016,FEMALE,TEST,Name14656,100,14656
2016,FEMALE,TEST,Name14657,100,14657
2016,FEMALE,TEST,Name14658,100,14658
2016,FEMALE,TEST,Name14659,100,14659
2016,FEMALE,TEST,Name14660,100,14660
2016,FEMALE,TEST,Name14661,100,14661
2016,FEMALE,TEST,Name14662,100,14662
2016,FEMALE,TEST,Name14663,100,14663
2016,FEMALE,TEST,Name14664,100,14664
2016,FEMALE,TEST,Name14665,100,14665
2016,FEMALE,TEST,Name14666,100,14666
2016,FEMALE,TEST,Name14667,100,14667
2016,FEMALE,TEST,Name14668,100,14668
2016,FEMALE,TEST,Name14669,100,14669
2016,FEMALE,TEST,Name14670,100,14670
2016,FEMALE,TEST,Name14671,100,14671
2016,FEMALE,TEST,Name14672,100,14672
2016,FEMALE,TEST,Name14673,100,14673
2016,FEMALE,TEST,Name14674,100,14674
2016,FEMALE,TEST,Name14675,100,14675
2016,FEMALE,TEST,Name14676,100,14676
2016,FEMALE,TEST,Name14677,100,14677
2016,FEMALE,TEST,Name14678,100,14678
2016,FEMALE,TEST,Name14679,100,14679
2016,FEMALE,TEST,Name14680,100,14680
2016,FEMALE,TEST,Name14681,100,14681
2016,FEMALE,TEST,Name14682,100,14682
2016,FEMALE,TEST,Name14683,100,14683
2016,FEMALE,TEST,Name14684,100,14684
2016,FEMALE,TEST,Name14685,100,14685
2016,FEMALE,TEST,Name14686,100,14686
2016,FEMALE,TEST,Name14687,100,14687
2016,FEMALE,TEST,Name14688,100,14688
2016,FEMALE,TEST,Name14689,100,14689
2016,FEMALE,TEST,Name14690,100,14690
2016,FEMALE,TEST,Name14691,100,14691
2016,FEMALE,TEST,Name14692,100,14692
2016,FEMALE,TEST,Name14693,100,14693
2016,FEMALE,TEST,Name14694,100,14694
2016,FEMALE,TEST,Name14695,100,14695
2016,FEMALE,TEST,Name14696,100,14696
2016,FEMALE,TEST,Name14697,100,14697
2016,FEMALE,TEST,Name14698,100,14698
2016,FEMALE,TEST,Name14699,100,14699
2016,FEMALE,TEST,Name14700,100,14700
2016,FEMALE,TEST,Name14701,100,14701
2016,FEMALE,TEST,Name14702,100,14702
2016,FEMALE,TEST,Name14703,100,14703
2016,FEMALE,TEST,Name14704,100,14704
2016,FEMALE,TEST,Name14705,100,14705
2016,FEMALE,TEST,Name14706,100,14706
2016,FEMALE,TEST,Name14707,100,14707
2016,FEMALE,TEST,Name14708,100,14708
2016,FEMALE,TEST,Name14709,100,14709
2016,FEMALE,TEST,Name14710,100,14710
2016,FEMALE,TEST,Name14711,100,14711
2016,FEMALE,TEST,Name14712,100,14712
2016,FEMALE,TEST,Name14713,100,14713
2016,FEMALE,TEST,Name14714,100,14714
2016,FEMALE,TEST,Name14715,100,14715
2016,FEMALE,TEST,Name14716,100,14716
2016,FEMALE,TEST,Name14717,100,14717
2016,FEMALE,TEST,Name14718,100,14718
2016,FEMALE,TEST,Name14719,100,14719
2016,FEMALE,TEST,Name14720,100,14720
2016,FEMALE,TEST,Name14721,100,14721
2016,FEMALE,TEST,Name14722,100,14722
2016,FEMALE,TEST,Name14723,100,14723
2016,FEMALE,TEST,Name14724,100,14724
2016,FEMALE,TEST,Name14725,100,14725
2016,FEMALE,TEST,Name14726,100,14726
2016,FEMALE,TEST,Name14727,100,14727
2016,FEMALE,TEST,Name14728,100,14728
2016,FEMALE,TEST,Name14729,100,14729
2016,FEMALE,TEST,Name14730,100,14730
2016,FEMALE,TEST,Name14731,100,14731
2016,FEMALE,TEST,Name14732,100,14732
2016,FEMALE,TEST,Name14733,100,14733
2016,FEMALE,TEST,Name14734,100,14734
2016,FEMALE,TEST,Name14735,100,14735
2016,FEMALE,TEST,Name14736,100,14736
2016,FEMALE,TEST,Name14737,100,14737
2016,FEMALE,TEST,Name14738,100,14738
2016,FEMALE,TEST,Name14739,100,14739
2016,FEMALE,TEST,Name14740,100,14740
2016,FEMALE,TEST,Name14741,100,14741
2016,FEMALE,TEST,Name14742,100,14742
2016,FEMALE,TEST,Name14743,100,14743
2016,FEMALE,TEST,Name14744,100,14744
2016,FEMALE,TEST,Name14745,100,14745
2016,FEMALE,TEST,Name14746,100,14746
2016,FEMALE,TEST,Name14747,100,14747
2016,FEMALE,TEST,Name14748,100,14748
2016,FEMALE,TEST,Name14749,100,14749
2016,FEMALE,TEST,Name14750,100,14750
2016,FEMALE,TEST,Name14751,100,14751
2016,FEMALE,TEST,Name14752,100,14752
2016,FEMALE,TEST,Name14753,100,14753
2016,FEMALE,TEST,Name14754,100,14754
2016,FEMALE,TEST,Name14755,100,14755
2016,FEMALE,TEST,Name14756,100,14756
2016,FEMALE,TEST,Name14757,100,14757
2016,FEMALE,TEST,Name14758,100,14758
2016,FEMALE,TEST,Name14759,100,14759
2016,FEMALE,TEST,Name14760,100,14760
2016,FEMALE,TEST,Name14761,100,14761
2016,FEMALE,TEST,Name14762,100,14762
2016,FEMALE,TEST,Name14763,100,14763
2016,FEMALE,TEST,Name14764,100,14764
2016,FEMALE,TEST,Name14765,100,14765
2016,FEMALE,TEST,Name14766,100,14766
2016,FEMALE,TEST,Name14767,100,14767
2016,FEMALE,TEST,Name14768,100,14768
2016,FEMALE,TEST,Name14769,100,14769
2016,FEMALE,TEST,Name14770,100,14770
2016,FEMALE,TEST,Name14771,100,14771
2016,FEMALE,TEST,Name14772,100,14772
2016,FEMALE,TEST,Name14773,100,14773
2016,FEMALE,TEST,Name14774,100,14774
2016,FEMALE,TEST,Name14775,100,14775
2016,FEMALE,TEST,Name14776,100,14776
2016,FEMALE,TEST,Name14777,100,14777
2016,FEMALE,TEST,Name14778,100,14778
2016,FEMALE,TEST,Name14779,100,14779
2016,FEMALE,TEST,Name14780,100,14780
2016,FEMALE,TEST,Name14781,100,14781
2016,FEMALE,TEST,Name14782,100,14782
2016,FEMALE,TEST,Name14783,100,14783
2016,FEMALE,TEST,Name14784,100,14784
2016,FEMALE,TEST,Name14785,100,14785
2016,FEMALE,TEST,Name14786,100,14786
2016,FEMALE,TEST,Name14787,100,14787
2016,FEMALE,TEST,Name14788,100,14788
2016,FEMALE,TEST,Name14789,100,14789
2016,FEMALE,TEST,Name14790,100,14790
2016,FEMALE,TEST,Name14791,100,14791
2016,FEMALE,TEST,Name14792,100,14792
2016,FEMALE,TEST,Name14793,100,14793
2016,FEMALE,TEST,Name14794,100,14794
2016,FEMALE,TEST,Name14795,100,14795
2016,FEMALE,TEST,Name14796,100,14796
2016,FEMALE,TEST,Name14797,100,14797
2016,FEMALE,TEST,Name14798,100,14798
2016,FEMALE,TEST,Name14799,100,14799
2016,FEMALE,TEST,Name14800,100,14800
2016,FEMALE,TEST,Name14801,100,14801
2016,FEMALE,TEST,Name14802,100,14802
2016,FEMALE,TEST,Name14803,100,14803
2016,FEMALE,TEST,Name14804,100,14804
2016,FEMALE,TEST,Name14805,100,14805
2016,FEMALE,TEST,Name14806,100,14806
2016,FEMALE,TEST,Name14807,100,14807
2016,FEMALE,TEST,Name14808,100,14808
2016,FEMALE,TEST,Name14809,100,14809
2016,FEMALE,TEST,Name14810,100,14810
2016,FEMALE,TEST,Name14811,100,14811
2016,FEMALE,TEST,Name14812,100,14812
2016,FEMALE,TEST,Name14813,100,14813
2016,FEMALE,TEST,Name14814,100,14814
2016,FEMALE,TEST,Name14815,100,14815
2016,FEMALE,TEST,Name14816,100,14816
2016,FEMALE,TEST,Name14817,100,14817
2016,FEMALE,TEST,Name14818,100,14818
2016,FEMALE,TEST,Name14819,100,14819
2016,FEMALE,TEST,Name14820,100,14820
2016,FEMALE,TEST,Name14821,100,14821
2016,FEMALE,TEST,Name14822,100,14822
2016,FEMALE,TEST,Name14823,100,14823
2016,FEMALE,TEST,Name14824,100,14824
2016,FEMALE,TEST,Name14825,100,14825
2016,FEMALE,TEST,Name14826,100,14826
2016,FEMALE,TEST,Name14827,100,14827
2016,FEMALE,TEST,Name14828,100,14828
2016,FEMALE,TEST,Name14829,100,14829
2016,FEMALE,TEST,Name14830,100,14830
2016,FEMALE,TEST,Name14831,100,14831
2016,FEMALE,TEST,Name14832,100,14832
2016,FEMALE,TEST,Name14833,100,14833
2016,FEMALE,TEST,Name14834,100,14834
2016,FEMALE,TEST,Name14835,100,14835
2016,FEMALE,TEST,Name14836,100,14836
2016,FEMALE,TEST,Name14837,100,14837
2016,FEMALE,TEST,Name14838,100,14838
2016,FEMALE,TEST,Name14839,100,14839
2016,FEMALE,TEST,Name14840,100,14840
2016,FEMALE,TEST,Name14841,100,14841
2016,FEMALE,TEST,Name14842,100,14842
2016,FEMALE,TEST,Name14843,100,14843
2016,FEMALE,TEST,Name14844,100,14844
2016,FEMALE,TEST,Name14845,100,14845
2016,FEMALE,TEST,Name14846,100,14846
2016,FEMALE,TEST,Name14847,100,14847
2016,FEMALE,TEST,Name14848,100,14848
2016,FEMALE,TEST,Name14849,100,14849
2016,FEMALE,TEST,Name14850,100,14850
2016,FEMALE,TEST,Name14851,100,14851
2016,FEMALE,TEST,Name14852,100,14852
2016,FEMALE,TEST,Name14853,100,14853
2016,FEMALE,TEST,Name14854,100,14854
2016,FEMALE,TEST,Name14855,100,14855
2016,FEMALE,TEST,Name14856,100,14856
2016,FEMALE,TEST,Name14857,100,14857
2016,FEMALE,TEST,Name14858,100,14858
2016,FEMALE,TEST,Name14859,100,14859
2016,FEMALE,TEST,Name14860,100,14860
2016,FEMALE,TEST,Name14861,100,14861
2016,FEMALE,TEST,Name14862,100,14862
2016,FEMALE,TEST,Name14863,100,14863
2016,FEMALE,TEST,Name14864,100,14864
2016,FEMALE,TEST,Name14865,100,14865
2016,FEMALE,TEST,Name14866,100,14866
2016,FEMALE,TEST,Name14867,100,14867
2016,FEMALE,TEST,Name14868,100,14868
2016,FEMALE,TEST,Name14869,100,14869
2016,FEMALE,TEST,Name14870,100,14870
2016,FEMALE,TEST,Name14871,100,14871
2016,FEMALE,TEST,Name14872,100,14872
2016,FEMALE,TEST,Name14873,100,14873
2016,FEMALE,TEST,Name14874,100,14874
2016,FEMALE,TEST,Name14875,100,14875
2016,FEMALE,TEST,Name14876,100,14876
2016,FEMALE,TEST,Name14877,100,14877
2016,FEMALE,TEST,Name14878,100,14878
2016,FEMALE,TEST,Name14879,100,14879
2016,FEMALE,TEST,Name14880,100,14880
2016,FEMALE,TEST,Name14881,100,14881
2016,FEMALE,TEST,Name14882,100,14882
2016,FEMALE,TEST,Name14883,100,14883
2016,FEMALE,TEST,Name14884,100,14884
2016,FEMALE,TEST,Name14885,100,14885
2016,FEMALE,TEST,Name14886,100,14886
2016,FEMALE,TEST,Name14887,100,14887
2016,FEMALE,TEST,Name14888,100,14888
2016,FEMALE,TEST,Name14889,100,14889
2016,FEMALE,TEST,Name14890,100,14890
2016,FEMALE,TEST,Name14891,100,14891
2016,FEMALE,TEST,Name14892,100,14892
2016,FEMALE,TEST,Name14893,100,14893
2016,FEMALE,TEST,Name14894,100,14894
2016,FEMALE,TEST,Name14895,100,14895
2016,FEMALE,TEST,Name14896,100,14896
2016,FEMALE,TEST,Name14897,100,14897
2016,FEMALE,TEST,Name14898,100,14898
2016,FEMALE,TEST,Name14899,100,14899
2016,FEMALE,TEST,Name14900,100,14900
2016,FEMALE,TEST,Name14901,100,14901
2016,FEMALE,TEST,Name14902,100,14902
2016,FEMALE,TEST,Name14903,100,14903
2016,FEMALE,TEST,Name14904,100,14904
2016,FEMALE,TEST,Name14905,100,14905
2016,FEMALE,TEST,Name14906,100,14906
2016,FEMALE,TEST,Name14907,100,14907
2016,FEMALE,TEST,Name14908,100,14908
2016,FEMALE,TEST,Name14909,100,14909
2016,FEMALE,TEST,Name14910,100,14910
2016,FEMALE,TEST,Name14911,100,14911
2016,FEMALE,TEST,Name14912,100,14912
2016,FEMALE,TEST,Name14913,100,14913
2016,FEMALE,TEST,Name14914,100,14914
2016,FEMALE,TEST,Name14915,100,14915
2016,FEMALE,TEST,Name14916,100,14916
2016,FEMALE,TEST,Name14917,100,14917
2016,FEMALE,TEST,Name14918,100,14918
2016,FEMALE,TEST,Name14919,100,14919
2016,FEMALE,TEST,Name14920,100,14920
2016,FEMALE,TEST,Name14921,100,14921
2016,FEMALE,TEST,Name14922,100,14922
2016,FEMALE,TEST,Name14923,100,14923
2016,FEMALE,TEST,Name14924,100,14924
2016,FEMALE,TEST,Name14925,100,14925
2016,FEMALE,TEST,Name14926,100,14926
2016,FEMALE,TEST,Name14927,100,14927
2016,FEMALE,TEST,Name14928,100,14928
2016,FEMALE,TEST,Name14929,100,14929
2016,FEMALE,TEST,Name14930,100,14930
2016,FEMALE,TEST,Name14931,100,14931
2016,FEMALE,TEST,Name14932,100,14932
2016,FEMALE,TEST,Name14933,100,14933
2016,FEMALE,TEST,Name14934,100,14934
2016,FEMALE,TEST,Name14935,100,14935
2016,FEMALE,TEST,Name14936,100,14936
2016,FEMALE,TEST,Name14937,100,14937
2016,FEMALE,TEST,Name14938,100,14938
2016,FEMALE,TEST,Name14939,100,14939
2016,FEMALE,TEST,Name14940,100,14940
2016,FEMALE,TEST,Name14941,100,14941
2016,FEMALE,TEST,Name14942,100,14942
2016,FEMALE,TEST,Name14943,100,14943
2016,FEMALE,TEST,Name14944,100,14944
2016,FEMALE,TEST,Name14945,100,14945
2016,FEMALE,TEST,Name14946,100,14946
2016,FEMALE,TEST,Name14947,100,14947
2016,FEMALE,TEST,Name14948,100,14948
2016,FEMALE,TEST,Name14949,100,14949
2016,FEMALE,TEST,Name14950,100,14950
2016,FEMALE,TEST,Name14951,100,14951
2016,FEMALE,TEST,Name14952,100,14952
2016,FEMALE,TEST,Name14953,100,14953
2016,FEMALE,TEST,Name14954,100,14954
2016,FEMALE,TEST,Name14955,100,14955
2016,FEMALE,TEST,Name14956,100,14956
2016,FEMALE,TEST,Name14957,100,14957
2016,FEMALE,TEST,Name14958,100,14958
2016,FEMALE,TEST,Name14959,100,14959
2016,FEMALE,TEST,Name14960,100,14960
2016,FEMALE,TEST,Name14961,100,14961
2016,FEMALE,TEST,Name14962,100,14962
2016,FEMALE,TEST,Name14963,100,14963
2016,FEMALE,TEST,Name14964,100,14964
2016,FEMALE,TEST,Name14965,100,14965
2016,FEMALE,TEST,Name14966,100,14966
2016,FEMALE,TEST,Name14967,100,14967
2016,FEMALE,TEST,Name14968,100,14968
2016,FEMALE,TEST,Name14969,100,14969
2016,FEMALE,TEST,Name14970,100,14970
2016,FEMALE,TEST,Name14971,100,14971
2016,FEMALE,TEST,Name14972,100,14972
2016,FEMALE,TEST,Name14973,100,14973
2016,FEMALE,TEST,Name14974,100,14974
2016,FEMALE,TEST,Name14975,100,14975
2016,FEMALE,TEST,Name14976,100,14976
2016,FEMALE,TEST,Name14977,100,14977
2016,FEMALE,TEST,Name14978,100,14978
2016,FEMALE,TEST,Name14979,100,14979
2016,FEMALE,TEST,Name14980,100,14980
2016,FEMALE,TEST,Name14981,100,14981
2016,FEMALE,TEST,Name14982,100,14982
2016,FEMALE,TEST,Name14983,100,14983
2016,FEMALE,TEST,Name14984,100,14984
2016,FEMALE,TEST,Name14985,100,14985
2016,FEMALE,TEST,Name14986,100,14986
2016,FEMALE,TEST,Name14987,100,14987
2016,FEMALE,TEST,Name14988,100,14988
2016,FEMALE,TEST,Name14989,100,14989
2016,FEMALE,TEST,Name14990,100,14990
2016,FEMALE,TEST,Name14991,100,14991
2016,FEMALE,TEST,Name14992,100,14992
2016,FEMALE,TEST,Name14993,100,14993
2016,FEMALE,TEST,Name14994,100,14994
2016,FEMALE,TEST,Name14995,100,14995
2016,FEMALE,TEST,Name14996,100,14996
2016,FEMALE,TEST,Name14997,100,14997
2016,FEMALE,TEST,Name14998,100,14998
2016,FEMALE,TEST,Name14999,100,14999
2016,FEMALE,TEST,Name15000,100,15000
2016,FEMALE,TEST,Name15001,100,15001
2016,FEMALE,TEST,Name15002,100,15002
2016,FEMALE,TEST,Name15003,100,15003
2016,FEMALE,TEST,Name15004,100,15004
2016,FEMALE,TEST,Name15005,100,15005
2016,FEMALE,TEST,Name15006,100,15006
2016,FEMALE,TEST,Name15007,100,15007
2016,FEMALE,TEST,Name15008,100,15008
2016,FEMALE,TEST,Name15009,100,15009
2016,FEMALE,TEST,Name15010,100,15010
2016,FEMALE,TEST,Name15011,100,15011
2016,FEMALE,TEST,Name15012,100,15012
2016,FEMALE,TEST,Name15013,100,15013
2016,FEMALE,TEST,Name15014,100,15014
2016,FEMALE,TEST,Name15015,100,15015
2016,FEMALE,TEST,Name15016,100,15016
2016,FEMALE,TEST,Name15017,100,15017
2016,FEMALE,TEST,Name15018,100,15018
2016,FEMALE,TEST,Name15019,100,15019
2016,FEMALE,TEST,Name15020,100,15020
2016,FEMALE,TEST,Name15021,100,15021
2016,FEMALE,TEST,Name15022,100,15022
2016,FEMALE,TEST,Name15023,100,15023
2016,FEMALE,TEST,Name15024,100,15024
2016,FEMALE,TEST,Name15025,100,15025
2016,FEMALE,TEST,Name15026,100,15026
2016,FEMALE,TEST,Name15027,100,15027
2016,FEMALE,TEST,Name15028,100,15028
2016,FEMALE,TEST,Name15029,100,15029
2016,FEMALE,TEST,Name15030,100,15030
2016,FEMALE,TEST,Name15031,100,15031
2016,FEMALE,TEST,Name15032,100,15032
2016,FEMALE,TEST,Name15033,100,15033
2016,FEMALE,TEST,Name15034,100,15034
2016,FEMALE,TEST,Name15035,100,15035
2016,FEMALE,TEST,Name15036,100,15036
2016,FEMALE,TEST,Name15037,100,15037
2016,FEMALE,TEST,Name15038,100,15038
2016,FEMALE,TEST,Name15039,100,15039
2016,FEMALE,TEST,Name15040,100,15040
2016,FEMALE,TEST,Name15041,100,15041
2016,FEMALE,TEST,Name15042,100,15042
2016,FEMALE,TEST,Name15043,100,15043
2016,FEMALE,TEST,Name15044,100,15044
2016,FEMALE,TEST,Name15045,100,15045
2016,FEMALE,TEST,Name15046,100,15046
2016,FEMALE,TEST,Name15047,100,15047
2016,FEMALE,TEST,Name15048,100,15048
2016,FEMALE,TEST,Name15049,100,15049
2016,FEMALE,TEST,Name15050,100,15050
2016,FEMALE,TEST,Name15051,100,15051
2016,FEMALE,TEST,Name15052,100,15052
2016,FEMALE,TEST,Name15053,100,15053
2016,FEMALE,TEST,Name15054,100,15054
2016,FEMALE,TEST,Name15055,100,15055
2016,FEMALE,TEST,Name15056,100,15056
2016,FEMALE,TEST,Name15057,100,15057
2016,FEMALE,TEST,Name15058,100,15058
2016,FEMALE,TEST,Name15059,100,15059
2016,FEMALE,TEST,Name15060,100,15060
2016,FEMALE,TEST,Name15061,100,15061
2016,FEMALE,TEST,Name15062,100,15062
2016,FEMALE,TEST,Name15063,100,15063
2016,FEMALE,TEST,Name15064,100,15064
2016,FEMALE,TEST,Name15065,100,15065
2016,FEMALE,TEST,Name15066,100,15066
2016,FEMALE,TEST,Name15067,100,15067
2016,FEMALE,TEST,Name15068,100,15068
2016,FEMALE,TEST,Name15069,100,15069
2016,FEMALE,TEST,Name15070,100,15070
2016,FEMALE,TEST,Name15071,100,15071
2016,FEMALE,TEST,Name15072,100,15072
2016,FEMALE,TEST,Name15073,100,15073
2016,FEMALE,TEST,Name15074,100,15074
2016,FEMALE,TEST,Name15075,100,15075
2016,FEMALE,TEST,Name15076,100,15076
2016,FEMALE,TEST,Name15077,100,15077
2016,FEMALE,TEST,Name15078,100,15078
2016,FEMALE,TEST,Name15079,100,15079
2016,FEMALE,TEST,Name15080,100,15080
2016,FEMALE,TEST,Name15081,100,15081
2016,FEMALE,TEST,Name15082,100,15082
2016,FEMALE,TEST,Name15083,100,15083
2016,FEMALE,TEST,Name15084,100,15084
2016,FEMALE,TEST,Name15085,100,15085
2016,FEMALE,TEST,Name15086,100,15086
2016,FEMALE,TEST,Name15087,100,15087
2016,FEMALE,TEST,Name15088,100,15088
2016,FEMALE,TEST,Name15089,100,15089
2016,FEMALE,TEST,Name15090,100,15090
2016,FEMALE,TEST,Name15091,100,15091
2016,FEMALE,TEST,Name15092,100,15092
2016,FEMALE,TEST,Name15093,100,15093
2016,FEMALE,TEST,Name15094,100,15094
2016,FEMALE,TEST,Name15095,100,15095
2016,FEMALE,TEST,Name15096,100,15096
2016,FEMALE,TEST,Name15097,100,15097
2016,FEMALE,TEST,Name15098,100,15098
2016,FEMALE,TEST,Name15099,100,15099
2016,FEMALE,TEST,Name15100,100,15100
2016,FEMALE,TEST,Name15101,100,15101
2016,FEMALE,TEST,Name15102,100,15102
2016,FEMALE,TEST,Name15103,100,15103
2016,FEMALE,TEST,Name15104,100,15104
2016,FEMALE,TEST,Name15105,100,15105
2016,FEMALE,TEST,Name15106,100,15106
2016,FEMALE,TEST,Name15107,100,15107
2016,FEMALE,TEST,Name15108,100,15108
2016,FEMALE,TEST,Name15109,100,15109
2016,FEMALE,TEST,Name15110,100,15110
2016,FEMALE,TEST,Name15111,100,15111
2016,FEMALE,TEST,Name15112,100,15112
2016,FEMALE,TEST,Name15113,100,15113
2016,FEMALE,TEST,Name15114,100,15114
2016,FEMALE,TEST,Name15115,100,15115
2016,FEMALE,TEST,Name15116,100,15116
2016,FEMALE,TEST,Name15117,100,15117
2016,FEMALE,TEST,Name15118,100,15118
2016,FEMALE,TEST,Name15119,100,15119
2016,FEMALE,TEST,Name15120,100,15120
2016,FEMALE,TEST,Name15121,100,15121
2016,FEMALE,TEST,Name15122,100,15122
2016,FEMALE,TEST,Name15123,100,15123
2016,FEMALE,TEST,Name15124,100,15124
2016,FEMALE,TEST,Name15125,100,15125
2016,FEMALE,TEST,Name15126,100,15126
2016,FEMALE,TEST,Name15127,100,15127
2016,FEMALE,TEST,Name15128,100,15128
2016,FEMALE,TEST,Name15129,100,15129
2016,FEMALE,TEST,Name15130,100,15130
2016,FEMALE,TEST,Name15131,100,15131
2016,FEMALE,TEST,Name15132,100,15132
2016,FEMALE,TEST,Name15133,100,15133
2016,FEMALE,TEST,Name15134,100,15134
2016,FEMALE,TEST,Name15135,100,15135
2016,FEMALE,TEST,Name15136,100,15136
2016,FEMALE,TEST,Name15137,100,15137
2016,FEMALE,TEST,Name15138,100,15138
2016,FEMALE,TEST,Name15139,100,15139
2016,FEMALE,TEST,Name15140,100,15140
2016,FEMALE,TEST,Name15141,100,15141
2016,FEMALE,TEST,Name15142,100,15142
2016,FEMALE,TEST,Name15143,100,15143
2016,FEMALE,TEST,Name15144,100,15144
2016,FEMALE,TEST,Name15145,100,15145
2016,FEMALE,TEST,Name15146,100,15146
2016,FEMALE,TEST,Name15147,100,15147
2016,FEMALE,TEST,Name15148,100,15148
2016,FEMALE,TEST,Name15149,100,15149
2016,FEMALE,TEST,Name15150,100,15150
2016,FEMALE,TEST,Name15151,100,15151
2016,FEMALE,TEST,Name15152,100,15152
2016,FEMALE,TEST,Name15153,100,15153
2016,FEMALE,TEST,Name15154,100,15154
2016,FEMALE,TEST,Name15155,100,15155
2016,FEMALE,TEST,Name15156,100,15156
2016,FEMALE,TEST,Name15157,100,15157
2016,FEMALE,TEST,Name15158,100,15158
2016,FEMALE,TEST,Name15159,100,15159
2016,FEMALE,TEST,Name15160,100,15160
2016,FEMALE,TEST,Name15161,100,15161
2016,FEMALE,TEST,Name15162,100,15162
2016,FEMALE,TEST,Name15163,100,15163
2016,FEMALE,TEST,Name15164,100,15164
2016,FEMALE,TEST,Name15165,100,15165
2016,FEMALE,TEST,Name15166,100,15166
2016,FEMALE,TEST,Name15167,100,15167
2016,FEMALE,TEST,Name15168,100,15168
2016,FEMALE,TEST,Name15169,100,15169
2016,FEMALE,TEST,Name15170,100,15170
2016,FEMALE,TEST,Name15171,100,15171
2016,FEMALE,TEST,Name15172,100,15172
2016,FEMALE,TEST,Name15173,100,15173
2016,FEMALE,TEST,Name15174,100,15174
2016,FEMALE,TEST,Name15175,100,15175
2016,FEMALE,TEST,Name15176,100,15176
2016,FEMALE,TEST,Name15177,100,15177
2016,FEMALE,TEST,Name15178,100,15178
2016,FEMALE,TEST,Name15179,100,15179
2016,FEMALE,TEST,Name15180,100,15180
2016,FEMALE,TEST,Name15181,100,15181
2016,FEMALE,TEST,Name15182,100,15182
2016,FEMALE,TEST,Name15183,100,15183
2016,FEMALE,TEST,Name15184,100,15184
2016,FEMALE,TEST,Name15185,100,15185
2016,FEMALE,TEST,Name15186,100,15186
2016,FEMALE,TEST,Name15187,100,15187
2016,FEMALE,TEST,Name15188,100,15188
2016,FEMALE,TEST,Name15189,100,15189
2016,FEMALE,TEST,Name15190,100,15190
2016,FEMALE,TEST,Name15191,100,15191
2016,FEMALE,TEST,Name15192,100,15192
2016,FEMALE,TEST,Name15193,100,15193
2016,FEMALE,TEST,Name15194,100,15194
2016,FEMALE,TEST,Name15195,100,15195
2016,FEMALE,TEST,Name15196,100,15196
2016,FEMALE,TEST,Name15197,100,15197
2016,FEMALE,TEST,Name15198,100,15198
2016,FEMALE,TEST,Name15199,100,15199
2016,FEMALE,TEST,Name15200,100,15200
2016,FEMALE,TEST,Name15201,100,15201
2016,FEMALE,TEST,Name15202,100,15202
2016,FEMALE,TEST,Name15203,100,15203
2016,FEMALE,TEST,Name15204,100,15204
2016,FEMALE,TEST,Name15205,100,15205
2016,FEMALE,TEST,Name15206,100,15206
2016,FEMALE,TEST,Name15207,100,15207
2016,FEMALE,TEST,Name15208,100,15208
2016,FEMALE,TEST,Name15209,100,15209
2016,FEMALE,TEST,Name15210,100,15210
2016,FEMALE,TEST,Name15211,100,15211
2016,FEMALE,TEST,Name15212,100,15212
2016,FEMALE,TEST,Name15213,100,15213
2016,FEMALE,TEST,Name15214,100,15214
2016,FEMALE,TEST,Name15215,100,15215
2016,FEMALE,TEST,Name15216,100,15216
2016,FEMALE,TEST,Name15217,100,15217
2016,FEMALE,TEST,Name15218,100,15218
2016,FEMALE,TEST,Name15219,100,15219
2016,FEMALE,TEST,Name15220,100,15220
2016,FEMALE,TEST,Name15221,100,15221
2016,FEMALE,TEST,Name15222,100,15222
2016,FEMALE,TEST,Name15223,100,15223
2016,FEMALE,TEST,Name15224,100,15224
2016,FEMALE,TEST,Name15225,100,15225
2016,FEMALE,TEST,Name15226,100,15226
2016,FEMALE,TEST,Name15227,100,15227
2016,FEMALE,TEST,Name15228,100,15228
2016,FEMALE,TEST,Name15229,100,15229
2016,FEMALE,TEST,Name15230,100,15230
2016,FEMALE,TEST,Name15231,100,15231
2016,FEMALE,TEST,Name15232,100,15232
2016,FEMALE,TEST,Name15233,100,15233
2016,FEMALE,TEST,Name15234,100,15234
2016,FEMALE,TEST,Name15235,100,15235
2016,FEMALE,TEST,Name15236,100,15236
2016,FEMALE,TEST,Name15237,100,15237
2016,FEMALE,TEST,Name15238,100,15238
2016,FEMALE,TEST,Name15239,100,15239
2016,FEMALE,TEST,Name15240,100,15240
2016,FEMALE,TEST,Name15241,100,15241
2016,FEMALE,TEST,Name15242,100,15242
2016,FEMALE,TEST,Name15243,100,15243
2016,FEMALE,TEST,Name15244,100,15244
2016,FEMALE,TEST,Name15245,100,15245
2016,FEMALE,TEST,Name15246,100,15246
2016,FEMALE,TEST,Name15247,100,15247
2016,FEMALE,TEST,Name15248,100,15248
2016,FEMALE,TEST,Name15249,100,15249
2016,FEMALE,TEST,Name15250,100,15250
2016,FEMALE,TEST,Name15251,100,15251
2016,FEMALE,TEST,Name15252,100,15252
2016,FEMALE,TEST,Name15253,100,15253
2016,FEMALE,TEST,Name15254,100,15254
2016,FEMALE,TEST,Name15255,100,15255
2016,FEMALE,TEST,Name15256,100,15256
2016,FEMALE,TEST,Name15257,100,15257
2016,FEMALE,TEST,Name15258,100,15258
2016,FEMALE,TEST,Name15259,100,15259
2016,FEMALE,TEST,Name15260,100,15260
2016,FEMALE,TEST,Name15261,100,15261
2016,FEMALE,TEST,Name15262,100,15262
2016,FEMALE,TEST,Name15263,100,15263
2016,FEMALE,TEST,Name15264,100,15264
2016,FEMALE,TEST,Name15265,100,15265
2016,FEMALE,TEST,Name15266,100,15266
2016,FEMALE,TEST,Name15267,100,15267
2016,FEMALE,TEST,Name15268,100,15268
2016,FEMALE,TEST,Name15269,100,15269
2016,FEMALE,TEST,Name15270,100,15270
2016,FEMALE,TEST,Name15271,100,15271
2016,FEMALE,TEST,Name15272,100,15272
2016,FEMALE,TEST,Name15273,100,15273
2016,FEMALE,TEST,Name15274,100,15274
2016,FEMALE,TEST,Name15275,100,15275
2016,FEMALE,TEST,Name15276,100,15276
2016,FEMALE,TEST,Name15277,100,15277
2016,FEMALE,TEST,Name15278,100,15278
2016,FEMALE,TEST,Name15279,100,15279
2016,FEMALE,TEST,Name15280,100,15280
2016,FEMALE,TEST,Name15281,100,15281
2016,FEMALE,TEST,Name15282,100,15282
2016,FEMALE,TEST,Name15283,100,15283
2016,FEMALE,TEST,Name15284,100,15284
2016,FEMALE,TEST,Name15285,100,15285
2016,FEMALE,TEST,Name15286,100,15286
2016,FEMALE,TEST,Name15287,100,15287
2016,FEMALE,TEST,Name15288,100,15288
2016,FEMALE,TEST,Name15289,100,15289
2016,FEMALE,TEST,Name15290,100,15290
2016,FEMALE,TEST,Name15291,100,15291
2016,FEMALE,TEST,Name15292,100,15292
2016,FEMALE,TEST,Name15293,100,15293
2016,FEMALE,TEST,Name15294,100,15294
2016,FEMALE,TEST,Name15295,100,15295
2016,FEMALE,TEST,Name15296,100,15296
2016,FEMALE,TEST,Name15297,100,15297
2016,FEMALE,TEST,Name15298,100,15298
2016,FEMALE,TEST,Name15299,100,15299
2016,FEMALE,TEST,Name15300,100,15300
2016,FEMALE,TEST,Name15301,100,15301
2016,FEMALE,TEST,Name15302,100,15302
2016,FEMALE,TEST,Name15303,100,15303
2016,FEMALE,TEST,Name15304,100,15304
2016,FEMALE,TEST,Name15305,100,15305
2016,FEMALE,TEST,Name15306,100,15306
2016,FEMALE,TEST,Name15307,100,15307
2016,FEMALE,TEST,Name15308,100,15308
2016,FEMALE,TEST,Name15309,100,15309
2016,FEMALE,TEST,Name15310,100,15310
2016,FEMALE,TEST,Name15311,100,15311
2016,FEMALE,TEST,Name15312,100,15312
2016,FEMALE,TEST,Name15313,100,15313
2016,FEMALE,TEST,Name15314,100,15314
2016,FEMALE,TEST,Name15315,100,15315
2016,FEMALE,TEST,Name15316,100,15316
2016,FEMALE,TEST,Name15317,100,15317
2016,FEMALE,TEST,Name15318,100,15318
2016,FEMALE,TEST,Name15319,100,15319
2016,FEMALE,TEST,Name15320,100,15320
2016,FEMALE,TEST,Name15321,100,15321
2016,FEMALE,TEST,Name15322,100,15322
2016,FEMALE,TEST,Name15323,100,15323
2016,FEMALE,TEST,Name15324,100,15324
2016,FEMALE,TEST,Name15325,100,15325
2016,FEMALE,TEST,Name15326,100,15326
2016,FEMALE,TEST,Name15327,100,15327
2016,FEMALE,TEST,Name15328,100,15328
2016,FEMALE,TEST,Name15329,100,15329
2016,FEMALE,TEST,Name15330,100,15330
2016,FEMALE,TEST,Name15331,100,15331
2016,FEMALE,TEST,Name15332,100,15332
2016,FEMALE,TEST,Name15333,100,15333
2016,FEMALE,TEST,Name15334,100,15334
2016,FEMALE,TEST,Name15335,100,15335
2016,FEMALE,TEST,Name15336,100,15336
2016,FEMALE,TEST,Name15337,100,15337
2016,FEMALE,TEST,Name15338,100,15338
2016,FEMALE,TEST,Name15339,100,15339
2016,FEMALE,TEST,Name15340,100,15340
2016,FEMALE,TEST,Name15341,100,15341
2016,FEMALE,TEST,Name15342,100,15342
2016,FEMALE,TEST,Name15343,100,15343
2016,FEMALE,TEST,Name15344,100,15344
2016,FEMALE,TEST,Name15345,100,15345
2016,FEMALE,TEST,Name15346,100,15346
2016,FEMALE,TEST,Name15347,100,15347
2016,FEMALE,TEST,Name15348,100,15348
2016,FEMALE,TEST,Name15349,100,15349
2016,FEMALE,TEST,Name15350,100,15350
2016,FEMALE,TEST,Name15351,100,15351
2016,FEMALE,TEST,Name15352,100,15352
2016,FEMALE,TEST,Name15353,100,15353
2016,FEMALE,TEST,Name15354,100,15354
2016,FEMALE,TEST,Name15355,100,15355
2016,FEMALE,TEST,Name15356,100,15356
2016,FEMALE,TEST,Name15357,100,15357
2016,FEMALE,TEST,Name15358,100,15358
2016,FEMALE,TEST,Name15359,100,15359
2016,FEMALE,TEST,Name15360,100,15360
2016,FEMALE,TEST,Name15361,100,15361
2016,FEMALE,TEST,Name15362,100,15362
2016,FEMALE,TEST,Name15363,100,15363
2016,FEMALE,TEST,Name15364,100,15364
2016,FEMALE,TEST,Name15365,100,15365
2016,FEMALE,TEST,Name15366,100,15366
2016,FEMALE,TEST,Name15367,100,15367
2016,FEMALE,TEST,Name15368,100,15368
2016,FEMALE,TEST,Name15369,100,15369
2016,FEMALE,TEST,Name15370,100,15370
2016,FEMALE,TEST,Name15371,100,15371
2016,FEMALE,TEST,Name15372,100,15372
2016,FEMALE,TEST,Name15373,100,15373
2016,FEMALE,TEST,Name15374,100,15374
2016,FEMALE,TEST,Name15375,100,15375
2016,FEMALE,TEST,Name15376,100,15376
2016,FEMALE,TEST,Name15377,100,15377
2016,FEMALE,TEST,Name15378,100,15378
2016,FEMALE,TEST,Name15379,100,15379
2016,FEMALE,TEST,Name15380,100,15380
2016,FEMALE,TEST,Name15381,100,15381
2016,FEMALE,TEST,Name15382,100,15382
2016,FEMALE,TEST,Name15383,100,15383
2016,FEMALE,TEST,Name15384,100,15384
2016,FEMALE,TEST,Name15385,100,15385
2016,FEMALE,TEST,Name15386,100,15386
2016,FEMALE,TEST,Name15387,100,15387
2016,FEMALE,TEST,Name15388,100,15388
2016,FEMALE,TEST,Name15389,100,15389
2016,FEMALE,TEST,Name15390,100,15390
2016,FEMALE,TEST,Name15391,100,15391
2016,FEMALE,TEST,Name15392,100,15392
2016,FEMALE,TEST,Name15393,100,15393
2016,FEMALE,TEST,Name15394,100,15394
2016,FEMALE,TEST,Name15395,100,15395
2016,FEMALE,TEST,Name15396,100,15396
2016,FEMALE,TEST,Name15397,100,15397
2016,FEMALE,TEST,Name15398,100,15398
2016,FEMALE,TEST,Name15399,100,15399
2016,FEMALE,TEST,Name15400,100,15400
2016,FEMALE,TEST,Name15401,100,15401
2016,FEMALE,TEST,Name15402,100,15402
2016,FEMALE,TEST,Name15403,100,15403
2016,FEMALE,TEST,Name15404,100,15404
2016,FEMALE,TEST,Name15405,100,15405
2016,FEMALE,TEST,Name15406,100,15406
2016,FEMALE,TEST,Name15407,100,15407
2016,FEMALE,TEST,Name15408,100,15408
2016,FEMALE,TEST,Name15409,100,15409
2016,FEMALE,TEST,Name15410,100,15410
2016,FEMALE,TEST,Name15411,100,15411
2016,FEMALE,TEST,Name15412,100,15412
2016,FEMALE,TEST,Name15413,100,15413
2016,FEMALE,TEST,Name15414,100,15414
2016,FEMALE,TEST,Name15415,100,15415
2016,FEMALE,TEST,Name15416,100,15416
2016,FEMALE,TEST,Name15417,100,15417
2016,FEMALE,TEST,Name15418,100,15418
2016,FEMALE,TEST,Name15419,100,15419
2016,FEMALE,TEST,Name15420,100,15420
2016,FEMALE,TEST,Name15421,100,15421
2016,FEMALE,TEST,Name15422,100,15422
2016,FEMALE,TEST,Name15423,100,15423
2016,FEMALE,TEST,Name15424,100,15424
2016,FEMALE,TEST,Name15425,100,15425
2016,FEMALE,TEST,Name15426,100,15426
2016,FEMALE,TEST,Name15427,100,15427
2016,FEMALE,TEST,Name15428,100,15428
2016,FEMALE,TEST,Name15429,100,15429
2016,FEMALE,TEST,Name15430,100,15430
2016,FEMALE,TEST,Name15431,100,15431
2016,FEMALE,TEST,Name15432,100,15432
2016,FEMALE,TEST,Name15433,100,15433
2016,FEMALE,TEST,Name15434,100,15434
2016,FEMALE,TEST,Name15435,100,15435
2016,FEMALE,TEST,Name15436,100,15436
2016,FEMALE,TEST,Name15437,100,15437
2016,FEMALE,TEST,Name15438,100,15438
2016,FEMALE,TEST,Name15439,100,15439
2016,FEMALE,TEST,Name15440,100,15440
2016,FEMALE,TEST,Name15441,100,15441
2016,FEMALE,TEST,Name15442,100,15442
2016,FEMALE,TEST,Name15443,100,15443
2016,FEMALE,TEST,Name15444,100,15444
2016,FEMALE,TEST,Name15445,100,15445
2016,FEMALE,TEST,Name15446,100,15446
2016,FEMALE,TEST,Name15447,100,15447
2016,FEMALE,TEST,Name15448,100,15448
2016,FEMALE,TEST,Name15449,100,15449
2016,FEMALE,TEST,Name15450,100,15450
2016,FEMALE,TEST,Name15451,100,15451
2016,FEMALE,TEST,Name15452,100,15452
2016,FEMALE,TEST,Name15453,100,15453
2016,FEMALE,TEST,Name15454,100,15454
2016,FEMALE,TEST,Name15455,100,15455
2016,FEMALE,TEST,Name15456,100,15456
2016,FEMALE,TEST,Name15457,100,15457
2016,FEMALE,TEST,Name15458,100,15458
2016,FEMALE,TEST,Name15459,100,15459
2016,FEMALE,TEST,Name15460,100,15460
2016,FEMALE,TEST,Name15461,100,15461
2016,FEMALE,TEST,Name15462,100,15462
2016,FEMALE,TEST,Name15463,100,15463
2016,FEMALE,TEST,Name15464,100,15464
2016,FEMALE,TEST,Name15465,100,15465
2016,FEMALE,TEST,Name15466,100,15466
2016,FEMALE,TEST,Name15467,100,15467
2016,FEMALE,TEST,Name15468,100,15468
2016,FEMALE,TEST,Name15469,100,15469
2016,FEMALE,TEST,Name15470,100,15470
2016,FEMALE,TEST,Name15471,100,15471
2016,FEMALE,TEST,Name15472,100,15472
2016,FEMALE,TEST,Name15473,100,15473
2016,FEMALE,TEST,Name15474,100,15474
2016,FEMALE,TEST,Name15475,100,15475
2016,FEMALE,TEST,Name15476,100,15476
2016,FEMALE,TEST,Name15477,100,15477
2016,FEMALE,TEST,Name15478,100,15478
2016,FEMALE,TEST,Name15479,100,15479
2016,FEMALE,TEST,Name15480,100,15480
2016,FEMALE,TEST,Name15481,100,15481
2016,FEMALE,TEST,Name15482,100,15482
2016,FEMALE,TEST,Name15483,100,15483
2016,FEMALE,TEST,Name15484,100,15484
2016,FEMALE,TEST,Name15485,100,15485
2016,FEMALE,TEST,Name15486,100,15486
2016,FEMALE,TEST,Name15487,100,15487
2016,FEMALE,TEST,Name15488,100,15488
2016,FEMALE,TEST,Name15489,100,15489
2016,FEMALE,TEST,Name15490,100,15490
2016,FEMALE,TEST,Name15491,100,15491
2016,FEMALE,TEST,Name15492,100,15492
2016,FEMALE,TEST,Name15493,100,15493
2016,FEMALE,TEST,Name15494,100,15494
2016,FEMALE,TEST,Name15495,100,15495
2016,FEMALE,TEST,Name15496,100,15496
2016,FEMALE,TEST,Name15497,100,15497
2016,FEMALE,TEST,Name15498,100,15498
2016,FEMALE,TEST,Name15499,100,15499
2016,FEMALE,TEST,Name15500,100,15500
2016,FEMALE,TEST,Name15501,100,15501
2016,FEMALE,TEST,Name15502,100,15502
2016,FEMALE,TEST,Name15503,100,15503
2016,FEMALE,TEST,Name15504,100,15504
2016,FEMALE,TEST,Name15505,100,15505
2016,FEMALE,TEST,Name15506,100,15506
2016,FEMALE,TEST,Name15507,100,15507
2016,FEMALE,TEST,Name15508,100,15508
2016,FEMALE,TEST,Name15509,100,15509
2016,FEMALE,TEST,Name15510,100,15510
2016,FEMALE,TEST,Name15511,100,15511
2016,FEMALE,TEST,Name15512,100,15512
2016,FEMALE,TEST,Name15513,100,15513
2016,FEMALE,TEST,Name15514,100,15514
2016,FEMALE,TEST,Name15515,100,15515
2016,FEMALE,TEST,Name15516,100,15516
2016,FEMALE,TEST,Name15517,100,15517
2016,FEMALE,TEST,Name15518,100,15518
2016,FEMALE,TEST,Name15519,100,15519
2016,FEMALE,TEST,Name15520,100,15520
2016,FEMALE,TEST,Name15521,100,15521
2016,FEMALE,TEST,Name15522,100,15522
2016,FEMALE,TEST,Name15523,100,15523
2016,FEMALE,TEST,Name15524,100,15524
2016,FEMALE,TEST,Name15525,100,15525
2016,FEMALE,TEST,Name15526,100,15526
2016,FEMALE,TEST,Name15527,100,15527
2016,FEMALE,TEST,Name15528,100,15528
2016,FEMALE,TEST,Name15529,100,15529
2016,FEMALE,TEST,Name15530,100,15530
2016,FEMALE,TEST,Name15531,100,15531
2016,FEMALE,TEST,Name15532,100,15532
2016,FEMALE,TEST,Name15533,100,15533
2016,FEMALE,TEST,Name15534,100,15534
2016,FEMALE,TEST,Name15535,100,15535
2016,FEMALE,TEST,Name15536,100,15536
2016,FEMALE,TEST,Name15537,100,15537
2016,FEMALE,TEST,Name15538,100,15538
2016,FEMALE,TEST,Name15539,100,15539
2016,FEMALE,TEST,Name15540,100,15540
2016,FEMALE,TEST,Name15541,100,15541
2016,FEMALE,TEST,Name15542,100,15542
2016,FEMALE,TEST,Name15543,100,15543
2016,FEMALE,TEST,Name15544,100,15544
2016,FEMALE,TEST,Name15545,100,15545
2016,FEMALE,TEST,Name15546,100,15546
2016,FEMALE,TEST,Name15547,100,15547
2016,FEMALE,TEST,Name15548,100,15548
2016,FEMALE,TEST,Name15549,100,15549
2016,FEMALE,TEST,Name15550,100,15550
2016,FEMALE,TEST,Name15551,100,15551
2016,FEMALE,TEST,Name15552,100,15552
2016,FEMALE,TEST,Name15553,100,15553
2016,FEMALE,TEST,Name15554,100,15554
2016,FEMALE,TEST,Name15555,100,15555
2016,FEMALE,TEST,Name15556,100,15556
2016,FEMALE,TEST,Name15557,100,15557
2016,FEMALE,TEST,Name15558,100,15558
2016,FEMALE,TEST,Name15559,100,15559
2016,FEMALE,TEST,Name15560,100,15560
2016,FEMALE,TEST,Name15561,100,15561
2016,FEMALE,TEST,Name15562,100,15562
2016,FEMALE,TEST,Name15563,100,15563
2016,FEMALE,TEST,Name15564,100,15564
2016,FEMALE,TEST,Name15565,100,15565
2016,FEMALE,TEST,Name15566,100,15566
2016,FEMALE,TEST,Name15567,100,15567
2016,FEMALE,TEST,Name15568,100,15568
2016,FEMALE,TEST,Name15569,100,15569
2016,FEMALE,TEST,Name15570,100,15570
2016,FEMALE,TEST,Name15571,100,15571
2016,FEMALE,TEST,Name15572,100,15572
2016,FEMALE,TEST,Name15573,100,15573
2016,FEMALE,TEST,Name15574,100,15574
2016,FEMALE,TEST,Name15575,100,15575
2016,FEMALE,TEST,Name15576,100,15576
2016,FEMALE,TEST,Name15577,100,15577
2016,FEMALE,TEST,Name15578,100,15578
2016,FEMALE,TEST,Name15579,100,15579
2016,FEMALE,TEST,Name15580,100,15580
2016,FEMALE,TEST,Name15581,100,15581
2016,FEMALE,TEST,Name15582,100,15582
2016,FEMALE,TEST,Name15583,100,15583
2016,FEMALE,TEST,Name15584,100,15584
2016,FEMALE,TEST,Name15585,100,15585
2016,FEMALE,TEST,Name15586,100,15586
2016,FEMALE,TEST,Name15587,100,15587
2016,FEMALE,TEST,Name15588,100,15588
2016,FEMALE,TEST,Name15589,100,15589
2016,FEMALE,TEST,Name15590,100,15590
2016,FEMALE,TEST,Name15591,100,15591
2016,FEMALE,TEST,Name15592,100,15592
2016,FEMALE,TEST,Name15593,100,15593
2016,FEMALE,TEST,Name15594,100,15594
2016,FEMALE,TEST,Name15595,100,15595
2016,FEMALE,TEST,Name15596,100,15596
2016,FEMALE,TEST,Name15597,100,15597
2016,FEMALE,TEST,Name15598,100,15598
2016,FEMALE,TEST,Name15599,100,15599
2016,FEMALE,TEST,Name15600,100,15600
2016,FEMALE,TEST,Name15601,100,15601
2016,FEMALE,TEST,Name15602,100,15602
2016,FEMALE,TEST,Name15603,100,15603
2016,FEMALE,TEST,Name15604,100,15604
2016,FEMALE,TEST,Name15605,100,15605
2016,FEMALE,TEST,Name15606,100,15606
2016,FEMALE,TEST,Name15607,100,15607
2016,FEMALE,TEST,Name15608,100,15608
2016,FEMALE,TEST,Name15609,100,15609
2016,FEMALE,TEST,Name15610,100,15610
2016,FEMALE,TEST,Name15611,100,15611
2016,FEMALE,TEST,Name15612,100,15612
2016,FEMALE,TEST,Name15613,100,15613
2016,FEMALE,TEST,Name15614,100,15614
2016,FEMALE,TEST,Name15615,100,15615
2016,FEMALE,TEST,Name15616,100,15616
2016,FEMALE,TEST,Name15617,100,15617
2016,FEMALE,TEST,Name15618,100,15618
2016,FEMALE,TEST,Name15619,100,15619
2016,FEMALE,TEST,Name15620,100,15620
2016,FEMALE,TEST,Name15621,100,15621
2016,FEMALE,TEST,Name15622,100,15622
2016,FEMALE,TEST,Name15623,100,15623
2016,FEMALE,TEST,Name15624,100,15624
2016,FEMALE,TEST,Name15625,100,15625
2016,FEMALE,TEST,Name15626,100,15626
2016,FEMALE,TEST,Name15627,100,15627
2016,FEMALE,TEST,Name15628,100,15628
2016,FEMALE,TEST,Name15629,100,15629
2016,FEMALE,TEST,Name15630,100,15630
2016,FEMALE,TEST,Name15631,100,15631
2016,FEMALE,TEST,Name15632,100,15632
2016,FEMALE,TEST,Name15633,100,15633
2016,FEMALE,TEST,Name15634,100,15634
2016,FEMALE,TEST,Name15635,100,15635
2016,FEMALE,TEST,Name15636,100,15636
2016,FEMALE,TEST,Name15637,100,15637
2016,FEMALE,TEST,Name15638,100,15638
2016,FEMALE,TEST,Name15639,100,15639
2016,FEMALE,TEST,Name15640,100,15640
2016,FEMALE,TEST,Name15641,100,15641
2016,FEMALE,TEST,Name15642,100,15642
2016,FEMALE,TEST,Name15643,100,15643
2016,FEMALE,TEST,Name15644,100,15644
2016,FEMALE,TEST,Name15645,100,15645
2016,FEMALE,TEST,Name15646,100,15646
2016,FEMALE,TEST,Name15647,100,15647
2016,FEMALE,TEST,Name15648,100,15648
2016,FEMALE,TEST,Name15649,100,15649
2016,FEMALE,TEST,Name15650,100,15650
2016,FEMALE,TEST,Name15651,100,15651
2016,FEMALE,TEST,Name15652,100,15652
2016,FEMALE,TEST,Name15653,100,15653
2016,FEMALE,TEST,Name15654,100,15654
2016,FEMALE,TEST,Name15655,100,15655
2016,FEMALE,TEST,Name15656,100,15656
2016,FEMALE,TEST,Name15657,100,15657
2016,FEMALE,TEST,Name15658,100,15658
2016,FEMALE,TEST,Name15659,100,15659
2016,FEMALE,TEST,Name15660,100,15660
2016,FEMALE,TEST,Name15661,100,15661
2016,FEMALE,TEST,Name15662,100,15662
2016,FEMALE,TEST,Name15663,100,15663
2016,FEMALE,TEST,Name15664,100,15664
2016,FEMALE,TEST,Name15665,100,15665
2016,FEMALE,TEST,Name15666,100,15666
2016,FEMALE,TEST,Name15667,100,15667
2016,FEMALE,TEST,Name15668,100,15668
2016,FEMALE,TEST,Name15669,100,15669
2016,FEMALE,TEST,Name15670,100,15670
2016,FEMALE,TEST,Name15671,100,15671
2016,FEMALE,TEST,Name15672,100,15672
2016,FEMALE,TEST,Name15673,100,15673
2016,FEMALE,TEST,Name15674,100,15674
2016,FEMALE,TEST,Name15675,100,15675
2016,FEMALE,TEST,Name15676,100,15676
2016,FEMALE,TEST,Name15677,100,15677
2016,FEMALE,TEST,Name15678,100,15678
2016,FEMALE,TEST,Name15679,100,15679
2016,FEMALE,TEST,Name15680,100,15680
2016,FEMALE,TEST,Name15681,100,15681
2016,FEMALE,TEST,Name15682,100,15682
2016,FEMALE,TEST,Name15683,100,15683
2016,FEMALE,TEST,Name15684,100,15684
2016,FEMALE,TEST,Name15685,100,15685
2016,FEMALE,TEST,Name15686,100,15686
2016,FEMALE,TEST,Name15687,100,15687
2016,FEMALE,TEST,Name15688,100,15688
2016,FEMALE,TEST,Name15689,100,15689
2016,FEMALE,TEST,Name15690,100,15690
2016,FEMALE,TEST,Name15691,100,15691
2016,FEMALE,TEST,Name15692,100,15692
2016,FEMALE,TEST,Name15693,100,15693
2016,FEMALE,TEST,Name15694,100,15694
2016,FEMALE,TEST,Name15695,100,15695
2016,FEMALE,TEST,Name15696,100,15696
2016,FEMALE,TEST,Name15697,100,15697
2016,FEMALE,TEST,Name15698,100,15698
2016,FEMALE,TEST,Name15699,100,15699
2016,FEMALE,TEST,Name15700,100,15700
2016,FEMALE,TEST,Name15701,100,15701
2016,FEMALE,TEST,Name15702,100,15702
2016,FEMALE,TEST,Name15703,100,15703
2016,FEMALE,TEST,Name15704,100,15704
2016,FEMALE,TEST,Name15705,100,15705
2016,FEMALE,TEST,Name15706,100,15706
2016,FEMALE,TEST,Name15707,100,15707
2016,FEMALE,TEST,Name15708,100,15708
2016,FEMALE,TEST,Name15709,100,15709
2016,FEMALE,TEST,Name15710,100,15710
2016,FEMALE,TEST,Name15711,100,15711
2016,FEMALE,TEST,Name15712,100,15712
2016,FEMALE,TEST,Name15713,100,15713
2016,FEMALE,TEST,Name15714,100,15714
2016,FEMALE,TEST,Name15715,100,15715
2016,FEMALE,TEST,Name15716,100,15716
2016,FEMALE,TEST,Name15717,100,15717
2016,FEMALE,TEST,Name15718,100,15718
2016,FEMALE,TEST,Name15719,100,15719
2016,FEMALE,TEST,Name15720,100,15720
2016,FEMALE,TEST,Name15721,100,15721
2016,FEMALE,TEST,Name15722,100,15722
2016,FEMALE,TEST,Name15723,100,15723
2016,FEMALE,TEST,Name15724,100,15724
2016,FEMALE,TEST,Name15725,100,15725
2016,FEMALE,TEST,Name15726,100,15726
2016,FEMALE,TEST,Name15727,100,15727
2016,FEMALE,TEST,Name15728,100,15728
2016,FEMALE,TEST,Name15729,100,15729
2016,FEMALE,TEST,Name15730,100,15730
2016,FEMALE,TEST,Name15731,100,15731
2016,FEMALE,TEST,Name15732,100,15732
2016,FEMALE,TEST,Name15733,100,15733
2016,FEMALE,TEST,Name15734,100,15734
2016,FEMALE,TEST,Name15735,100,15735
2016,FEMALE,TEST,Name15736,100,15736
2016,FEMALE,TEST,Name15737,100,15737
2016,FEMALE,TEST,Name15738,100,15738
2016,FEMALE,TEST,Name15739,100,15739
2016,FEMALE,TEST,Name15740,100,15740
2016,FEMALE,TEST,Name15741,100,15741
2016,FEMALE,TEST,Name15742,100,15742
2016,FEMALE,TEST,Name15743,100,15743
2016,FEMALE,TEST,Name15744,100,15744
2016,FEMALE,TEST,Name15745,100,15745
2016,FEMALE,TEST,Name15746,100,15746
2016,FEMALE,TEST,Name15747,100,15747
2016,FEMALE,TEST,Name15748,100,15748
2016,FEMALE,TEST,Name15749,100,15749
2016,FEMALE,TEST,Name15750,100,15750
2016,FEMALE,TEST,Name15751,100,15751
2016,FEMALE,TEST,Name15752,100,15752
2016,FEMALE,TEST,Name15753,100,15753
2016,FEMALE,TEST,Name15754,100,15754
2016,FEMALE,TEST,Name15755,100,15755
2016,FEMALE,TEST,Name15756,100,15756
2016,FEMALE,TEST,Name15757,100,15757
2016,FEMALE,TEST,Name15758,100,15758
2016,FEMALE,TEST,Name15759,100,15759
2016,FEMALE,TEST,Name15760,100,15760
2016,FEMALE,TEST,Name15761,100,15761
2016,FEMALE,TEST,Name15762,100,15762
2016,FEMALE,TEST,Name15763,100,15763
2016,FEMALE,TEST,Name15764,100,15764
2016,FEMALE,TEST,Name15765,100,15765
2016,FEMALE,TEST,Name15766,100,15766
2016,FEMALE,TEST,Name15767,100,15767
2016,FEMALE,TEST,Name15768,100,15768
2016,FEMALE,TEST,Name15769,100,15769
2016,FEMALE,TEST,Name15770,100,15770
2016,FEMALE,TEST,Name15771,100,15771
2016,FEMALE,TEST,Name15772,100,15772
2016,FEMALE,TEST,Name15773,100,15773
2016,FEMALE,TEST,Name15774,100,15774
2016,FEMALE,TEST,Name15775,100,15775
2016,FEMALE,TEST,Name15776,100,15776
2016,FEMALE,TEST,Name15777,100,15777
2016,FEMALE,TEST,Name15778,100,15778
2016,FEMALE,TEST,Name15779,100,15779
2016,FEMALE,TEST,Name15780,100,15780
2016,FEMALE,TEST,Name15781,100,15781
2016,FEMALE,TEST,Name15782,100,15782
2016,FEMALE,TEST,Name15783,100,15783
2016,FEMALE,TEST,Name15784,100,15784
2016,FEMALE,TEST,Name15785,100,15785
2016,FEMALE,TEST,Name15786,100,15786
2016,FEMALE,TEST,Name15787,100,15787
2016,FEMALE,TEST,Name15788,100,15788
2016,FEMALE,TEST,Name15789,100,15789
2016,FEMALE,TEST,Name15790,100,15790
2016,FEMALE,TEST,Name15791,100,15791
2016,FEMALE,TEST,Name15792,100,15792
2016,FEMALE,TEST,Name15793,100,15793
2016,FEMALE,TEST,Name15794,100,15794
2016,FEMALE,TEST,Name15795,100,15795
2016,FEMALE,TEST,Name15796,100,15796
2016,FEMALE,TEST,Name15797,100,15797
2016,FEMALE,TEST,Name15798,100,15798
2016,FEMALE,TEST,Name15799,100,15799
2016,FEMALE,TEST,Name15800,100,15800
2016,FEMALE,TEST,Name15801,100,15801
2016,FEMALE,TEST,Name15802,100,15802
2016,FEMALE,TEST,Name15803,100,15803
2016,FEMALE,TEST,Name15804,100,15804
2016,FEMALE,TEST,Name15805,100,15805
2016,FEMALE,TEST,Name15806,100,15806
2016,FEMALE,TEST,Name15807,100,15807
2016,FEMALE,TEST,Name15808,100,15808
2016,FEMALE,TEST,Name15809,100,15809
2016,FEMALE,TEST,Name15810,100,15810
2016,FEMALE,TEST,Name15811,100,15811
2016,FEMALE,TEST,Name15812,100,15812
2016,FEMALE,TEST,Name15813,100,15813
2016,FEMALE,TEST,Name15814,100,15814
2016,FEMALE,TEST,Name15815,100,15815
2016,FEMALE,TEST,Name15816,100,15816
2016,FEMALE,TEST,Name15817,100,15817
2016,FEMALE,TEST,Name15818,100,15818
2016,FEMALE,TEST,Name15819,100,15819
2016,FEMALE,TEST,Name15820,100,15820
2016,FEMALE,TEST,Name15821,100,15821
2016,FEMALE,TEST,Name15822,100,15822
2016,FEMALE,TEST,Name15823,100,15823
2016,FEMALE,TEST,Name15824,100,15824
2016,FEMALE,TEST,Name15825,100,15825
2016,FEMALE,TEST,Name15826,100,15826
2016,FEMALE,TEST,Name15827,100,15827
2016,FEMALE,TEST,Name15828,100,15828
2016,FEMALE,TEST,Name15829,100,15829
2016,FEMALE,TEST,Name15830,100,15830
2016,FEMALE,TEST,Name15831,100,15831
2016,FEMALE,TEST,Name15832,100,15832
2016,FEMALE,TEST,Name15833,100,15833
2016,FEMALE,TEST,Name15834,100,15834
2016,FEMALE,TEST,Name15835,100,15835
2016,FEMALE,TEST,Name15836,100,15836
2016,FEMALE,TEST,Name15837,100,15837
2016,FEMALE,TEST,Name15838,100,15838
2016,FEMALE,TEST,Name15839,100,15839
2016,FEMALE,TEST,Name15840,100,15840
2016,FEMALE,TEST,Name15841,100,15841
2016,FEMALE,TEST,Name15842,100,15842
2016,FEMALE,TEST,Name15843,100,15843
2016,FEMALE,TEST,Name15844,100,15844
2016,FEMALE,TEST,Name15845,100,15845
2016,FEMALE,TEST,Name15846,100,15846
2016,FEMALE,TEST,Name15847,100,15847
2016,FEMALE,TEST,Name15848,100,15848
2016,FEMALE,TEST,Name15849,100,15849
2016,FEMALE,TEST,Name15850,100,15850
2016,FEMALE,TEST,Name15851,100,15851
2016,FEMALE,TEST,Name15852,100,15852
2016,FEMALE,TEST,Name15853,100,15853
2016,FEMALE,TEST,Name15854,100,15854
2016,FEMALE,TEST,Name15855,100,15855
2016,FEMALE,TEST,Name15856,100,15856
2016,FEMALE,TEST,Name15857,100,15857
2016,FEMALE,TEST,Name15858,100,15858
2016,FEMALE,TEST,Name15859,100,15859
2016,FEMALE,TEST,Name15860,100,15860
2016,FEMALE,TEST,Name15861,100,15861
2016,FEMALE,TEST,Name15862,100,15862
2016,FEMALE,TEST,Name15863,100,15863
2016,FEMALE,TEST,Name15864,100,15864
2016,FEMALE,TEST,Name15865,100,15865
2016,FEMALE,TEST,Name15866,100,15866
2016,FEMALE,TEST,Name15867,100,15867
2016,FEMALE,TEST,Name15868,100,15868
2016,FEMALE,TEST,Name15869,100,15869
2016,FEMALE,TEST,Name15870,100,15870
2016,FEMALE,TEST,Name15871,100,15871
2016,FEMALE,TEST,Name15872,100,15872
2016,FEMALE,TEST,Name15873,100,15873
2016,FEMALE,TEST,Name15874,100,15874
2016,FEMALE,TEST,Name15875,100,15875
2016,FEMALE,TEST,Name15876,100,15876
2016,FEMALE,TEST,Name15877,100,15877
2016,FEMALE,TEST,Name15878,100,15878
2016,FEMALE,TEST,Name15879,100,15879
2016,FEMALE,TEST,Name15880,100,15880
2016,FEMALE,TEST,Name15881,100,15881
2016,FEMALE,TEST,Name15882,100,15882
2016,FEMALE,TEST,Name15883,100,15883
2016,FEMALE,TEST,Name15884,100,15884
2016,FEMALE,TEST,Name15885,100,15885
2016,FEMALE,TEST,Name15886,100,15886
2016,FEMALE,TEST,Name15887,100,15887
2016,FEMALE,TEST,Name15888,100,15888
2016,FEMALE,TEST,Name15889,100,15889
2016,FEMALE,TEST,Name15890,100,15890
2016,FEMALE,TEST,Name15891,100,15891
2016,FEMALE,TEST,Name15892,100,15892
2016,FEMALE,TEST,Name15893,100,15893
2016,FEMALE,TEST,Name15894,100,15894
2016,FEMALE,TEST,Name15895,100,15895
2016,FEMALE,TEST,Name15896,100,15896
2016,FEMALE,TEST,Name15897,100,15897
2016,FEMALE,TEST,Name15898,100,15898
2016,FEMALE,TEST,Name15899,100,15899
2016,FEMALE,TEST,Name15900,100,15900
2016,FEMALE,TEST,Name15901,100,15901
2016,FEMALE,TEST,Name15902,100,15902
2016,FEMALE,TEST,Name15903,100,15903
2016,FEMALE,TEST,Name15904,100,15904
2016,FEMALE,TEST,Name15905,100,15905
2016,FEMALE,TEST,Name15906,100,15906
2016,FEMALE,TEST,Name15907,100,15907
2016,FEMALE,TEST,Name15908,100,15908
2016,FEMALE,TEST,Name15909,100,15909
2016,FEMALE,TEST,Name15910,100,15910
2016,FEMALE,TEST,Name15911,100,15911
2016,FEMALE,TEST,Name15912,100,15912
2016,FEMALE,TEST,Name15913,100,15913
2016,FEMALE,TEST,Name15914,100,15914
2016,FEMALE,TEST,Name15915,100,15915
2016,FEMALE,TEST,Name15916,100,15916
2016,FEMALE,TEST,Name15917,100,15917
2016,FEMALE,TEST,Name15918,100,15918
2016,FEMALE,TEST,Name15919,100,15919
2016,FEMALE,TEST,Name15920,100,15920
2016,FEMALE,TEST,Name15921,100,15921
2016,FEMALE,TEST,Name15922,100,15922
2016,FEMALE,TEST,Name15923,100,15923
2016,FEMALE,TEST,Name15924,100,15924
2016,FEMALE,TEST,Name15925,100,15925
2016,FEMALE,TEST,Name15926,100,15926
2016,FEMALE,TEST,Name15927,100,15927
2016,FEMALE,TEST,Name15928,100,15928
2016,FEMALE,TEST,Name15929,100,15929
2016,FEMALE,TEST,Name15930,100,15930
2016,FEMALE,TEST,Name15931,100,15931
2016,FEMALE,TEST,Name15932,100,15932
2016,FEMALE,TEST,Name15933,100,15933
2016,FEMALE,TEST,Name15934,100,15934
2016,FEMALE,TEST,Name15935,100,15935
2016,FEMALE,TEST,Name15936,100,15936
2016,FEMALE,TEST,Name15937,100,15937
2016,FEMALE,TEST,Name15938,100,15938
2016,FEMALE,TEST,Name15939,100,15939
2016,FEMALE,TEST,Name15940,100,15940
2016,FEMALE,TEST,Name15941,100,15941
2016,FEMALE,TEST,Name15942,100,15942
2016,FEMALE,TEST,Name15943,100,15943
2016,FEMALE,TEST,Name15944,100,15944
2016,FEMALE,TEST,Name15945,100,15945
2016,FEMALE,TEST,Name15946,100,15946
2016,FEMALE,TEST,Name15947,100,15947
2016,FEMALE,TEST,Name15948,100,15948
2016,FEMALE,TEST,Name15949,100,15949
2016,FEMALE,TEST,Name15950,100,15950
2016,FEMALE,TEST,Name15951,100,15951
2016,FEMALE,TEST,Name15952,100,15952
2016,FEMALE,TEST,Name15953,100,15953
2016,FEMALE,TEST,Name15954,100,15954
2016,FEMALE,TEST,Name15955,100,15955
2016,FEMALE,TEST,Name15956,100,15956
2016,FEMALE,TEST,Name15957,100,15957
2016,FEMALE,TEST,Name15958,100,15958
2016,FEMALE,TEST,Name15959,100,15959
2016,FEMALE,TEST,Name15960,100,15960
2016,FEMALE,TEST,Name15961,100,15961
2016,FEMALE,TEST,Name15962,100,15962
2016,FEMALE,TEST,Name15963,100,15963
2016,FEMALE,TEST,Name15964,100,15964
2016,FEMALE,TEST,Name15965,100,15965
2016,FEMALE,TEST,Name15966,100,15966
2016,FEMALE,TEST,Name15967,100,15967
2016,FEMALE,TEST,Name15968,100,15968
2016,FEMALE,TEST,Name15969,100,15969
2016,FEMALE,TEST,Name15970,100,15970
2016,FEMALE,TEST,Name15971,100,15971
2016,FEMALE,TEST,Name15972,100,15972
2016,FEMALE,TEST,Name15973,100,15973
2016,FEMALE,TEST,Name15974,100,15974
2016,FEMALE,TEST,Name15975,100,15975
2016,FEMALE,TEST,Name15976,100,15976
2016,FEMALE,TEST,Name15977,100,15977
2016,FEMALE,TEST,Name15978,100,15978
2016,FEMALE,TEST,Name15979,100,15979
2016,FEMALE,TEST,Name15980,100,15980
2016,FEMALE,TEST,Name15981,100,15981
2016,FEMALE,TEST,Name15982,100,15982
2016,FEMALE,TEST,Name15983,100,15983
2016,FEMALE,TEST,Name15984,100,15984
2016,FEMALE,TEST,Name15985,100,15985
2016,FEMALE,TEST,Name15986,100,15986
2016,FEMALE,TEST,Name15987,100,15987
2016,FEMALE,TEST,Name15988,100,15988
2016,FEMALE,TEST,Name15989,100,15989
2016,FEMALE,TEST,Name15990,100,15990
2016,FEMALE,TEST,Name15991,100,15991
2016,FEMALE,TEST,Name15992,100,15992
2016,FEMALE,TEST,Name15993,100,15993
2016,FEMALE,TEST,Name15994,100,15994
2016,FEMALE,TEST,Name15995,100,15995
2016,FEMALE,TEST,Name15996,100,15996
2016,FEMALE,TEST,Name15997,100,15997
2016,FEMALE,TEST,Name15998,100,15998
2016,FEMALE,TEST,Name15999,100,15999
2016,FEMALE,TEST,Name16000,100,16000
2016,FEMALE,TEST,Name16001,100,16001
2016,FEMALE,TEST,Name16002,100,16002
2016,FEMALE,TEST,Name16003,100,16003
2016,FEMALE,TEST,Name16004,100,16004
2016,FEMALE,TEST,Name16005,100,16005
2016,FEMALE,TEST,Name16006,100,16006
2016,FEMALE,TEST,Name16007,100,16007
2016,FEMALE,TEST,Name16008,100,16008
2016,FEMALE,TEST,Name16009,100,16009
2016,FEMALE,TEST,Name16010,100,16010
2016,FEMALE,TEST,Name16011,100,16011
2016,FEMALE,TEST,Name16012,100,16012
2016,FEMALE,TEST,Name16013,100,16013
2016,FEMALE,TEST,Name16014,100,16014
2016,FEMALE,TEST,Name16015,100,16015
2016,FEMALE,TEST,Name16016,100,16016
2016,FEMALE,TEST,Name16017,100,16017
2016,FEMALE,TEST,Name16018,100,16018
2016,FEMALE,TEST,Name16019,100,16019
2016,FEMALE,TEST,Name16020,100,16020
2016,FEMALE,TEST,Name16021,100,16021
2016,FEMALE,TEST,Name16022,100,16022
2016,FEMALE,TEST,Name16023,100,16023
2016,FEMALE,TEST,Name16024,100,16024
2016,FEMALE,TEST,Name16025,100,16025
2016,FEMALE,TEST,Name16026,100,16026
2016,FEMALE,TEST,Name16027,100,16027
2016,FEMALE,TEST,Name16028,100,16028
2016,FEMALE,TEST,Name16029,100,16029
2016,FEMALE,TEST,Name16030,100,16030
2016,FEMALE,TEST,Name16031,100,16031
2016,FEMALE,TEST,Name16032,100,16032
2016,FEMALE,TEST,Name16033,100,16033
2016,FEMALE,TEST,Name16034,100,16034
2016,FEMALE,TEST,Name16035,100,16035
2016,FEMALE,TEST,Name16036,100,16036
2016,FEMALE,TEST,Name16037,100,16037
2016,FEMALE,TEST,Name16038,100,16038
2016,FEMALE,TEST,Name16039,100,16039
2016,FEMALE,TEST,Name16040,100,16040
2016,FEMALE,TEST,Name16041,100,16041
2016,FEMALE,TEST,Name16042,100,16042
2016,FEMALE,TEST,Name16043,100,16043
2016,FEMALE,TEST,Name16044,100,16044
2016,FEMALE,TEST,Name16045,100,16045
2016,FEMALE,TEST,Name16046,100,16046
2016,FEMALE,TEST,Name16047,100,16047
2016,FEMALE,TEST,Name16048,100,16048
2016,FEMALE,TEST,Name16049,100,16049
2016,FEMALE,TEST,Name16050,100,16050
2016,FEMALE,TEST,Name16051,100,16051
2016,FEMALE,TEST,Name16052,100,16052
2016,FEMALE,TEST,Name16053,100,16053
2016,FEMALE,TEST,Name16054,100,16054
2016,FEMALE,TEST,Name16055,100,16055
2016,FEMALE,TEST,Name16056,100,16056
2016,FEMALE,TEST,Name16057,100,16057
2016,FEMALE,TEST,Name16058,100,16058
2016,FEMALE,TEST,Name16059,100,16059
2016,FEMALE,TEST,Name16060,100,16060
2016,FEMALE,TEST,Name16061,100,16061
2016,FEMALE,TEST,Name16062,100,16062
2016,FEMALE,TEST,Name16063,100,16063
2016,FEMALE,TEST,Name16064,100,16064
2016,FEMALE,TEST,Name16065,100,16065
2016,FEMALE,TEST,Name16066,100,16066
2016,FEMALE,TEST,Name16067,100,16067
2016,FEMALE,TEST,Name16068,100,16068
2016,FEMALE,TEST,Name16069,100,16069
2016,FEMALE,TEST,Name16070,100,16070
2016,FEMALE,TEST,Name16071,100,16071
2016,FEMALE,TEST,Name16072,100,16072
2016,FEMALE,TEST,Name16073,100,16073
2016,FEMALE,TEST,Name16074,100,16074
2016,FEMALE,TEST,Name16075,100,16075
2016,FEMALE,TEST,Name16076,100,16076
2016,FEMALE,TEST,Name16077,100,16077
2016,FEMALE,TEST,Name16078,100,16078
2016,FEMALE,TEST,Name16079,100,16079
2016,FEMALE,TEST,Name16080,100,16080
2016,FEMALE,TEST,Name16081,100,16081
2016,FEMALE,TEST,Name16082,100,16082
2016,FEMALE,TEST,Name16083,100,16083
2016,FEMALE,TEST,Name16084,100,16084
2016,FEMALE,TEST,Name16085,100,16085
2016,FEMALE,TEST,Name16086,100,16086
2016,FEMALE,TEST,Name16087,100,16087
2016,FEMALE,TEST,Name16088,100,16088
2016,FEMALE,TEST,Name16089,100,16089
2016,FEMALE,TEST,Name16090,100,16090
2016,FEMALE,TEST,Name16091,100,16091
2016,FEMALE,TEST,Name16092,100,16092
2016,FEMALE,TEST,Name16093,100,16093
2016,FEMALE,TEST,Name16094,100,16094
2016,FEMALE,TEST,Name16095,100,16095
2016,FEMALE,TEST,Name16096,100,16096
2016,FEMALE,TEST,Name16097,100,16097
2016,FEMALE,TEST,Name16098,100,16098
2016,FEMALE,TEST,Name16099,100,16099
2016,FEMALE,TEST,Name16100,100,16100
2016,FEMALE,TEST,Name16101,100,16101
2016,FEMALE,TEST,Name16102,100,16102
2016,FEMALE,TEST,Name16103,100,16103
2016,FEMALE,TEST,Name16104,100,16104
2016,FEMALE,TEST,Name16105,100,16105
2016,FEMALE,TEST,Name16106,100,16106
2016,FEMALE,TEST,Name16107,100,16107
2016,FEMALE,TEST,Name16108,100,16108
2016,FEMALE,TEST,Name16109,100,16109
2016,FEMALE,TEST,Name16110,100,16110
2016,FEMALE,TEST,Name16111,100,16111
2016,FEMALE,TEST,Name16112,100,16112
2016,FEMALE,TEST,Name16113,100,16113
2016,FEMALE,TEST,Name16114,100,16114
2016,FEMALE,TEST,Name16115,100,16115
2016,FEMALE,TEST,Name16116,100,16116
2016,FEMALE,TEST,Name16117,100,16117
2016,FEMALE,TEST,Name16118,100,16118
2016,FEMALE,TEST,Name16119,100,16119
2016,FEMALE,TEST,Name16120,100,16120
2016,FEMALE,TEST,Name16121,100,16121
2016,FEMALE,TEST,Name16122,100,16122
2016,FEMALE,TEST,Name16123,100,16123
2016,FEMALE,TEST,Name16124,100,16124
2016,FEMALE,TEST,Name16125,100,16125
2016,FEMALE,TEST,Name16126,100,16126
2016,FEMALE,TEST,Name16127,100,16127
2016,FEMALE,TEST,Name16128,100,16128
2016,FEMALE,TEST,Name16129,100,16129
2016,FEMALE,TEST,Name16130,100,16130
2016,FEMALE,TEST,Name16131,100,16131
2016,FEMALE,TEST,Name16132,100,16132
2016,FEMALE,TEST,Name16133,100,16133
2016,FEMALE,TEST,Name16134,100,16134
2016,FEMALE,TEST,Name16135,100,16135
2016,FEMALE,TEST,Name16136,100,16136
2016,FEMALE,TEST,Name16137,100,16137
2016,FEMALE,TEST,Name16138,100,16138
2016,FEMALE,TEST,Name16139,100,16139
2016,FEMALE,TEST,Name16140,100,16140
2016,FEMALE,TEST,Name16141,100,16141
2016,FEMALE,TEST,Name16142,100,16142
2016,FEMALE,TEST,Name16143,100,16143
2016,FEMALE,TEST,Name16144,100,16144
2016,FEMALE,TEST,Name16145,100,16145
2016,FEMALE,TEST,Name16146,100,16146
2016,FEMALE,TEST,Name16147,100,16147
2016,FEMALE,TEST,Name16148,100,16148
2016,FEMALE,TEST,Name16149,100,16149
2016,FEMALE,TEST,Name16150,100,16150
2016,FEMALE,TEST,Name16151,100,16151
2016,FEMALE,TEST,Name16152,100,16152
2016,FEMALE,TEST,Name16153,100,16153
2016,FEMALE,TEST,Name16154,100,16154
2016,FEMALE,TEST,Name16155,100,16155
2016,FEMALE,TEST,Name16156,100,16156
2016,FEMALE,TEST,Name16157,100,16157
2016,FEMALE,TEST,Name16158,100,16158
2016,FEMALE,TEST,Name16159,100,16159
2016,FEMALE,TEST,Name16160,100,16160
2016,FEMALE,TEST,Name16161,100,16161
2016,FEMALE,TEST,Name16162,100,16162
2016,FEMALE,TEST,Name16163,100,16163
2016,FEMALE,TEST,Name16164,100,16164
2016,FEMALE,TEST,Name16165,100,16165
2016,FEMALE,TEST,Name16166,100,16166
2016,FEMALE,TEST,Name16167,100,16167
2016,FEMALE,TEST,Name16168,100,16168
2016,FEMALE,TEST,Name16169,100,16169
2016,FEMALE,TEST,Name16170,100,16170
2016,FEMALE,TEST,Name16171,100,16171
2016,FEMALE,TEST,Name16172,100,16172
2016,FEMALE,TEST,Name16173,100,16173
2016,FEMALE,TEST,Name16174,100,16174
2016,FEMALE,TEST,Name16175,100,16175
2016,FEMALE,TEST,Name16176,100,16176
2016,FEMALE,TEST,Name16177,100,16177
2016,FEMALE,TEST,Name16178,100,16178
2016,FEMALE,TEST,Name16179,100,16179
2016,FEMALE,TEST,Name16180,100,16180
2016,FEMALE,TEST,Name16181,100,16181
2016,FEMALE,TEST,Name16182,100,16182
2016,FEMALE,TEST,Name16183,100,16183
2016,FEMALE,TEST,Name16184,100,16184
2016,FEMALE,TEST,Name16185,100,16185
2016,FEMALE,TEST,Name16186,100,16186
2016,FEMALE,TEST,Name16187,100,16187
2016,FEMALE,TEST,Name16188,100,16188
2016,FEMALE,TEST,Name16189,100,16189
2016,FEMALE,TEST,Name16190,100,16190
2016,FEMALE,TEST,Name16191,100,16191
2016,FEMALE,TEST,Name16192,100,16192
2016,FEMALE,TEST,Name16193,100,16193
2016,FEMALE,TEST,Name16194,100,16194
2016,FEMALE,TEST,Name16195,100,16195
2016,FEMALE,TEST,Name16196,100,16196
2016,FEMALE,TEST,Name16197,100,16197
2016,FEMALE,TEST,Name16198,100,16198
2016,FEMALE,TEST,Name16199,100,16199
2016,FEMALE,TEST,Name16200,100,16200
2016,FEMALE,TEST,Name16201,100,16201
2016,FEMALE,TEST,Name16202,100,16202
2016,FEMALE,TEST,Name16203,100,16203
2016,FEMALE,TEST,Name16204,100,16204
2016,FEMALE,TEST,Name16205,100,16205
2016,FEMALE,TEST,Name16206,100,16206
2016,FEMALE,TEST,Name16207,100,16207
2016,FEMALE,TEST,Name16208,100,16208
2016,FEMALE,TEST,Name16209,100,16209
2016,FEMALE,TEST,Name16210,100,16210
2016,FEMALE,TEST,Name16211,100,16211
2016,FEMALE,TEST,Name16212,100,16212
2016,FEMALE,TEST,Name16213,100,16213
2016,FEMALE,TEST,Name16214,100,16214
2016,FEMALE,TEST,Name16215,100,16215
2016,FEMALE,TEST,Name16216,100,16216
2016,FEMALE,TEST,Name16217,100,16217
2016,FEMALE,TEST,Name16218,100,16218
2016,FEMALE,TEST,Name16219,100,16219
2016,FEMALE,TEST,Name16220,100,16220
2016,FEMALE,TEST,Name16221,100,16221
2016,FEMALE,TEST,Name16222,100,16222
2016,FEMALE,TEST,Name16223,100,16223
2016,FEMALE,TEST,Name16224,100,16224
2016,FEMALE,TEST,Name16225,100,16225
2016,FEMALE,TEST,Name16226,100,16226
2016,FEMALE,TEST,Name16227,100,16227
2016,FEMALE,TEST,Name16228,100,16228
2016,FEMALE,TEST,Name16229,100,16229
2016,FEMALE,TEST,Name16230,100,16230
2016,FEMALE,TEST,Name16231,100,16231
2016,FEMALE,TEST,Name16232,100,16232
2016,FEMALE,TEST,Name16233,100,16233
2016,FEMALE,TEST,Name16234,100,16234
2016,FEMALE,TEST,Name16235,100,16235
2016,FEMALE,TEST,Name16236,100,16236
2016,FEMALE,TEST,Name16237,100,16237
2016,FEMALE,TEST,Name16238,100,16238
2016,FEMALE,TEST,Name16239,100,16239
2016,FEMALE,TEST,Name16240,100,16240
2016,FEMALE,TEST,Name16241,100,16241
2016,FEMALE,TEST,Name16242,100,16242
2016,FEMALE,TEST,Name16243,100,16243
2016,FEMALE,TEST,Name16244,100,16244
2016,FEMALE,TEST,Name16245,100,16245
2016,FEMALE,TEST,Name16246,100,16246
2016,FEMALE,TEST,Name16247,100,16247
2016,FEMALE,TEST,Name16248,100,16248
2016,FEMALE,TEST,Name16249,100,16249
2016,FEMALE,TEST,Name16250,100,16250
2016,FEMALE,TEST,Name16251,100,16251
2016,FEMALE,TEST,Name16252,100,16252
2016,FEMALE,TEST,Name16253,100,16253
2016,FEMALE,TEST,Name16254,100,16254
2016,FEMALE,TEST,Name16255,100,16255
2016,FEMALE,TEST,Name16256,100,16256
2016,FEMALE,TEST,Name16257,100,16257
2016,FEMALE,TEST,Name16258,100,16258
2016,FEMALE,TEST,Name16259,100,16259
2016,FEMALE,TEST,Name16260,100,16260
2016,FEMALE,TEST,Name16261,100,16261
2016,FEMALE,TEST,Name16262,100,16262
2016,FEMALE,TEST,Name16263,100,16263
2016,FEMALE,TEST,Name16264,100,16264
2016,FEMALE,TEST,Name16265,100,16265
2016,FEMALE,TEST,Name16266,100,16266
2016,FEMALE,TEST,Name16267,100,16267
2016,FEMALE,TEST,Name16268,100,16268
2016,FEMALE,TEST,Name16269,100,16269
2016,FEMALE,TEST,Name16270,100,16270
2016,FEMALE,TEST,Name16271,100,16271
2016,FEMALE,TEST,Name16272,100,16272
2016,FEMALE,TEST,Name16273,100,16273
2016,FEMALE,TEST,Name16274,100,16274
2016,FEMALE,TEST,Name16275,100,16275
2016,FEMALE,TEST,Name16276,100,16276
2016,FEMALE,TEST,Name16277,100,16277
2016,FEMALE,TEST,Name16278,100,16278
2016,FEMALE,TEST,Name16279,100,16279
2016,FEMALE,TEST,Name16280,100,16280
2016,FEMALE,TEST,Name16281,100,16281
2016,FEMALE,TEST,Name16282,100,16282
2016,FEMALE,TEST,Name16283,100,16283
2016,FEMALE,TEST,Name16284,100,16284
2016,FEMALE,TEST,Name16285,100,16285
2016,FEMALE,TEST,Name16286,100,16286
2016,FEMALE,TEST,Name16287,100,16287
2016,FEMALE,TEST,Name16288,100,16288
2016,FEMALE,TEST,Name16289,100,16289
2016,FEMALE,TEST,Name16290,100,16290
2016,FEMALE,TEST,Name16291,100,16291
2016,FEMALE,TEST,Name16292,100,16292
2016,FEMALE,TEST,Name16293,100,16293
2016,FEMALE,TEST,Name16294,100,16294
2016,FEMALE,TEST,Name16295,100,16295
2016,FEMALE,TEST,Name16296,100,16296
2016,FEMALE,TEST,Name16297,100,16297
2016,FEMALE,TEST,Name16298,100,16298
2016,FEMALE,TEST,Name16299,100,16299
2016,FEMALE,TEST,Name16300,100,16300
2016,FEMALE,TEST,Name16301,100,16301
2016,FEMALE,TEST,Name16302,100,16302
2016,FEMALE,TEST,Name16303,100,16303
2016,FEMALE,TEST,Name16304,100,16304
2016,FEMALE,TEST,Name16305,100,16305
2016,FEMALE,TEST,Name16306,100,16306
2016,FEMALE,TEST,Name16307,100,16307
2016,FEMALE,TEST,Name16308,100,16308
2016,FEMALE,TEST,Name16309,100,16309
2016,FEMALE,TEST,Name16310,100,16310
2016,FEMALE,TEST,Name16311,100,16311
2016,FEMALE,TEST,Name16312,100,16312
2016,FEMALE,TEST,Name16313,100,16313
2016,FEMALE,TEST,Name16314,100,16314
2016,FEMALE,TEST,Name16315,100,16315
2016,FEMALE,TEST,Name16316,100,16316
2016,FEMALE,TEST,Name16317,100,16317
2016,FEMALE,TEST,Name16318,100,16318
2016,FEMALE,TEST,Name16319,100,16319
2016,FEMALE,TEST,Name16320,100,16320
2016,FEMALE,TEST,Name16321,100,16321
2016,FEMALE,TEST,Name16322,100,16322
2016,FEMALE,TEST,Name16323,100,16323
2016,FEMALE,TEST,Name16324,100,16324
2016,FEMALE,TEST,Name16325,100,16325
2016,FEMALE,TEST,Name16326,100,16326
2016,FEMALE,TEST,Name16327,100,16327
2016,FEMALE,TEST,Name16328,100,16328
2016,FEMALE,TEST,Name16329,100,16329
2016,FEMALE,TEST,Name16330,100,16330
2016,FEMALE,TEST,Name16331,100,16331
2016,FEMALE,TEST,Name16332,100,16332
2016,FEMALE,TEST,Name16333,100,16333
2016,FEMALE,TEST,Name16334,100,16334
2016,FEMALE,TEST,Name16335,100,16335
2016,FEMALE,TEST,Name16336,100,16336
2016,FEMALE,TEST,Name16337,100,16337
2016,FEMALE,TEST,Name16338,100,16338
2016,FEMALE,TEST,Name16339,100,16339
2016,FEMALE,TEST,Name16340,100,16340
2016,FEMALE,TEST,Name16341,100,16341
2016,FEMALE,TEST,Name16342,100,16342
2016,FEMALE,TEST,Name16343,100,16343
2016,FEMALE,TEST,Name16344,100,16344
2016,FEMALE,TEST,Name16345,100,16345
2016,FEMALE,TEST,Name16346,100,16346
2016,FEMALE,TEST,Name16347,100,16347
2016,FEMALE,TEST,Name16348,100,16348
2016,FEMALE,TEST,Name16349,100,16349
2016,FEMALE,TEST,Name16350,100,16350
2016,FEMALE,TEST,Name16351,100,16351
2016,FEMALE,TEST,Name16352,100,16352
2016,FEMALE,TEST,Name16353,100,16353
2016,FEMALE,TEST,Name16354,100,16354
2016,FEMALE,TEST,Name16355,100,16355
2016,FEMALE,TEST,Name16356,100,16356
2016,FEMALE,TEST,Name16357,100,16357
2016,FEMALE,TEST,Name16358,100,16358
2016,FEMALE,TEST,Name16359,100,16359
2016,FEMALE,TEST,Name16360,100,16360
2016,FEMALE,TEST,Name16361,100,16361
2016,FEMALE,TEST,Name16362,100,16362
2016,FEMALE,TEST,Name16363,100,16363
2016,FEMALE,TEST,Name16364,100,16364
2016,FEMALE,TEST,Name16365,100,16365
2016,FEMALE,TEST,Name16366,100,16366
2016,FEMALE,TEST,Name16367,100,16367
2016,FEMALE,TEST,Name16368,100,16368
2016,FEMALE,TEST,Name16369,100,16369
2016,FEMALE,TEST,Name16370,100,16370
2016,FEMALE,TEST,Name16371,100,16371
2016,FEMALE,TEST,Name16372,100,16372
2016,FEMALE,TEST,Name16373,100,16373
2016,FEMALE,TEST,Name16374,100,16374
2016,FEMALE,TEST,Name16375,100,16375
2016,FEMALE,TEST,Name16376,100,16376
2016,FEMALE,TEST,Name16377,100,16377
2016,FEMALE,TEST,Name16378,100,16378
2016,FEMALE,TEST,Name16379,100,16379
2016,FEMALE,TEST,Name16380,100,16380
2016,FEMALE,TEST,Name16381,100,16381
2016,FEMALE,TEST,Name16382,100,16382
2016,FEMALE,TEST,Name16383,100,16383
2016,FEMALE,TEST,Name16384,100,16384
2016,FEMALE,TEST,Name16385,100,16385
2016,FEMALE,TEST,Name16386,100,16386
2016,FEMALE,TEST,Name16387,100,16387
2016,FEMALE,TEST,Name16388,100,16388
2016,FEMALE,TEST,Name16389,100,16389
2016,FEMALE,TEST,Name16390,100,16390
2016,FEMALE,TEST,Name16391,100,16391
2016,FEMALE,TEST,Name16392,100,16392
2016,FEMALE,TEST,Name16393,100,16393
2016,FEMALE,TEST,Name16394,100,16394
2016,FEMALE,TEST,Name16395,100,16395
2016,FEMALE,TEST,Name16396,100,16396
2016,FEMALE,TEST,Name16397,100,16397
2016,FEMALE,TEST,Name16398,100,16398
2016,FEMALE,TEST,Name16399,100,16399
2016,FEMALE,TEST,Name16400,100,16400
2016,FEMALE,TEST,Name16401,100,16401
2016,FEMALE,TEST,Name16402,100,16402
2016,FEMALE,TEST,Name16403,100,16403
2016,FEMALE,TEST,Name16404,100,16404
2016,FEMALE,TEST,Name16405,100,16405
2016,FEMALE,TEST,Name16406,100,16406
2016,FEMALE,TEST,Name16407,100,16407
2016,FEMALE,TEST,Name16408,100,16408
2016,FEMALE,TEST,Name16409,100,16409
2016,FEMALE,TEST,Name16410,100,16410
2016,FEMALE,TEST,Name16411,100,16411
2016,FEMALE,TEST,Name16412,100,16412
2016,FEMALE,TEST,Name16413,100,16413
2016,FEMALE,TEST,Name16414,100,16414
2016,FEMALE,TEST,Name16415,100,16415
2016,FEMALE,TEST,Name16416,100,16416
2016,FEMALE,TEST,Name16417,100,16417
2016,FEMALE,TEST,Name16418,100,16418
2016,FEMALE,TEST,Name16419,100,16419
2016,FEMALE,TEST,Name16420,100,16420
2016,FEMALE,TEST,Name16421,100,16421
2016,FEMALE,TEST,Name16422,100,16422
2016,FEMALE,TEST,Name16423,100,16423
2016,FEMALE,TEST,Name16424,100,16424
2016,FEMALE,TEST,Name16425,100,16425
2016,FEMALE,TEST,Name16426,100,16426
2016,FEMALE,TEST,Name16427,100,16427
2016,FEMALE,TEST,Name16428,100,16428
2016,FEMALE,TEST,Name16429,100,16429
2016,FEMALE,TEST,Name16430,100,16430
2016,FEMALE,TEST,Name16431,100,16431
2016,FEMALE,TEST,Name16432,100,16432
2016,FEMALE,TEST,Name16433,100,16433
2016,FEMALE,TEST,Name16434,100,16434
2016,FEMALE,TEST,Name16435,100,16435
2016,FEMALE,TEST,Name16436,100,16436
2016,FEMALE,TEST,Name16437,100,16437
2016,FEMALE,TEST,Name16438,100,16438
2016,FEMALE,TEST,Name16439,100,16439
2016,FEMALE,TEST,Name16440,100,16440
2016,FEMALE,TEST,Name16441,100,16441
2016,FEMALE,TEST,Name16442,100,16442
2016,FEMALE,TEST,Name16443,100,16443
2016,FEMALE,TEST,Name16444,100,16444
2016,FEMALE,TEST,Name16445,100,16445
2016,FEMALE,TEST,Name16446,100,16446
2016,FEMALE,TEST,Name16447,100,16447
2016,FEMALE,TEST,Name16448,100,16448
2016,FEMALE,TEST,Name16449,100,16449
2016,FEMALE,TEST,Name16450,100,16450
2016,FEMALE,TEST,Name16451,100,16451
2016,FEMALE,TEST,Name16452,100,16452
2016,FEMALE,TEST,Name16453,100,16453
2016,FEMALE,TEST,Name16454,100,16454
2016,FEMALE,TEST,Name16455,100,16455
2016,FEMALE,TEST,Name16456,100,16456
2016,FEMALE,TEST,Name16457,100,16457
2016,FEMALE,TEST,Name16458,100,16458
2016,FEMALE,TEST,Name16459,100,16459
2016,FEMALE,TEST,Name16460,100,16460
2016,FEMALE,TEST,Name16461,100,16461
2016,FEMALE,TEST,Name16462,100,16462
2016,FEMALE,TEST,Name16463,100,16463
2016,FEMALE,TEST,Name16464,100,16464
2016,FEMALE,TEST,Name16465,100,16465
2016,FEMALE,TEST,Name16466,100,16466
2016,FEMALE,TEST,Name16467,100,16467
2016,FEMALE,TEST,Name16468,100,16468
2016,FEMALE,TEST,Name16469,100,16469
2016,FEMALE,TEST,Name16470,100,16470
2016,FEMALE,TEST,Name16471,100,16471
2016,FEMALE,TEST,Name16472,100,16472
2016,FEMALE,TEST,Name16473,100,16473
2016,FEMALE,TEST,Name16474,100,16474
2016,FEMALE,TEST,Name16475,100,16475
2016,FEMALE,TEST,Name16476,100,16476
2016,FEMALE,TEST,Name16477,100,16477
2016,FEMALE,TEST,Name16478,100,16478
2016,FEMALE,TEST,Name16479,100,16479
2016,FEMALE,TEST,Name16480,100,16480
2016,FEMALE,TEST,Name16481,100,16481
2016,FEMALE,TEST,Name16482,100,16482
2016,FEMALE,TEST,Name16483,100,16483
2016,FEMALE,TEST,Name16484,100,16484
2016,FEMALE,TEST,Name16485,100,16485
2016,FEMALE,TEST,Name16486,100,16486
2016,FEMALE,TEST,Name16487,100,16487
2016,FEMALE,TEST,Name16488,100,16488
2016,FEMALE,TEST,Name16489,100,16489
2016,FEMALE,TEST,Name16490,100,16490
2016,FEMALE,TEST,Name16491,100,16491
2016,FEMALE,TEST,Name16492,100,16492
2016,FEMALE,TEST,Name16493,100,16493
2016,FEMALE,TEST,Name16494,100,16494
2016,FEMALE,TEST,Name16495,100,16495
2016,FEMALE,TEST,Name16496,100,16496
2016,FEMALE,TEST,Name16497,100,16497
2016,FEMALE,TEST,Name16498,100,16498
2016,FEMALE,TEST,Name16499,100,16499
2016,FEMALE,TEST,Name16500,100,16500
2016,FEMALE,TEST,Name16501,100,16501
2016,FEMALE,TEST,Name16502,100,16502
2016,FEMALE,TEST,Name16503,100,16503
2016,FEMALE,TEST,Name16504,100,16504
2016,FEMALE,TEST,Name16505,100,16505
2016,FEMALE,TEST,Name16506,100,16506
2016,FEMALE,TEST,Name16507,100,16507
2016,FEMALE,TEST,Name16508,100,16508
2016,FEMALE,TEST,Name16509,100,16509
2016,FEMALE,TEST,Name16510,100,16510
2016,FEMALE,TEST,Name16511,100,16511
2016,FEMALE,TEST,Name16512,100,16512
2016,FEMALE,TEST,Name16513,100,16513
2016,FEMALE,TEST,Name16514,100,16514
2016,FEMALE,TEST,Name16515,100,16515
2016,FEMALE,TEST,Name16516,100,16516
2016,FEMALE,TEST,Name16517,100,16517
2016,FEMALE,TEST,Name16518,100,16518
2016,FEMALE,TEST,Name16519,100,16519
2016,FEMALE,TEST,Name16520,100,16520
2016,FEMALE,TEST,Name16521,100,16521
2016,FEMALE,TEST,Name16522,100,16522
2016,FEMALE,TEST,Name16523,100,16523
2016,FEMALE,TEST,Name16524,100,16524
2016,FEMALE,TEST,Name16525,100,16525
2016,FEMALE,TEST,Name16526,100,16526
2016,FEMALE,TEST,Name16527,100,16527
2016,FEMALE,TEST,Name16528,100,16528
2016,FEMALE,TEST,Name16529,100,16529
2016,FEMALE,TEST,Name16530,100,16530
2016,FEMALE,TEST,Name16531,100,16531
2016,FEMALE,TEST,Name16532,100,16532
2016,FEMALE,TEST,Name16533,100,16533
2016,FEMALE,TEST,Name16534,100,16534
2016,FEMALE,TEST,Name16535,100,16535
2016,FEMALE,TEST,Name16536,100,16536
2016,FEMALE,TEST,Name16537,100,16537
2016,FEMALE,TEST,Name16538,100,16538
2016,FEMALE,TEST,Name16539,100,16539
2016,FEMALE,TEST,Name16540,100,16540
2016,FEMALE,TEST,Name16541,100,16541
2016,FEMALE,TEST,Name16542,100,16542
2016,FEMALE,TEST,Name16543,100,16543
2016,FEMALE,TEST,Name16544,100,16544
2016,FEMALE,TEST,Name16545,100,16545
2016,FEMALE,TEST,Name16546,100,16546
2016,FEMALE,TEST,Name16547,100,16547
2016,FEMALE,TEST,Name16548,100,16548
2016,FEMALE,TEST,Name16549,100,16549
2016,FEMALE,TEST,Name16550,100,16550
2016,FEMALE,TEST,Name16551,100,16551
2016,FEMALE,TEST,Name16552,100,16552
2016,FEMALE,TEST,Name16553,100,16553
2016,FEMALE,TEST,Name16554,100,16554
2016,FEMALE,TEST,Name16555,100,16555
2016,FEMALE,TEST,Name16556,100,16556
2016,FEMALE,TEST,Name16557,100,16557
2016,FEMALE,TEST,Name16558,100,16558
2016,FEMALE,TEST,Name16559,100,16559
2016,FEMALE,TEST,Name16560,100,16560
2016,FEMALE,TEST,Name16561,100,16561
2016,FEMALE,TEST,Name16562,100,16562
2016,FEMALE,TEST,Name16563,100,16563
2016,FEMALE,TEST,Name16564,100,16564
2016,FEMALE,TEST,Name16565,100,16565
2016,FEMALE,TEST,Name16566,100,16566
2016,FEMALE,TEST,Name16567,100,16567
2016,FEMALE,TEST,Name16568,100,16568
2016,FEMALE,TEST,Name16569,100,16569
2016,FEMALE,TEST,Name16570,100,16570
2016,FEMALE,TEST,Name16571,100,16571
2016,FEMALE,TEST,Name16572,100,16572
2016,FEMALE,TEST,Name16573,100,16573
2016,FEMALE,TEST,Name16574,100,16574
2016,FEMALE,TEST,Name16575,100,16575
2016,FEMALE,TEST,Name16576,100,16576
2016,FEMALE,TEST,Name16577,100,16577
2016,FEMALE,TEST,Name16578,100,16578
2016,FEMALE,TEST,Name16579,100,16579
2016,FEMALE,TEST,Name16580,100,16580
2016,FEMALE,TEST,Name16581,100,16581
2016,FEMALE,TEST,Name16582,100,16582
2016,FEMALE,TEST,Name16583,100,16583
2016,FEMALE,TEST,Name16584,100,16584
2016,FEMALE,TEST,Name16585,100,16585
2016,FEMALE,TEST,Name16586,100,16586
2016,FEMALE,TEST,Name16587,100,16587
2016,FEMALE,TEST,Name16588,100,16588
2016,FEMALE,TEST,Name16589,100,16589
2016,FEMALE,TEST,Name16590,100,16590
2016,FEMALE,TEST,Name16591,100,16591
2016,FEMALE,TEST,Name16592,100,16592
2016,FEMALE,TEST,Name16593,100,16593
2016,FEMALE,TEST,Name16594,100,16594
2016,FEMALE,TEST,Name16595,100,16595
2016,FEMALE,TEST,Name16596,100,16596
2016,FEMALE,TEST,Name16597,100,16597
2016,FEMALE,TEST,Name16598,100,16598
2016,FEMALE,TEST,Name16599,100,16599
2016,FEMALE,TEST,Name16600,100,16600
2016,FEMALE,TEST,Name16601,100,16601
2016,FEMALE,TEST,Name16602,100,16602
2016,FEMALE,TEST,Name16603,100,16603
2016,FEMALE,TEST,Name16604,100,16604
2016,FEMALE,TEST,Name16605,100,16605
2016,FEMALE,TEST,Name16606,100,16606
2016,FEMALE,TEST,Name16607,100,16607
2016,FEMALE,TEST,Name16608,100,16608
2016,FEMALE,TEST,Name16609,100,16609
2016,FEMALE,TEST,Name16610,100,16610
2016,FEMALE,TEST,Name16611,100,16611
2016,FEMALE,TEST,Name16612,100,16612
2016,FEMALE,TEST,Name16613,100,16613
2016,FEMALE,TEST,Name16614,100,16614
2016,FEMALE,TEST,Name16615,100,16615
2016,FEMALE,TEST,Name16616,100,16616
2016,FEMALE,TEST,Name16617,100,16617
2016,FEMALE,TEST,Name16618,100,16618
2016,FEMALE,TEST,Name16619,100,16619
2016,FEMALE,TEST,Name16620,100,16620
2016,FEMALE,TEST,Name16621,100,16621
2016,FEMALE,TEST,Name16622,100,16622
2016,FEMALE,TEST,Name16623,100,16623
2016,FEMALE,TEST,Name16624,100,16624
2016,FEMALE,TEST,Name16625,100,16625
2016,FEMALE,TEST,Name16626,100,16626
2016,FEMALE,TEST,Name16627,100,16627
2016,FEMALE,TEST,Name16628,100,16628
2016,FEMALE,TEST,Name16629,100,16629
2016,FEMALE,TEST,Name16630,100,16630
2016,FEMALE,TEST,Name16631,100,16631
2016,FEMALE,TEST,Name16632,100,16632
2016,FEMALE,TEST,Name16633,100,16633
2016,FEMALE,TEST,Name16634,100,16634
2016,FEMALE,TEST,Name16635,100,16635
2016,FEMALE,TEST,Name16636,100,16636
2016,FEMALE,TEST,Name16637,100,16637
2016,FEMALE,TEST,Name16638,100,16638
2016,FEMALE,TEST,Name16639,100,16639
2016,FEMALE,TEST,Name16640,100,16640
2016,FEMALE,TEST,Name16641,100,16641
2016,FEMALE,TEST,Name16642,100,16642
2016,FEMALE,TEST,Name16643,100,16643
2016,FEMALE,TEST,Name16644,100,16644
2016,FEMALE,TEST,Name16645,100,16645
2016,FEMALE,TEST,Name16646,100,16646
2016,FEMALE,TEST,Name16647,100,16647
2016,FEMALE,TEST,Name16648,100,16648
2016,FEMALE,TEST,Name16649,100,16649
2016,FEMALE,TEST,Name16650,100,16650
2016,FEMALE,TEST,Name16651,100,16651
2016,FEMALE,TEST,Name16652,100,16652
2016,FEMALE,TEST,Name16653,100,16653
2016,FEMALE,TEST,Name16654,100,16654
2016,FEMALE,TEST,Name16655,100,16655
2016,FEMALE,TEST,Name16656,100,16656
2016,FEMALE,TEST,Name16657,100,16657
2016,FEMALE,TEST,Name16658,100,16658
2016,FEMALE,TEST,Name16659,100,16659
2016,FEMALE,TEST,Name16660,100,16660
2016,FEMALE,TEST,Name16661,100,16661
2016,FEMALE,TEST,Name16662,100,16662
2016,FEMALE,TEST,Name16663,100,16663
2016,FEMALE,TEST,Name16664,100,16664
2016,FEMALE,TEST,Name16665,100,16665
2016,FEMALE,TEST,Name16666,100,16666
2016,FEMALE,TEST,Name16667,100,16667
2016,FEMALE,TEST,Name16668,100,16668
2016,FEMALE,TEST,Name16669,100,16669
2016,FEMALE,TEST,Name16670,100,16670
2016,FEMALE,TEST,Name16671,100,16671
2016,FEMALE,TEST,Name16672,100,16672
2016,FEMALE,TEST,Name16673,100,16673
2016,FEMALE,TEST,Name16674,100,16674
2016,FEMALE,TEST,Name16675,100,16675
2016,FEMALE,TEST,Name16676,100,16676
2016,FEMALE,TEST,Name16677,100,16677
2016,FEMALE,TEST,Name16678,100,16678
2016,FEMALE,TEST,Name16679,100,16679
2016,FEMALE,TEST,Name16680,100,16680
2016,FEMALE,TEST,Name16681,100,16681
2016,FEMALE,TEST,Name16682,100,16682
2016,FEMALE,TEST,Name16683,100,16683
2016,FEMALE,TEST,Name16684,100,16684
2016,FEMALE,TEST,Name16685,100,16685
2016,FEMALE,TEST,Name16686,100,16686
2016,FEMALE,TEST,Name16687,100,16687
2016,FEMALE,TEST,Name16688,100,16688
2016,FEMALE,TEST,Name16689,100,16689
2016,FEMALE,TEST,Name16690,100,16690
2016,FEMALE,TEST,Name16691,100,16691
2016,FEMALE,TEST,Name16692,100,16692
2016,FEMALE,TEST,Name16693,100,16693
2016,FEMALE,TEST,Name16694,100,16694
2016,FEMALE,TEST,Name16695,100,16695
2016,FEMALE,TEST,Name16696,100,16696
2016,FEMALE,TEST,Name16697,100,16697
2016,FEMALE,TEST,Name16698,100,16698
2016,FEMALE,TEST,Name16699,100,16699
2016,FEMALE,TEST,Name16700,100,16700
2016,FEMALE,TEST,Name16701,100,16701
2016,FEMALE,TEST,Name16702,100,16702
2016,FEMALE,TEST,Name16703,100,16703
2016,FEMALE,TEST,Name16704,100,16704
2016,FEMALE,TEST,Name16705,100,16705
2016,FEMALE,TEST,Name16706,100,16706
2016,FEMALE,TEST,Name16707,100,16707
2016,FEMALE,TEST,Name16708,100,16708
2016,FEMALE,TEST,Name16709,100,16709
2016,FEMALE,TEST,Name16710,100,16710
2016,FEMALE,TEST,Name16711,100,16711
2016,FEMALE,TEST,Name16712,100,16712
2016,FEMALE,TEST,Name16713,100,16713
2016,FEMALE,TEST,Name16714,100,16714
2016,FEMALE,TEST,Name16715,100,16715
2016,FEMALE,TEST,Name16716,100,16716
2016,FEMALE,TEST,Name16717,100,16717
2016,FEMALE,TEST,Name16718,100,16718
2016,FEMALE,TEST,Name16719,100,16719
2016,FEMALE,TEST,Name16720,100,16720
2016,FEMALE,TEST,Name16721,100,16721
2016,FEMALE,TEST,Name16722,100,16722
2016,FEMALE,TEST,Name16723,100,16723
2016,FEMALE,TEST,Name16724,100,16724
2016,FEMALE,TEST,Name16725,100,16725
2016,FEMALE,TEST,Name16726,100,16726
2016,FEMALE,TEST,Name16727,100,16727
2016,FEMALE,TEST,Name16728,100,16728
2016,FEMALE,TEST,Name16729,100,16729
2016,FEMALE,TEST,Name16730,100,16730
2016,FEMALE,TEST,Name16731,100,16731
2016,FEMALE,TEST,Name16732,100,16732
2016,FEMALE,TEST,Name16733,100,16733
2016,FEMALE,TEST,Name16734,100,16734
2016,FEMALE,TEST,Name16735,100,16735
2016,FEMALE,TEST,Name16736,100,16736
2016,FEMALE,TEST,Name16737,100,16737
2016,FEMALE,TEST,Name16738,100,16738
2016,FEMALE,TEST,Name16739,100,16739
2016,FEMALE,TEST,Name16740,100,16740
2016,FEMALE,TEST,Name16741,100,16741
2016,FEMALE,TEST,Name16742,100,16742
2016,FEMALE,TEST,Name16743,100,16743
2016,FEMALE,TEST,Name16744,100,16744
2016,FEMALE,TEST,Name16745,100,16745
2016,FEMALE,TEST,Name16746,100,16746
2016,FEMALE,TEST,Name16747,100,16747
2016,FEMALE,TEST,Name16748,100,16748
2016,FEMALE,TEST,Name16749,100,16749
2016,FEMALE,TEST,Name16750,100,16750
2016,FEMALE,TEST,Name16751,100,16751
2016,FEMALE,TEST,Name16752,100,16752
2016,FEMALE,TEST,Name16753,100,16753
2016,FEMALE,TEST,Name16754,100,16754
2016,FEMALE,TEST,Name16755,100,16755
2016,FEMALE,TEST,Name16756,100,16756
2016,FEMALE,TEST,Name16757,100,16757
2016,FEMALE,TEST,Name16758,100,16758
2016,FEMALE,TEST,Name16759,100,16759
2016,FEMALE,TEST,Name16760,100,16760
2016,FEMALE,TEST,Name16761,100,16761
2016,FEMALE,TEST,Name16762,100,16762
2016,FEMALE,TEST,Name16763,100,16763
2016,FEMALE,TEST,Name16764,100,16764
2016,FEMALE,TEST,Name16765,100,16765
2016,FEMALE,TEST,Name16766,100,16766
2016,FEMALE,TEST,Name16767,100,16767
2016,FEMALE,TEST,Name16768,100,16768
2016,FEMALE,TEST,Name16769,100,16769
2016,FEMALE,TEST,Name16770,100,16770
2016,FEMALE,TEST,Name16771,100,16771
2016,FEMALE,TEST,Name16772,100,16772
2016,FEMALE,TEST,Name16773,100,16773
2016,FEMALE,TEST,Name16774,100,16774
2016,FEMALE,TEST,Name16775,100,16775
2016,FEMALE,TEST,Name16776,100,16776
2016,FEMALE,TEST,Name16777,100,16777
2016,FEMALE,TEST,Name16778,100,16778
2016,FEMALE,TEST,Name16779,100,16779
2016,FEMALE,TEST,Name16780,100,16780
2016,FEMALE,TEST,Name16781,100,16781
2016,FEMALE,TEST,Name16782,100,16782
2016,FEMALE,TEST,Name16783,100,16783
2016,FEMALE,TEST,Name16784,100,16784
2016,FEMALE,TEST,Name16785,100,16785
2016,FEMALE,TEST,Name16786,100,16786
2016,FEMALE,TEST,Name16787,100,16787
2016,FEMALE,TEST,Name16788,100,16788
2016,FEMALE,TEST,Name16789,100,16789
2016,FEMALE,TEST,Name16790,100,16790
2016,FEMALE,TEST,Name16791,100,16791
2016,FEMALE,TEST,Name16792,100,16792
2016,FEMALE,TEST,Name16793,100,16793
2016,FEMALE,TEST,Name16794,100,16794
2016,FEMALE,TEST,Name16795,100,16795
2016,FEMALE,TEST,Name16796,100,16796
2016,FEMALE,TEST,Name16797,100,16797
2016,FEMALE,TEST,Name16798,100,16798
2016,FEMALE,TEST,Name16799,100,16799
2016,FEMALE,TEST,Name16800,100,16800
2016,FEMALE,TEST,Name16801,100,16801
2016,FEMALE,TEST,Name16802,100,16802
2016,FEMALE,TEST,Name16803,100,16803
2016,FEMALE,TEST,Name16804,100,16804
2016,FEMALE,TEST,Name16805,100,16805
2016,FEMALE,TEST,Name16806,100,16806
2016,FEMALE,TEST,Name16807,100,16807
2016,FEMALE,TEST,Name16808,100,16808
2016,FEMALE,TEST,Name16809,100,16809
2016,FEMALE,TEST,Name16810,100,16810
2016,FEMALE,TEST,Name16811,100,16811
2016,FEMALE,TEST,Name16812,100,16812
2016,FEMALE,TEST,Name16813,100,16813
2016,FEMALE,TEST,Name16814,100,16814
2016,FEMALE,TEST,Name16815,100,16815
2016,FEMALE,TEST,Name16816,100,16816
2016,FEMALE,TEST,Name16817,100,16817
2016,FEMALE,TEST,Name16818,100,16818
2016,FEMALE,TEST,Name16819,100,16819
2016,FEMALE,TEST,Name16820,100,16820
2016,FEMALE,TEST,Name16821,100,16821
2016,FEMALE,TEST,Name16822,100,16822
2016,FEMALE,TEST,Name16823,100,16823
2016,FEMALE,TEST,Name16824,100,16824
2016,FEMALE,TEST,Name16825,100,16825
2016,FEMALE,TEST,Name16826,100,16826
2016,FEMALE,TEST,Name16827,100,16827
2016,FEMALE,TEST,Name16828,100,16828
2016,FEMALE,TEST,Name16829,100,16829
2016,FEMALE,TEST,Name16830,100,16830
2016,FEMALE,TEST,Name16831,100,16831
2016,FEMALE,TEST,Name16832,100,16832
2016,FEMALE,TEST,Name16833,100,16833
2016,FEMALE,TEST,Name16834,100,16834
2016,FEMALE,TEST,Name16835,100,16835
2016,FEMALE,TEST,Name16836,100,16836
2016,FEMALE,TEST,Name16837,100,16837
2016,FEMALE,TEST,Name16838,100,16838
2016,FEMALE,TEST,Name16839,100,16839
2016,FEMALE,TEST,Name16840,100,16840
2016,FEMALE,TEST,Name16841,100,16841
2016,FEMALE,TEST,Name16842,100,16842
2016,FEMALE,TEST,Name16843,100,16843
2016,FEMALE,TEST,Name16844,100,16844
2016,FEMALE,TEST,Name16845,100,16845
2016,FEMALE,TEST,Name16846,100,16846
2016,FEMALE,TEST,Name16847,100,16847
2016,FEMALE,TEST,Name16848,100,16848
2016,FEMALE,TEST,Name16849,100,16849
2016,FEMALE,TEST,Name16850,100,16850
2016,FEMALE,TEST,Name16851,100,16851
2016,FEMALE,TEST,Name16852,100,16852
2016,FEMALE,TEST,Name16853,100,16853
2016,FEMALE,TEST,Name16854,100,16854
2016,FEMALE,TEST,Name16855,100,16855
2016,FEMALE,TEST,Name16856,100,16856
2016,FEMALE,TEST,Name16857,100,16857
2016,FEMALE,TEST,Name16858,100,16858
2016,FEMALE,TEST,Name16859,100,16859
2016,FEMALE,TEST,Name16860,100,16860
2016,FEMALE,TEST,Name16861,100,16861
2016,FEMALE,TEST,Name16862,100,16862
2016,FEMALE,TEST,Name16863,100,16863
2016,FEMALE,TEST,Name16864,100,16864
2016,FEMALE,TEST,Name16865,100,16865
2016,FEMALE,TEST,Name16866,100,16866
2016,FEMALE,TEST,Name16867,100,16867
2016,FEMALE,TEST,Name16868,100,16868
2016,FEMALE,TEST,Name16869,100,16869
2016,FEMALE,TEST,Name16870,100,16870
2016,FEMALE,TEST,Name16871,100,16871
2016,FEMALE,TEST,Name16872,100,16872
2016,FEMALE,TEST,Name16873,100,16873
2016,FEMALE,TEST,Name16874,100,16874
2016,FEMALE,TEST,Name16875,100,16875
2016,FEMALE,TEST,Name16876,100,16876
2016,FEMALE,TEST,Name16877,100,16877
2016,FEMALE,TEST,Name16878,100,16878
2016,FEMALE,TEST,Name16879,100,16879
2016,FEMALE,TEST,Name16880,100,16880
2016,FEMALE,TEST,Name16881,100,16881
2016,FEMALE,TEST,Name16882,100,16882
2016,FEMALE,TEST,Name16883,100,16883
2016,FEMALE,TEST,Name16884,100,16884
2016,FEMALE,TEST,Name16885,100,16885
2016,FEMALE,TEST,Name16886,100,16886
2016,FEMALE,TEST,Name16887,100,16887
2016,FEMALE,TEST,Name16888,100,16888
2016,FEMALE,TEST,Name16889,100,16889
2016,FEMALE,TEST,Name16890,100,16890
2016,FEMALE,TEST,Name16891,100,16891
2016,FEMALE,TEST,Name16892,100,16892
2016,FEMALE,TEST,Name16893,100,16893
2016,FEMALE,TEST,Name16894,100,16894
2016,FEMALE,TEST,Name16895,100,16895
2016,FEMALE,TEST,Name16896,100,16896
2016,FEMALE,TEST,Name16897,100,16897
2016,FEMALE,TEST,Name16898,100,16898
2016,FEMALE,TEST,Name16899,100,16899
2016,FEMALE,TEST,Name16900,100,16900
2016,FEMALE,TEST,Name16901,100,16901
2016,FEMALE,TEST,Name16902,100,16902
2016,FEMALE,TEST,Name16903,100,16903
2016,FEMALE,TEST,Name16904,100,16904
2016,FEMALE,TEST,Name16905,100,16905
2016,FEMALE,TEST,Name16906,100,16906
2016,FEMALE,TEST,Name16907,100,16907
2016,FEMALE,TEST,Name16908,100,16908
2016,FEMALE,TEST,Name16909,100,16909
2016,FEMALE,TEST,Name16910,100,16910
2016,FEMALE,TEST,Name16911,100,16911
2016,FEMALE,TEST,Name16912,100,16912
2016,FEMALE,TEST,Name16913,100,16913
2016,FEMALE,TEST,Name16914,100,16914
2016,FEMALE,TEST,Name16915,100,16915
2016,FEMALE,TEST,Name16916,100,16916
2016,FEMALE,TEST,Name16917,100,16917
2016,FEMALE,TEST,Name16918,100,16918
2016,FEMALE,TEST,Name16919,100,16919
2016,FEMALE,TEST,Name16920,100,16920
2016,FEMALE,TEST,Name16921,100,16921
2016,FEMALE,TEST,Name16922,100,16922
2016,FEMALE,TEST,Name16923,100,16923
2016,FEMALE,TEST,Name16924,100,16924
2016,FEMALE,TEST,Name16925,100,16925
2016,FEMALE,TEST,Name16926,100,16926
2016,FEMALE,TEST,Name16927,100,16927
2016,FEMALE,TEST,Name16928,100,16928
2016,FEMALE,TEST,Name16929,100,16929
2016,FEMALE,TEST,Name16930,100,16930
2016,FEMALE,TEST,Name16931,100,16931
2016,FEMALE,TEST,Name16932,100,16932
2016,FEMALE,TEST,Name16933,100,16933
2016,FEMALE,TEST,Name16934,100,16934
2016,FEMALE,TEST,Name16935,100,16935
2016,FEMALE,TEST,Name16936,100,16936
2016,FEMALE,TEST,Name16937,100,16937
2016,FEMALE,TEST,Name16938,100,16938
2016,FEMALE,TEST,Name16939,100,16939
2016,FEMALE,TEST,Name16940,100,16940
2016,FEMALE,TEST,Name16941,100,16941
2016,FEMALE,TEST,Name16942,100,16942
2016,FEMALE,TEST,Name16943,100,16943
2016,FEMALE,TEST,Name16944,100,16944
2016,FEMALE,TEST,Name16945,100,16945
2016,FEMALE,TEST,Name16946,100,16946
2016,FEMALE,TEST,Name16947,100,16947
2016,FEMALE,TEST,Name16948,100,16948
2016,FEMALE,TEST,Name16949,100,16949
2016,FEMALE,TEST,Name16950,100,16950
2016,FEMALE,TEST,Name16951,100,16951
2016,FEMALE,TEST,Name16952,100,16952
2016,FEMALE,TEST,Name16953,100,16953
2016,FEMALE,TEST,Name16954,100,16954
2016,FEMALE,TEST,Name16955,100,16955
2016,FEMALE,TEST,Name16956,100,16956
2016,FEMALE,TEST,Name16957,100,16957
2016,FEMALE,TEST,Name16958,100,16958
2016,FEMALE,TEST,Name16959,100,16959
2016,FEMALE,TEST,Name16960,100,16960
2016,FEMALE,TEST,Name16961,100,16961
2016,FEMALE,TEST,Name16962,100,16962
2016,FEMALE,TEST,Name16963,100,16963
2016,FEMALE,TEST,Name16964,100,16964
2016,FEMALE,TEST,Name16965,100,16965
2016,FEMALE,TEST,Name16966,100,16966
2016,FEMALE,TEST,Name16967,100,16967
2016,FEMALE,TEST,Name16968,100,16968
2016,FEMALE,TEST,Name16969,100,16969
2016,FEMALE,TEST,Name16970,100,16970
2016,FEMALE,TEST,Name16971,100,16971
2016,FEMALE,TEST,Name16972,100,16972
2016,FEMALE,TEST,Name16973,100,16973
2016,FEMALE,TEST,Name16974,100,16974
2016,FEMALE,TEST,Name16975,100,16975
2016,FEMALE,TEST,Name16976,100,16976
2016,FEMALE,TEST,Name16977,100,16977
2016,FEMALE,TEST,Name16978,100,16978
2016,FEMALE,TEST,Name16979,100,16979
2016,FEMALE,TEST,Name16980,100,16980
2016,FEMALE,TEST,Name16981,100,16981
2016,FEMALE,TEST,Name16982,100,16982
2016,FEMALE,TEST,Name16983,100,16983
2016,FEMALE,TEST,Name16984,100,16984
2016,FEMALE,TEST,Name16985,100,16985
2016,FEMALE,TEST,Name16986,100,16986
2016,FEMALE,TEST,Name16987,100,16987
2016,FEMALE,TEST,Name16988,100,16988
2016,FEMALE,TEST,Name16989,100,16989
2016,FEMALE,TEST,Name16990,100,16990
2016,FEMALE,TEST,Name16991,100,16991
2016,FEMALE,TEST,Name16992,100,16992
2016,FEMALE,TEST,Name16993,100,16993
2016,FEMALE,TEST,Name16994,100,16994
2016,FEMALE,TEST,Name16995,100,16995
2016,FEMALE,TEST,Name16996,100,16996
2016,FEMALE,TEST,Name16997,100,16997
2016,FEMALE,TEST,Name16998,100,16998
2016,FEMALE,TEST,Name16999,100,16999
2016,FEMALE,TEST,Name17000,100,17000
2016,FEMALE,TEST,Name17001,100,17001
2016,FEMALE,TEST,Name17002,100,17002
2016,FEMALE,TEST,Name17003,100,17003
2016,FEMALE,TEST,Name17004,100,17004
2016,FEMALE,TEST,Name17005,100,17005
2016,FEMALE,TEST,Name17006,100,17006
2016,FEMALE,TEST,Name17007,100,17007
2016,FEMALE,TEST,Name17008,100,17008
2016,FEMALE,TEST,Name17009,100,17009
2016,FEMALE,TEST,Name17010,100,17010
2016,FEMALE,TEST,Name17011,100,17011
2016,FEMALE,TEST,Name17012,100,17012
2016,FEMALE,TEST,Name17013,100,17013
2016,FEMALE,TEST,Name17014,100,17014
2016,FEMALE,TEST,Name17015,100,17015
2016,FEMALE,TEST,Name17016,100,17016
2016,FEMALE,TEST,Name17017,100,17017
2016,FEMALE,TEST,Name17018,100,17018
2016,FEMALE,TEST,Name17019,100,17019
2016,FEMALE,TEST,Name17020,100,17020
2016,FEMALE,TEST,Name17021,100,17021
2016,FEMALE,TEST,Name17022,100,17022
2016,FEMALE,TEST,Name17023,100,17023
2016,FEMALE,TEST,Name17024,100,17024
2016,FEMALE,TEST,Name17025,100,17025
2016,FEMALE,TEST,Name17026,100,17026
2016,FEMALE,TEST,Name17027,100,17027
2016,FEMALE,TEST,Name17028,100,17028
2016,FEMALE,TEST,Name17029,100,17029
2016,FEMALE,TEST,Name17030,100,17030
2016,FEMALE,TEST,Name17031,100,17031
2016,FEMALE,TEST,Name17032,100,17032
2016,FEMALE,TEST,Name17033,100,17033
2016,FEMALE,TEST,Name17034,100,17034
2016,FEMALE,TEST,Name17035,100,17035
2016,FEMALE,TEST,Name17036,100,17036
2016,FEMALE,TEST,Name17037,100,17037
2016,FEMALE,TEST,Name17038,100,17038
2016,FEMALE,TEST,Name17039,100,17039
2016,FEMALE,TEST,Name17040,100,17040
2016,FEMALE,TEST,Name17041,100,17041
2016,FEMALE,TEST,Name17042,100,17042
2016,FEMALE,TEST,Name17043,100,17043
2016,FEMALE,TEST,Name17044,100,17044
2016,FEMALE,TEST,Name17045,100,17045
2016,FEMALE,TEST,Name17046,100,17046
2016,FEMALE,TEST,Name17047,100,17047
2016,FEMALE,TEST,Name17048,100,17048
2016,FEMALE,TEST,Name17049,100,17049
2016,FEMALE,TEST,Name17050,100,17050
2016,FEMALE,TEST,Name17051,100,17051
2016,FEMALE,TEST,Name17052,100,17052
2016,FEMALE,TEST,Name17053,100,17053
2016,FEMALE,TEST,Name17054,100,17054
2016,FEMALE,TEST,Name17055,100,17055
2016,FEMALE,TEST,Name17056,100,17056
2016,FEMALE,TEST,Name17057,100,17057
2016,FEMALE,TEST,Name17058,100,17058
2016,FEMALE,TEST,Name17059,100,17059
2016,FEMALE,TEST,Name17060,100,17060
2016,FEMALE,TEST,Name17061,100,17061
2016,FEMALE,TEST,Name17062,100,17062
2016,FEMALE,TEST,Name17063,100,17063
2016,FEMALE,TEST,Name17064,100,17064
2016,FEMALE,TEST,Name17065,100,17065
2016,FEMALE,TEST,Name17066,100,17066
2016,FEMALE,TEST,Name17067,100,17067
2016,FEMALE,TEST,Name17068,100,17068
2016,FEMALE,TEST,Name17069,100,17069
2016,FEMALE,TEST,Name17070,100,17070
2016,FEMALE,TEST,Name17071,100,17071
2016,FEMALE,TEST,Name17072,100,17072
2016,FEMALE,TEST,Name17073,100,17073
2016,FEMALE,TEST,Name17074,100,17074
2016,FEMALE,TEST,Name17075,100,17075
2016,FEMALE,TEST,Name17076,100,17076
2016,FEMALE,TEST,Name17077,100,17077
2016,FEMALE,TEST,Name17078,100,17078
2016,FEMALE,TEST,Name17079,100,17079
2016,FEMALE,TEST,Name17080,100,17080
2016,FEMALE,TEST,Name17081,100,17081
2016,FEMALE,TEST,Name17082,100,17082
2016,FEMALE,TEST,Name17083,100,17083
2016,FEMALE,TEST,Name17084,100,17084
2016,FEMALE,TEST,Name17085,100,17085
2016,FEMALE,TEST,Name17086,100,17086
2016,FEMALE,TEST,Name17087,100,17087
2016,FEMALE,TEST,Name17088,100,17088
2016,FEMALE,TEST,Name17089,100,17089
2016,FEMALE,TEST,Name17090,100,17090
2016,FEMALE,TEST,Name17091,100,17091
2016,FEMALE,TEST,Name17092,100,17092
2016,FEMALE,TEST,Name17093,100,17093
2016,FEMALE,TEST,Name17094,100,17094
2016,FEMALE,TEST,Name17095,100,17095
2016,FEMALE,TEST,Name17096,100,17096
2016,FEMALE,TEST,Name17097,100,17097
2016,FEMALE,TEST,Name17098,100,17098
2016,FEMALE,TEST,Name17099,100,17099
2016,FEMALE,TEST,Name17100,100,17100
2016,FEMALE,TEST,Name17101,100,17101
2016,FEMALE,TEST,Name17102,100,17102
2016,FEMALE,TEST,Name17103,100,17103
2016,FEMALE,TEST,Name17104,100,17104
2016,FEMALE,TEST,Name17105,100,17105
2016,FEMALE,TEST,Name17106,100,17106
2016,FEMALE,TEST,Name17107,100,17107
2016,FEMALE,TEST,Name17108,100,17108
2016,FEMALE,TEST,Name17109,100,17109
2016,FEMALE,TEST,Name17110,100,17110
2016,FEMALE,TEST,Name17111,100,17111
2016,FEMALE,TEST,Name17112,100,17112
2016,FEMALE,TEST,Name17113,100,17113
2016,FEMALE,TEST,Name17114,100,17114
2016,FEMALE,TEST,Name17115,100,17115
2016,FEMALE,TEST,Name17116,100,17116
2016,FEMALE,TEST,Name17117,100,17117
2016,FEMALE,TEST,Name17118,100,17118
2016,FEMALE,TEST,Name17119,100,17119
2016,FEMALE,TEST,Name17120,100,17120
2016,FEMALE,TEST,Name17121,100,17121
2016,FEMALE,TEST,Name17122,100,17122
2016,FEMALE,TEST,Name17123,100,17123
2016,FEMALE,TEST,Name17124,100,17124
2016,FEMALE,TEST,Name17125,100,17125
2016,FEMALE,TEST,Name17126,100,17126
2016,FEMALE,TEST,Name17127,100,17127
2016,FEMALE,TEST,Name17128,100,17128
2016,FEMALE,TEST,Name17129,100,17129
2016,FEMALE,TEST,Name17130,100,17130
2016,FEMALE,TEST,Name17131,100,17131
2016,FEMALE,TEST,Name17132,100,17132
2016,FEMALE,TEST,Name17133,100,17133
2016,FEMALE,TEST,Name17134,100,17134
2016,FEMALE,TEST,Name17135,100,17135
2016,FEMALE,TEST,Name17136,100,17136
2016,FEMALE,TEST,Name17137,100,17137
2016,FEMALE,TEST,Name17138,100,17138
2016,FEMALE,TEST,Name17139,100,17139
2016,FEMALE,TEST,Name17140,100,17140
2016,FEMALE,TEST,Name17141,100,17141
2016,FEMALE,TEST,Name17142,100,17142
2016,FEMALE,TEST,Name17143,100,17143
2016,FEMALE,TEST,Name17144,100,17144
2016,FEMALE,TEST,Name17145,100,17145
2016,FEMALE,TEST,Name17146,100,17146
2016,FEMALE,TEST,Name17147,100,17147
2016,FEMALE,TEST,Name17148,100,17148
2016,FEMALE,TEST,Name17149,100,17149
2016,FEMALE,TEST,Name17150,100,17150
2016,FEMALE,TEST,Name17151,100,17151
2016,FEMALE,TEST,Name17152,100,17152
2016,FEMALE,TEST,Name17153,100,17153
2016,FEMALE,TEST,Name17154,100,17154
2016,FEMALE,TEST,Name17155,100,17155
2016,FEMALE,TEST,Name17156,100,17156
2016,FEMALE,TEST,Name17157,100,17157
2016,FEMALE,TEST,Name17158,100,17158
2016,FEMALE,TEST,Name17159,100,17159
2016,FEMALE,TEST,Name17160,100,17160
2016,FEMALE,TEST,Name17161,100,17161
2016,FEMALE,TEST,Name17162,100,17162
2016,FEMALE,TEST,Name17163,100,17163
2016,FEMALE,TEST,Name17164,100,17164
2016,FEMALE,TEST,Name17165,100,17165
2016,FEMALE,TEST,Name17166,100,17166
2016,FEMALE,TEST,Name17167,100,17167
2016,FEMALE,TEST,Name17168,100,17168
2016,FEMALE,TEST,Name17169,100,17169
2016,FEMALE,TEST,Name17170,100,17170
2016,FEMALE,TEST,Name17171,100,17171
2016,FEMALE,TEST,Name17172,100,17172
2016,FEMALE,TEST,Name17173,100,17173
2016,FEMALE,TEST,Name17174,100,17174
2016,FEMALE,TEST,Name17175,100,17175
2016,FEMALE,TEST,Name17176,100,17176
2016,FEMALE,TEST,Name17177,100,17177
2016,FEMALE,TEST,Name17178,100,17178
2016,FEMALE,TEST,Name17179,100,17179
2016,FEMALE,TEST,Name17180,100,17180
2016,FEMALE,TEST,Name17181,100,17181
2016,FEMALE,TEST,Name17182,100,17182
2016,FEMALE,TEST,Name17183,100,17183
2016,FEMALE,TEST,Name17184,100,17184
2016,FEMALE,TEST,Name17185,100,17185
2016,FEMALE,TEST,Name17186,100,17186
2016,FEMALE,TEST,Name17187,100,17187
2016,FEMALE,TEST,Name17188,100,17188
2016,FEMALE,TEST,Name17189,100,17189
2016,FEMALE,TEST,Name17190,100,17190
2016,FEMALE,TEST,Name17191,100,17191
2016,FEMALE,TEST,Name17192,100,17192
2016,FEMALE,TEST,Name17193,100,17193
2016,FEMALE,TEST,Name17194,100,17194
2016,FEMALE,TEST,Name17195,100,17195
2016,FEMALE,TEST,Name17196,100,17196
2016,FEMALE,TEST,Name17197,100,17197
2016,FEMALE,TEST,Name17198,100,17198
2016,FEMALE,TEST,Name17199,100,17199
2016,FEMALE,TEST,Name17200,100,17200
2016,FEMALE,TEST,Name17201,100,17201
2016,FEMALE,TEST,Name17202,100,17202
2016,FEMALE,TEST,Name17203,100,17203
2016,FEMALE,TEST,Name17204,100,17204
2016,FEMALE,TEST,Name17205,100,17205
2016,FEMALE,TEST,Name17206,100,17206
2016,FEMALE,TEST,Name17207,100,17207
2016,FEMALE,TEST,Name17208,100,17208
2016,FEMALE,TEST,Name17209,100,17209
2016,FEMALE,TEST,Name17210,100,17210
2016,FEMALE,TEST,Name17211,100,17211
2016,FEMALE,TEST,Name17212,100,17212
2016,FEMALE,TEST,Name17213,100,17213
2016,FEMALE,TEST,Name17214,100,17214
2016,FEMALE,TEST,Name17215,100,17215
2016,FEMALE,TEST,Name17216,100,17216
2016,FEMALE,TEST,Name17217,100,17217
2016,FEMALE,TEST,Name17218,100,17218
2016,FEMALE,TEST,Name17219,100,17219
2016,FEMALE,TEST,Name17220,100,17220
2016,FEMALE,TEST,Name17221,100,17221
2016,FEMALE,TEST,Name17222,100,17222
2016,FEMALE,TEST,Name17223,100,17223
2016,FEMALE,TEST,Name17224,100,17224
2016,FEMALE,TEST,Name17225,100,17225
2016,FEMALE,TEST,Name17226,100,17226
2016,FEMALE,TEST,Name17227,100,17227
2016,FEMALE,TEST,Name17228,100,17228
2016,FEMALE,TEST,Name17229,100,17229
2016,FEMALE,TEST,Name17230,100,17230
2016,FEMALE,TEST,Name17231,100,17231
2016,FEMALE,TEST,Name17232,100,17232
2016,FEMALE,TEST,Name17233,100,17233
2016,FEMALE,TEST,Name17234,100,17234
2016,FEMALE,TEST,Name17235,100,17235
2016,FEMALE,TEST,Name17236,100,17236
2016,FEMALE,TEST,Name17237,100,17237
2016,FEMALE,TEST,Name17238,100,17238
2016,FEMALE,TEST,Name17239,100,17239
2016,FEMALE,TEST,Name17240,100,17240
2016,FEMALE,TEST,Name17241,100,17241
2016,FEMALE,TEST,Name17242,100,17242
2016,FEMALE,TEST,Name17243,100,17243
2016,FEMALE,TEST,Name17244,100,17244
2016,FEMALE,TEST,Name17245,100,17245
2016,FEMALE,TEST,Name17246,100,17246
2016,FEMALE,TEST,Name17247,100,17247
2016,FEMALE,TEST,Name17248,100,17248
2016,FEMALE,TEST,Name17249,100,17249
2016,FEMALE,TEST,Name17250,100,17250
2016,FEMALE,TEST,Name17251,100,17251
2016,FEMALE,TEST,Name17252,100,17252
2016,FEMALE,TEST,Name17253,100,17253
2016,FEMALE,TEST,Name17254,100,17254
2016,FEMALE,TEST,Name17255,100,17255
2016,FEMALE,TEST,Name17256,100,17256
2016,FEMALE,TEST,Name17257,100,17257
2016,FEMALE,TEST,Name17258,100,17258
2016,FEMALE,TEST,Name17259,100,17259
2016,FEMALE,TEST,Name17260,100,17260
2016,FEMALE,TEST,Name17261,100,17261
2016,FEMALE,TEST,Name17262,100,17262
2016,FEMALE,TEST,Name17263,100,17263
2016,FEMALE,TEST,Name17264,100,17264
2016,FEMALE,TEST,Name17265,100,17265
2016,FEMALE,TEST,Name17266,100,17266
2016,FEMALE,TEST,Name17267,100,17267
2016,FEMALE,TEST,Name17268,100,17268
2016,FEMALE,TEST,Name17269,100,17269
2016,FEMALE,TEST,Name17270,100,17270
2016,FEMALE,TEST,Name17271,100,17271
2016,FEMALE,TEST,Name17272,100,17272
2016,FEMALE,TEST,Name17273,100,17273
2016,FEMALE,TEST,Name17274,100,17274
2016,FEMALE,TEST,Name17275,100,17275
2016,FEMALE,TEST,Name17276,100,17276
2016,FEMALE,TEST,Name17277,100,17277
2016,FEMALE,TEST,Name17278,100,17278
2016,FEMALE,TEST,Name17279,100,17279
2016,FEMALE,TEST,Name17280,100,17280
2016,FEMALE,TEST,Name17281,100,17281
2016,FEMALE,TEST,Name17282,100,17282
2016,FEMALE,TEST,Name17283,100,17283
2016,FEMALE,TEST,Name17284,100,17284
2016,FEMALE,TEST,Name17285,100,17285
2016,FEMALE,TEST,Name17286,100,17286
2016,FEMALE,TEST,Name17287,100,17287
2016,FEMALE,TEST,Name17288,100,17288
2016,FEMALE,TEST,Name17289,100,17289
2016,FEMALE,TEST,Name17290,100,17290
2016,FEMALE,TEST,Name17291,100,17291
2016,FEMALE,TEST,Name17292,100,17292
2016,FEMALE,TEST,Name17293,100,17293
2016,FEMALE,TEST,Name17294,100,17294
2016,FEMALE,TEST,Name17295,100,17295
2016,FEMALE,TEST,Name17296,100,17296
2016,FEMALE,TEST,Name17297,100,17297
2016,FEMALE,TEST,Name17298,100,17298
2016,FEMALE,TEST,Name17299,100,17299
2016,FEMALE,TEST,Name17300,100,17300
2016,FEMALE,TEST,Name17301,100,17301
2016,FEMALE,TEST,Name17302,100,17302
2016,FEMALE,TEST,Name17303,100,17303
2016,FEMALE,TEST,Name17304,100,17304
2016,FEMALE,TEST,Name17305,100,17305
2016,FEMALE,TEST,Name17306,100,17306
2016,FEMALE,TEST,Name17307,100,17307
2016,FEMALE,TEST,Name17308,100,17308
2016,FEMALE,TEST,Name17309,100,17309
2016,FEMALE,TEST,Name17310,100,17310
2016,FEMALE,TEST,Name17311,100,17311
2016,FEMALE,TEST,Name17312,100,17312
2016,FEMALE,TEST,Name17313,100,17313
2016,FEMALE,TEST,Name17314,100,17314
2016,FEMALE,TEST,Name17315,100,17315
2016,FEMALE,TEST,Name17316,100,17316
2016,FEMALE,TEST,Name17317,100,17317
2016,FEMALE,TEST,Name17318,100,17318
2016,FEMALE,TEST,Name17319,100,17319
2016,FEMALE,TEST,Name17320,100,17320
2016,FEMALE,TEST,Name17321,100,17321
2016,FEMALE,TEST,Name17322,100,17322
2016,FEMALE,TEST,Name17323,100,17323
2016,FEMALE,TEST,Name17324,100,17324
2016,FEMALE,TEST,Name17325,100,17325
2016,FEMALE,TEST,Name17326,100,17326
2016,FEMALE,TEST,Name17327,100,17327
2016,FEMALE,TEST,Name17328,100,17328
2016,FEMALE,TEST,Name17329,100,17329
2016,FEMALE,TEST,Name17330,100,17330
2016,FEMALE,TEST,Name17331,100,17331
2016,FEMALE,TEST,Name17332,100,17332
2016,FEMALE,TEST,Name17333,100,17333
2016,FEMALE,TEST,Name17334,100,17334
2016,FEMALE,TEST,Name17335,100,17335
2016,FEMALE,TEST,Name17336,100,17336
2016,FEMALE,TEST,Name17337,100,17337
2016,FEMALE,TEST,Name17338,100,17338
2016,FEMALE,TEST,Name17339,100,17339
2016,FEMALE,TEST,Name17340,100,17340
2016,FEMALE,TEST,Name17341,100,17341
2016,FEMALE,TEST,Name17342,100,17342
2016,FEMALE,TEST,Name17343,100,17343
2016,FEMALE,TEST,Name17344,100,17344
2016,FEMALE,TEST,Name17345,100,17345
2016,FEMALE,TEST,Name17346,100,17346
2016,FEMALE,TEST,Name17347,100,17347
2016,FEMALE,TEST,Name17348,100,17348
2016,FEMALE,TEST,Name17349,100,17349
2016,FEMALE,TEST,Name17350,100,17350
2016,FEMALE,TEST,Name17351,100,17351
2016,FEMALE,TEST,Name17352,100,17352
2016,FEMALE,TEST,Name17353,100,17353
2016,FEMALE,TEST,Name17354,100,17354
2016,FEMALE,TEST,Name17355,100,17355
2016,FEMALE,TEST,Name17356,100,17356
2016,FEMALE,TEST,Name17357,100,17357
2016,FEMALE,TEST,Name17358,100,17358
2016,FEMALE,TEST,Name17359,100,17359
2016,FEMALE,TEST,Name17360,100,17360
2016,FEMALE,TEST,Name17361,100,17361
2016,FEMALE,TEST,Name17362,100,17362
2016,FEMALE,TEST,Name17363,100,17363
2016,FEMALE,TEST,Name17364,100,17364
2016,FEMALE,TEST,Name17365,100,17365
2016,FEMALE,TEST,Name17366,100,17366
2016,FEMALE,TEST,Name17367,100,17367
2016,FEMALE,TEST,Name17368,100,17368
2016,FEMALE,TEST,Name17369,100,17369
2016,FEMALE,TEST,Name17370,100,17370
2016,FEMALE,TEST,Name17371,100,17371
2016,FEMALE,TEST,Name17372,100,17372
2016,FEMALE,TEST,Name17373,100,17373
2016,FEMALE,TEST,Name17374,100,17374
2016,FEMALE,TEST,Name17375,100,17375
2016,FEMALE,TEST,Name17376,100,17376
2016,FEMALE,TEST,Name17377,100,17377
2016,FEMALE,TEST,Name17378,100,17378
2016,FEMALE,TEST,Name17379,100,17379
2016,FEMALE,TEST,Name17380,100,17380
2016,FEMALE,TEST,Name17381,100,17381
2016,FEMALE,TEST,Name17382,100,17382
2016,FEMALE,TEST,Name17383,100,17383
2016,FEMALE,TEST,Name17384,100,17384
2016,FEMALE,TEST,Name17385,100,17385
2016,FEMALE,TEST,Name17386,100,17386
2016,FEMALE,TEST,Name17387,100,17387
2016,FEMALE,TEST,Name17388,100,17388
2016,FEMALE,TEST,Name17389,100,17389
2016,FEMALE,TEST,Name17390,100,17390
2016,FEMALE,TEST,Name17391,100,17391
2016,FEMALE,TEST,Name17392,100,17392
2016,FEMALE,TEST,Name17393,100,17393
2016,FEMALE,TEST,Name17394,100,17394
2016,FEMALE,TEST,Name17395,100,17395
2016,FEMALE,TEST,Name17396,100,17396
2016,FEMALE,TEST,Name17397,100,17397
2016,FEMALE,TEST,Name17398,100,17398
2016,FEMALE,TEST,Name17399,100,17399
2016,FEMALE,TEST,Name17400,100,17400
2016,FEMALE,TEST,Name17401,100,17401
2016,FEMALE,TEST,Name17402,100,17402
2016,FEMALE,TEST,Name17403,100,17403
2016,FEMALE,TEST,Name17404,100,17404
2016,FEMALE,TEST,Name17405,100,17405
2016,FEMALE,TEST,Name17406,100,17406
2016,FEMALE,TEST,Name17407,100,17407
2016,FEMALE,TEST,Name17408,100,17408
2016,FEMALE,TEST,Name17409,100,17409
2016,FEMALE,TEST,Name17410,100,17410
2016,FEMALE,TEST,Name17411,100,17411
2016,FEMALE,TEST,Name17412,100,17412
2016,FEMALE,TEST,Name17413,100,17413
2016,FEMALE,TEST,Name17414,100,17414
2016,FEMALE,TEST,Name17415,100,17415
2016,FEMALE,TEST,Name17416,100,17416
2016,FEMALE,TEST,Name17417,100,17417
2016,FEMALE,TEST,Name17418,100,17418
2016,FEMALE,TEST,Name17419,100,17419
2016,FEMALE,TEST,Name17420,100,17420
2016,FEMALE,TEST,Name17421,100,17421
2016,FEMALE,TEST,Name17422,100,17422
2016,FEMALE,TEST,Name17423,100,17423
2016,FEMALE,TEST,Name17424,100,17424
2016,FEMALE,TEST,Name17425,100,17425
2016,FEMALE,TEST,Name17426,100,17426
2016,FEMALE,TEST,Name17427,100,17427
2016,FEMALE,TEST,Name17428,100,17428
2016,FEMALE,TEST,Name17429,100,17429
2016,FEMALE,TEST,Name17430,100,17430
2016,FEMALE,TEST,Name17431,100,17431
2016,FEMALE,TEST,Name17432,100,17432
2016,FEMALE,TEST,Name17433,100,17433
2016,FEMALE,TEST,Name17434,100,17434
2016,FEMALE,TEST,Name17435,100,17435
2016,FEMALE,TEST,Name17436,100,17436
2016,FEMALE,TEST,Name17437,100,17437
2016,FEMALE,TEST,Name17438,100,17438
2016,FEMALE,TEST,Name17439,100,17439
2016,FEMALE,TEST,Name17440,100,17440
2016,FEMALE,TEST,Name17441,100,17441
2016,FEMALE,TEST,Name17442,100,17442
2016,FEMALE,TEST,Name17443,100,17443
2016,FEMALE,TEST,Name17444,100,17444
2016,FEMALE,TEST,Name17445,100,17445
2016,FEMALE,TEST,Name17446,100,17446
2016,FEMALE,TEST,Name17447,100,17447
2016,FEMALE,TEST,Name17448,100,17448
2016,FEMALE,TEST,Name17449,100,17449
2016,FEMALE,TEST,Name17450,100,17450
2016,FEMALE,TEST,Name17451,100,17451
2016,FEMALE,TEST,Name17452,100,17452
2016,FEMALE,TEST,Name17453,100,17453
2016,FEMALE,TEST,Name17454,100,17454
2016,FEMALE,TEST,Name17455,100,17455
2016,FEMALE,TEST,Name17456,100,17456
2016,FEMALE,TEST,Name17457,100,17457
2016,FEMALE,TEST,Name17458,100,17458
2016,FEMALE,TEST,Name17459,100,17459
2016,FEMALE,TEST,Name17460,100,17460
2016,FEMALE,TEST,Name17461,100,17461
2016,FEMALE,TEST,Name17462,100,17462
2016,FEMALE,TEST,Name17463,100,17463
2016,FEMALE,TEST,Name17464,100,17464
2016,FEMALE,TEST,Name17465,100,17465
2016,FEMALE,TEST,Name17466,100,17466
2016,FEMALE,TEST,Name17467,100,17467
2016,FEMALE,TEST,Name17468,100,17468
2016,FEMALE,TEST,Name17469,100,17469
2016,FEMALE,TEST,Name17470,100,17470
2016,FEMALE,TEST,Name17471,100,17471
2016,FEMALE,TEST,Name17472,100,17472
2016,FEMALE,TEST,Name17473,100,17473
2016,FEMALE,TEST,Name17474,100,17474
2016,FEMALE,TEST,Name17475,100,17475
2016,FEMALE,TEST,Name17476,100,17476
2016,FEMALE,TEST,Name17477,100,17477
2016,FEMALE,TEST,Name17478,100,17478
2016,FEMALE,TEST,Name17479,100,17479
2016,FEMALE,TEST,Name17480,100,17480
2016,FEMALE,TEST,Name17481,100,17481
2016,FEMALE,TEST,Name17482,100,17482
2016,FEMALE,TEST,Name17483,100,17483
2016,FEMALE,TEST,Name17484,100,17484
2016,FEMALE,TEST,Name17485,100,17485
2016,FEMALE,TEST,Name17486,100,17486
2016,FEMALE,TEST,Name17487,100,17487
2016,FEMALE,TEST,Name17488,100,17488
2016,FEMALE,TEST,Name17489,100,17489
2016,FEMALE,TEST,Name17490,100,17490
2016,FEMALE,TEST,Name17491,100,17491
2016,FEMALE,TEST,Name17492,100,17492
2016,FEMALE,TEST,Name17493,100,17493
2016,FEMALE,TEST,Name17494,100,17494
2016,FEMALE,TEST,Name17495,100,17495
2016,FEMALE,TEST,Name17496,100,17496
2016,FEMALE,TEST,Name17497,100,17497
2016,FEMALE,TEST,Name17498,100,17498
2016,FEMALE,TEST,Name17499,100,17499
2016,FEMALE,TEST,Name17500,100,17500
2016,FEMALE,TEST,Name17501,100,17501
2016,FEMALE,TEST,Name17502,100,17502
2016,FEMALE,TEST,Name17503,100,17503
2016,FEMALE,TEST,Name17504,100,17504
2016,FEMALE,TEST,Name17505,100,17505
2016,FEMALE,TEST,Name17506,100,17506
2016,FEMALE,TEST,Name17507,100,17507
2016,FEMALE,TEST,Name17508,100,17508
2016,FEMALE,TEST,Name17509,100,17509
2016,FEMALE,TEST,Name17510,100,17510
2016,FEMALE,TEST,Name17511,100,17511
2016,FEMALE,TEST,Name17512,100,17512
2016,FEMALE,TEST,Name17513,100,17513
2016,FEMALE,TEST,Name17514,100,17514
2016,FEMALE,TEST,Name17515,100,17515
2016,FEMALE,TEST,Name17516,100,17516
2016,FEMALE,TEST,Name17517,100,17517
2016,FEMALE,TEST,Name17518,100,17518
2016,FEMALE,TEST,Name17519,100,17519
2016,FEMALE,TEST,Name17520,100,17520
2016,FEMALE,TEST,Name17521,100,17521
2016,FEMALE,TEST,Name17522,100,17522
2016,FEMALE,TEST,Name17523,100,17523
2016,FEMALE,TEST,Name17524,100,17524
2016,FEMALE,TEST,Name17525,100,17525
2016,FEMALE,TEST,Name17526,100,17526
2016,FEMALE,TEST,Name17527,100,17527
2016,FEMALE,TEST,Name17528,100,17528
2016,FEMALE,TEST,Name17529,100,17529
2016,FEMALE,TEST,Name17530,100,17530
2016,FEMALE,TEST,Name17531,100,17531
2016,FEMALE,TEST,Name17532,100,17532
2016,FEMALE,TEST,Name17533,100,17533
2016,FEMALE,TEST,Name17534,100,17534
2016,FEMALE,TEST,Name17535,100,17535
2016,FEMALE,TEST,Name17536,100,17536
2016,FEMALE,TEST,Name17537,100,17537
2016,FEMALE,TEST,Name17538,100,17538
2016,FEMALE,TEST,Name17539,100,17539
2016,FEMALE,TEST,Name17540,100,17540
2016,FEMALE,TEST,Name17541,100,17541
2016,FEMALE,TEST,Name17542,100,17542
2016,FEMALE,TEST,Name17543,100,17543
2016,FEMALE,TEST,Name17544,100,17544
2016,FEMALE,TEST,Name17545,100,17545
2016,FEMALE,TEST,Name17546,100,17546
2016,FEMALE,TEST,Name17547,100,17547
2016,FEMALE,TEST,Name17548,100,17548
2016,FEMALE,TEST,Name17549,100,17549
2016,FEMALE,TEST,Name17550,100,17550
2016,FEMALE,TEST,Name17551,100,17551
2016,FEMALE,TEST,Name17552,100,17552
2016,FEMALE,TEST,Name17553,100,17553
2016,FEMALE,TEST,Name17554,100,17554
2016,FEMALE,TEST,Name17555,100,17555
2016,FEMALE,TEST,Name17556,100,17556
2016,FEMALE,TEST,Name17557,100,17557
2016,FEMALE,TEST,Name17558,100,17558
2016,FEMALE,TEST,Name17559,100,17559
2016,FEMALE,TEST,Name17560,100,17560
2016,FEMALE,TEST,Name17561,100,17561
2016,FEMALE,TEST,Name17562,100,17562
2016,FEMALE,TEST,Name17563,100,17563
2016,FEMALE,TEST,Name17564,100,17564
2016,FEMALE,TEST,Name17565,100,17565
2016,FEMALE,TEST,Name17566,100,17566
2016,FEMALE,TEST,Name17567,100,17567
2016,FEMALE,TEST,Name17568,100,17568
2016,FEMALE,TEST,Name17569,100,17569
2016,FEMALE,TEST,Name17570,100,17570
2016,FEMALE,TEST,Name17571,100,17571
2016,FEMALE,TEST,Name17572,100,17572
2016,FEMALE,TEST,Name17573,100,17573
2016,FEMALE,TEST,Name17574,100,17574
2016,FEMALE,TEST,Name17575,100,17575
2016,FEMALE,TEST,Name17576,100,17576
2016,FEMALE,TEST,Name17577,100,17577
2016,FEMALE,TEST,Name17578,100,17578
2016,FEMALE,TEST,Name17579,100,17579
2016,FEMALE,TEST,Name17580,100,17580
2016,FEMALE,TEST,Name17581,100,17581
2016,FEMALE,TEST,Name17582,100,17582
2016,FEMALE,TEST,Name17583,100,17583
2016,FEMALE,TEST,Name17584,100,17584
2016,FEMALE,TEST,Name17585,100,17585
2016,FEMALE,TEST,Name17586,100,17586
2016,FEMALE,TEST,Name17587,100,17587
2016,FEMALE,TEST,Name17588,100,17588
2016,FEMALE,TEST,Name17589,100,17589
2016,FEMALE,TEST,Name17590,100,17590
2016,FEMALE,TEST,Name17591,100,17591
2016,FEMALE,TEST,Name17592,100,17592
2016,FEMALE,TEST,Name17593,100,17593
2016,FEMALE,TEST,Name17594,100,17594
2016,FEMALE,TEST,Name17595,100,17595
2016,FEMALE,TEST,Name17596,100,17596
2016,FEMALE,TEST,Name17597,100,17597
2016,FEMALE,TEST,Name17598,100,17598
2016,FEMALE,TEST,Name17599,100,17599
2016,FEMALE,TEST,Name17600,100,17600
2016,FEMALE,TEST,Name17601,100,17601
2016,FEMALE,TEST,Name17602,100,17602
2016,FEMALE,TEST,Name17603,100,17603
2016,FEMALE,TEST,Name17604,100,17604
2016,FEMALE,TEST,Name17605,100,17605
2016,FEMALE,TEST,Name17606,100,17606
2016,FEMALE,TEST,Name17607,100,17607
2016,FEMALE,TEST,Name17608,100,17608
2016,FEMALE,TEST,Name17609,100,17609
2016,FEMALE,TEST,Name17610,100,17610
2016,FEMALE,TEST,Name17611,100,17611
2016,FEMALE,TEST,Name17612,100,17612
2016,FEMALE,TEST,Name17613,100,17613
2016,FEMALE,TEST,Name17614,100,17614
2016,FEMALE,TEST,Name17615,100,17615
2016,FEMALE,TEST,Name17616,100,17616
2016,FEMALE,TEST,Name17617,100,17617
2016,FEMALE,TEST,Name17618,100,17618
2016,FEMALE,TEST,Name17619,100,17619
2016,FEMALE,TEST,Name17620,100,17620
2016,FEMALE,TEST,Name17621,100,17621
2016,FEMALE,TEST,Name17622,100,17622
2016,FEMALE,TEST,Name17623,100,17623
2016,FEMALE,TEST,Name17624,100,17624
2016,FEMALE,TEST,Name17625,100,17625
2016,FEMALE,TEST,Name17626,100,17626
2016,FEMALE,TEST,Name17627,100,17627
2016,FEMALE,TEST,Name17628,100,17628
2016,FEMALE,TEST,Name17629,100,17629
2016,FEMALE,TEST,Name17630,100,17630
2016,FEMALE,TEST,Name17631,100,17631
2016,FEMALE,TEST,Name17632,100,17632
2016,FEMALE,TEST,Name17633,100,17633
2016,FEMALE,TEST,Name17634,100,17634
2016,FEMALE,TEST,Name17635,100,17635
2016,FEMALE,TEST,Name17636,100,17636
2016,FEMALE,TEST,Name17637,100,17637
2016,FEMALE,TEST,Name17638,100,17638
2016,FEMALE,TEST,Name17639,100,17639
2016,FEMALE,TEST,Name17640,100,17640
2016,FEMALE,TEST,Name17641,100,17641
2016,FEMALE,TEST,Name17642,100,17642
2016,FEMALE,TEST,Name17643,100,17643
2016,FEMALE,TEST,Name17644,100,17644
2016,FEMALE,TEST,Name17645,100,17645
2016,FEMALE,TEST,Name17646,100,17646
2016,FEMALE,TEST,Name17647,100,17647
2016,FEMALE,TEST,Name17648,100,17648
2016,FEMALE,TEST,Name17649,100,17649
2016,FEMALE,TEST,Name17650,100,17650
2016,FEMALE,TEST,Name17651,100,17651
2016,FEMALE,TEST,Name17652,100,17652
2016,FEMALE,TEST,Name17653,100,17653
2016,FEMALE,TEST,Name17654,100,17654
2016,FEMALE,TEST,Name17655,100,17655
2016,FEMALE,TEST,Name17656,100,17656
2016,FEMALE,TEST,Name17657,100,17657
2016,FEMALE,TEST,Name17658,100,17658
2016,FEMALE,TEST,Name17659,100,17659
2016,FEMALE,TEST,Name17660,100,17660
2016,FEMALE,TEST,Name17661,100,17661
2016,FEMALE,TEST,Name17662,100,17662
2016,FEMALE,TEST,Name17663,100,17663
2016,FEMALE,TEST,Name17664,100,17664
2016,FEMALE,TEST,Name17665,100,17665
2016,FEMALE,TEST,Name17666,100,17666
2016,FEMALE,TEST,Name17667,100,17667
2016,FEMALE,TEST,Name17668,100,17668
2016,FEMALE,TEST,Name17669,100,17669
2016,FEMALE,TEST,Name17670,100,17670
2016,FEMALE,TEST,Name17671,100,17671
2016,FEMALE,TEST,Name17672,100,17672
2016,FEMALE,TEST,Name17673,100,17673
2016,FEMALE,TEST,Name17674,100,17674
2016,FEMALE,TEST,Name17675,100,17675
2016,FEMALE,TEST,Name17676,100,17676
2016,FEMALE,TEST,Name17677,100,17677
2016,FEMALE,TEST,Name17678,100,17678
2016,FEMALE,TEST,Name17679,100,17679
2016,FEMALE,TEST,Name17680,100,17680
2016,FEMALE,TEST,Name17681,100,17681
2016,FEMALE,TEST,Name17682,100,17682
2016,FEMALE,TEST,Name17683,100,17683
2016,FEMALE,TEST,Name17684,100,17684
2016,FEMALE,TEST,Name17685,100,17685
2016,FEMALE,TEST,Name17686,100,17686
2016,FEMALE,TEST,Name17687,100,17687
2016,FEMALE,TEST,Name17688,100,17688
2016,FEMALE,TEST,Name17689,100,17689
2016,FEMALE,TEST,Name17690,100,17690
2016,FEMALE,TEST,Name17691,100,17691
2016,FEMALE,TEST,Name17692,100,17692
2016,FEMALE,TEST,Name17693,100,17693
2016,FEMALE,TEST,Name17694,100,17694
2016,FEMALE,TEST,Name17695,100,17695
2016,FEMALE,TEST,Name17696,100,17696
2016,FEMALE,TEST,Name17697,100,17697
2016,FEMALE,TEST,Name17698,100,17698
2016,FEMALE,TEST,Name17699,100,17699
2016,FEMALE,TEST,Name17700,100,17700
2016,FEMALE,TEST,Name17701,100,17701
2016,FEMALE,TEST,Name17702,100,17702
2016,FEMALE,TEST,Name17703,100,17703
2016,FEMALE,TEST,Name17704,100,17704
2016,FEMALE,TEST,Name17705,100,17705
2016,FEMALE,TEST,Name17706,100,17706
2016,FEMALE,TEST,Name17707,100,17707
2016,FEMALE,TEST,Name17708,100,17708
2016,FEMALE,TEST,Name17709,100,17709
2016,FEMALE,TEST,Name17710,100,17710
2016,FEMALE,TEST,Name17711,100,17711
2016,FEMALE,TEST,Name17712,100,17712
2016,FEMALE,TEST,Name17713,100,17713
2016,FEMALE,TEST,Name17714,100,17714
2016,FEMALE,TEST,Name17715,100,17715
2016,FEMALE,TEST,Name17716,100,17716
2016,FEMALE,TEST,Name17717,100,17717
2016,FEMALE,TEST,Name17718,100,17718
2016,FEMALE,TEST,Name17719,100,17719
2016,FEMALE,TEST,Name17720,100,17720
2016,FEMALE,TEST,Name17721,100,17721
2016,FEMALE,TEST,Name17722,100,17722
2016,FEMALE,TEST,Name17723,100,17723
2016,FEMALE,TEST,Name17724,100,17724
2016,FEMALE,TEST,Name17725,100,17725
2016,FEMALE,TEST,Name17726,100,17726
2016,FEMALE,TEST,Name17727,100,17727
2016,FEMALE,TEST,Name17728,100,17728
2016,FEMALE,TEST,Name17729,100,17729
2016,FEMALE,TEST,Name17730,100,17730
2016,FEMALE,TEST,Name17731,100,17731
2016,FEMALE,TEST,Name17732,100,17732
2016,FEMALE,TEST,Name17733,100,17733
2016,FEMALE,TEST,Name17734,100,17734
2016,FEMALE,TEST,Name17735,100,17735
2016,FEMALE,TEST,Name17736,100,17736
2016,FEMALE,TEST,Name17737,100,17737
2016,FEMALE,TEST,Name17738,100,17738
2016,FEMALE,TEST,Name17739,100,17739
2016,FEMALE,TEST,Name17740,100,17740
2016,FEMALE,TEST,Name17741,100,17741
2016,FEMALE,TEST,Name17742,100,17742
2016,FEMALE,TEST,Name17743,100,17743
2016,FEMALE,TEST,Name17744,100,17744
2016,FEMALE,TEST,Name17745,100,17745
2016,FEMALE,TEST,Name17746,100,17746
2016,FEMALE,TEST,Name17747,100,17747
2016,FEMALE,TEST,Name17748,100,17748
2016,FEMALE,TEST,Name17749,100,17749
2016,FEMALE,TEST,Name17750,100,17750
2016,FEMALE,TEST,Name17751,100,17751
2016,FEMALE,TEST,Name17752,100,17752
2016,FEMALE,TEST,Name17753,100,17753
2016,FEMALE,TEST,Name17754,100,17754
2016,FEMALE,TEST,Name17755,100,17755
2016,FEMALE,TEST,Name17756,100,17756
2016,FEMALE,TEST,Name17757,100,17757
2016,FEMALE,TEST,Name17758,100,17758
2016,FEMALE,TEST,Name17759,100,17759
2016,FEMALE,TEST,Name17760,100,17760
2016,FEMALE,TEST,Name17761,100,17761
2016,FEMALE,TEST,Name17762,100,17762
2016,FEMALE,TEST,Name17763,100,17763
2016,FEMALE,TEST,Name17764,100,17764
2016,FEMALE,TEST,Name17765,100,17765
2016,FEMALE,TEST,Name17766,100,17766
2016,FEMALE,TEST,Name17767,100,17767
2016,FEMALE,TEST,Name17768,100,17768
2016,FEMALE,TEST,Name17769,100,17769
2016,FEMALE,TEST,Name17770,100,17770
2016,FEMALE,TEST,Name17771,100,17771
2016,FEMALE,TEST,Name17772,100,17772
2016,FEMALE,TEST,Name17773,100,17773
2016,FEMALE,TEST,Name17774,100,17774
2016,FEMALE,TEST,Name17775,100,17775
2016,FEMALE,TEST,Name17776,100,17776
2016,FEMALE,TEST,Name17777,100,17777
2016,FEMALE,TEST,Name17778,100,17778
2016,FEMALE,TEST,Name17779,100,17779
2016,FEMALE,TEST,Name17780,100,17780
2016,FEMALE,TEST,Name17781,100,17781
2016,FEMALE,TEST,Name17782,100,17782
2016,FEMALE,TEST,Name17783,100,17783
2016,FEMALE,TEST,Name17784,100,17784
2016,FEMALE,TEST,Name17785,100,17785
2016,FEMALE,TEST,Name17786,100,17786
2016,FEMALE,TEST,Name17787,100,17787
2016,FEMALE,TEST,Name17788,100,17788
2016,FEMALE,TEST,Name17789,100,17789
2016,FEMALE,TEST,Name17790,100,17790
2016,FEMALE,TEST,Name17791,100,17791
2016,FEMALE,TEST,Name17792,100,17792
2016,FEMALE,TEST,Name17793,100,17793
2016,FEMALE,TEST,Name17794,100,17794
2016,FEMALE,TEST,Name17795,100,17795
2016,FEMALE,TEST,Name17796,100,17796
2016,FEMALE,TEST,Name17797,100,17797
2016,FEMALE,TEST,Name17798,100,17798
2016,FEMALE,TEST,Name17799,100,17799
2016,FEMALE,TEST,Name17800,100,17800
2016,FEMALE,TEST,Name17801,100,17801
2016,FEMALE,TEST,Name17802,100,17802
2016,FEMALE,TEST,Name17803,100,17803
2016,FEMALE,TEST,Name17804,100,17804
2016,FEMALE,TEST,Name17805,100,17805
2016,FEMALE,TEST,Name17806,100,17806
2016,FEMALE,TEST,Name17807,100,17807
2016,FEMALE,TEST,Name17808,100,17808
2016,FEMALE,TEST,Name17809,100,17809
2016,FEMALE,TEST,Name17810,100,17810
2016,FEMALE,TEST,Name17811,100,17811
2016,FEMALE,TEST,Name17812,100,17812
2016,FEMALE,TEST,Name17813,100,17813
2016,FEMALE,TEST,Name17814,100,17814
2016,FEMALE,TEST,Name17815,100,17815
2016,FEMALE,TEST,Name17816,100,17816
2016,FEMALE,TEST,Name17817,100,17817
2016,FEMALE,TEST,Name17818,100,17818
2016,FEMALE,TEST,Name17819,100,17819
2016,FEMALE,TEST,Name17820,100,17820
2016,FEMALE,TEST,Name17821,100,17821
2016,FEMALE,TEST,Name17822,100,17822
2016,FEMALE,TEST,Name17823,100,17823
2016,FEMALE,TEST,Name17824,100,17824
2016,FEMALE,TEST,Name17825,100,17825
2016,FEMALE,TEST,Name17826,100,17826
2016,FEMALE,TEST,Name17827,100,17827
2016,FEMALE,TEST,Name17828,100,17828
2016,FEMALE,TEST,Name17829,100,17829
2016,FEMALE,TEST,Name17830,100,17830
2016,FEMALE,TEST,Name17831,100,17831
2016,FEMALE,TEST,Name17832,100,17832
2016,FEMALE,TEST,Name17833,100,17833
2016,FEMALE,TEST,Name17834,100,17834
2016,FEMALE,TEST,Name17835,100,17835
2016,FEMALE,TEST,Name17836,100,17836
2016,FEMALE,TEST,Name17837,100,17837
2016,FEMALE,TEST,Name17838,100,17838
2016,FEMALE,TEST,Name17839,100,17839
2016,FEMALE,TEST,Name17840,100,17840
2016,FEMALE,TEST,Name17841,100,17841
2016,FEMALE,TEST,Name17842,100,17842
2016,FEMALE,TEST,Name17843,100,17843
2016,FEMALE,TEST,Name17844,100,17844
2016,FEMALE,TEST,Name17845,100,17845
2016,FEMALE,TEST,Name17846,100,17846
2016,FEMALE,TEST,Name17847,100,17847
2016,FEMALE,TEST,Name17848,100,17848
2016,FEMALE,TEST,Name17849,100,17849
2016,FEMALE,TEST,Name17850,100,17850
2016,FEMALE,TEST,Name17851,100,17851
2016,FEMALE,TEST,Name17852,100,17852
2016,FEMALE,TEST,Name17853,100,17853
2016,FEMALE,TEST,Name17854,100,17854
2016,FEMALE,TEST,Name17855,100,17855
2016,FEMALE,TEST,Name17856,100,17856
2016,FEMALE,TEST,Name17857,100,17857
2016,FEMALE,TEST,Name17858,100,17858
2016,FEMALE,TEST,Name17859,100,17859
2016,FEMALE,TEST,Name17860,100,17860
2016,FEMALE,TEST,Name17861,100,17861
2016,FEMALE,TEST,Name17862,100,17862
2016,FEMALE,TEST,Name17863,100,17863
2016,FEMALE,TEST,Name17864,100,17864
2016,FEMALE,TEST,Name17865,100,17865
2016,FEMALE,TEST,Name17866,100,17866
2016,FEMALE,TEST,Name17867,100,17867
2016,FEMALE,TEST,Name17868,100,17868
2016,FEMALE,TEST,Name17869,100,17869
2016,FEMALE,TEST,Name17870,100,17870
2016,FEMALE,TEST,Name17871,100,17871
2016,FEMALE,TEST,Name17872,100,17872
2016,FEMALE,TEST,Name17873,100,17873
2016,FEMALE,TEST,Name17874,100,17874
2016,FEMALE,TEST,Name17875,100,17875
2016,FEMALE,TEST,Name17876,100,17876
2016,FEMALE,TEST,Name17877,100,17877
2016,FEMALE,TEST,Name17878,100,17878
2016,FEMALE,TEST,Name17879,100,17879
2016,FEMALE,TEST,Name17880,100,17880
2016,FEMALE,TEST,Name17881,100,17881
2016,FEMALE,TEST,Name17882,100,17882
2016,FEMALE,TEST,Name17883,100,17883
2016,FEMALE,TEST,Name17884,100,17884
2016,FEMALE,TEST,Name17885,100,17885
2016,FEMALE,TEST,Name17886,100,17886
2016,FEMALE,TEST,Name17887,100,17887
2016,FEMALE,TEST,Name17888,100,17888
2016,FEMALE,TEST,Name17889,100,17889
2016,FEMALE,TEST,Name17890,100,17890
2016,FEMALE,TEST,Name17891,100,17891
2016,FEMALE,TEST,Name17892,100,17892
2016,FEMALE,TEST,Name17893,100,17893
2016,FEMALE,TEST,Name17894,100,17894
2016,FEMALE,TEST,Name17895,100,17895
2016,FEMALE,TEST,Name17896,100,17896
2016,FEMALE,TEST,Name17897,100,17897
2016,FEMALE,TEST,Name17898,100,17898
2016,FEMALE,TEST,Name17899,100,17899
2016,FEMALE,TEST,Name17900,100,17900
2016,FEMALE,TEST,Name17901,100,17901
2016,FEMALE,TEST,Name17902,100,17902
2016,FEMALE,TEST,Name17903,100,17903
2016,FEMALE,TEST,Name17904,100,17904
2016,FEMALE,TEST,Name17905,100,17905
2016,FEMALE,TEST,Name17906,100,17906
2016,FEMALE,TEST,Name17907,100,17907
2016,FEMALE,TEST,Name17908,100,17908
2016,FEMALE,TEST,Name17909,100,17909
2016,FEMALE,TEST,Name17910,100,17910
2016,FEMALE,TEST,Name17911,100,17911
2016,FEMALE,TEST,Name17912,100,17912
2016,FEMALE,TEST,Name17913,100,17913
2016,FEMALE,TEST,Name17914,100,17914
2016,FEMALE,TEST,Name17915,100,17915
2016,FEMALE,TEST,Name17916,100,17916
2016,FEMALE,TEST,Name17917,100,17917
2016,FEMALE,TEST,Name17918,100,17918
2016,FEMALE,TEST,Name17919,100,17919
2016,FEMALE,TEST,Name17920,100,17920
2016,FEMALE,TEST,Name17921,100,17921
2016,FEMALE,TEST,Name17922,100,17922
2016,FEMALE,TEST,Name17923,100,17923
2016,FEMALE,TEST,Name17924,100,17924
2016,FEMALE,TEST,Name17925,100,17925
2016,FEMALE,TEST,Name17926,100,17926
2016,FEMALE,TEST,Name17927,100,17927
2016,FEMALE,TEST,Name17928,100,17928
2016,FEMALE,TEST,Name17929,100,17929
2016,FEMALE,TEST,Name17930,100,17930
2016,FEMALE,TEST,Name17931,100,17931
2016,FEMALE,TEST,Name17932,100,17932
2016,FEMALE,TEST,Name17933,100,17933
2016,FEMALE,TEST,Name17934,100,17934
2016,FEMALE,TEST,Name17935,100,17935
2016,FEMALE,TEST,Name17936,100,17936
2016,FEMALE,TEST,Name17937,100,17937
2016,FEMALE,TEST,Name17938,100,17938
2016,FEMALE,TEST,Name17939,100,17939
2016,FEMALE,TEST,Name17940,100,17940
2016,FEMALE,TEST,Name17941,100,17941
2016,FEMALE,TEST,Name17942,100,17942
2016,FEMALE,TEST,Name17943,100,17943
2016,FEMALE,TEST,Name17944,100,17944
2016,FEMALE,TEST,Name17945,100,17945
2016,FEMALE,TEST,Name17946,100,17946
2016,FEMALE,TEST,Name17947,100,17947
2016,FEMALE,TEST,Name17948,100,17948
2016,FEMALE,TEST,Name17949,100,17949
2016,FEMALE,TEST,Name17950,100,17950
2016,FEMALE,TEST,Name17951,100,17951
2016,FEMALE,TEST,Name17952,100,17952
2016,FEMALE,TEST,Name17953,100,17953
2016,FEMALE,TEST,Name17954,100,17954
2016,FEMALE,TEST,Name17955,100,17955
2016,FEMALE,TEST,Name17956,100,17956
2016,FEMALE,TEST,Name17957,100,17957
2016,FEMALE,TEST,Name17958,100,17958
2016,FEMALE,TEST,Name17959,100,17959
2016,FEMALE,TEST,Name17960,100,17960
2016,FEMALE,TEST,Name17961,100,17961
2016,FEMALE,TEST,Name17962,100,17962
2016,FEMALE,TEST,Name17963,100,17963
2016,FEMALE,TEST,Name17964,100,17964
2016,FEMALE,TEST,Name17965,100,17965
2016,FEMALE,TEST,Name17966,100,17966
2016,FEMALE,TEST,Name17967,100,17967
2016,FEMALE,TEST,Name17968,100,17968
2016,FEMALE,TEST,Name17969,100,17969
2016,FEMALE,TEST,Name17970,100,17970
2016,FEMALE,TEST,Name17971,100,17971
2016,FEMALE,TEST,Name17972,100,17972
2016,FEMALE,TEST,Name17973,100,17973
2016,FEMALE,TEST,Name17974,100,17974
2016,FEMALE,TEST,Name17975,100,17975
2016,FEMALE,TEST,Name17976,100,17976
2016,FEMALE,TEST,Name17977,100,17977
2016,FEMALE,TEST,Name17978,100,17978
2016,FEMALE,TEST,Name17979,100,17979
2016,FEMALE,TEST,Name17980,100,17980
2016,FEMALE,TEST,Name17981,100,17981
2016,FEMALE,TEST,Name17982,100,17982
2016,FEMALE,TEST,Name17983,100,17983
2016,FEMALE,TEST,Name17984,100,17984
2016,FEMALE,TEST,Name17985,100,17985
2016,FEMALE,TEST,Name17986,100,17986
2016,FEMALE,TEST,Name17987,100,17987
2016,FEMALE,TEST,Name17988,100,17988
2016,FEMALE,TEST,Name17989,100,17989
2016,FEMALE,TEST,Name17990,100,17990
2016,FEMALE,TEST,Name17991,100,17991
2016,FEMALE,TEST,Name17992,100,17992
2016,FEMALE,TEST,Name17993,100,17993
2016,FEMALE,TEST,Name17994,100,17994
2016,FEMALE,TEST,Name17995,100,17995
2016,FEMALE,TEST,Name17996,100,17996
2016,FEMALE,TEST,Name17997,100,17997
2016,FEMALE,TEST,Name17998,100,17998
2016,FEMALE,TEST,Name17999,100,17999
2016,FEMALE,TEST,Name18000,100,18000
2016,FEMALE,TEST,Name18001,100,18001
2016,FEMALE,TEST,Name18002,100,18002
2016,FEMALE,TEST,Name18003,100,18003
2016,FEMALE,TEST,Name18004,100,18004
2016,FEMALE,TEST,Name18005,100,18005
2016,FEMALE,TEST,Name18006,100,18006
2016,FEMALE,TEST,Name18007,100,18007
2016,FEMALE,TEST,Name18008,100,18008
2016,FEMALE,TEST,Name18009,100,18009
2016,FEMALE,TEST,Name18010,100,18010
2016,FEMALE,TEST,Name18011,100,18011
2016,FEMALE,TEST,Name18012,100,18012
2016,FEMALE,TEST,Name18013,100,18013
2016,FEMALE,TEST,Name18014,100,18014
2016,FEMALE,TEST,Name18015,100,18015
2016,FEMALE,TEST,Name18016,100,18016
2016,FEMALE,TEST,Name18017,100,18017
2016,FEMALE,TEST,Name18018,100,18018
2016,FEMALE,TEST,Name18019,100,18019
2016,FEMALE,TEST,Name18020,100,18020
2016,FEMALE,TEST,Name18021,100,18021
2016,FEMALE,TEST,Name18022,100,18022
2016,FEMALE,TEST,Name18023,100,18023
2016,FEMALE,TEST,Name18024,100,18024
2016,FEMALE,TEST,Name18025,100,18025
2016,FEMALE,TEST,Name18026,100,18026
2016,FEMALE,TEST,Name18027,100,18027
2016,FEMALE,TEST,Name18028,100,18028
2016,FEMALE,TEST,Name18029,100,18029
2016,FEMALE,TEST,Name18030,100,18030
2016,FEMALE,TEST,Name18031,100,18031
2016,FEMALE,TEST,Name18032,100,18032
2016,FEMALE,TEST,Name18033,100,18033
2016,FEMALE,TEST,Name18034,100,18034
2016,FEMALE,TEST,Name18035,100,18035
2016,FEMALE,TEST,Name18036,100,18036
2016,FEMALE,TEST,Name18037,100,18037
2016,FEMALE,TEST,Name18038,100,18038
2016,FEMALE,TEST,Name18039,100,18039
2016,FEMALE,TEST,Name18040,100,18040
2016,FEMALE,TEST,Name18041,100,18041
2016,FEMALE,TEST,Name18042,100,18042
2016,FEMALE,TEST,Name18043,100,18043
2016,FEMALE,TEST,Name18044,100,18044
2016,FEMALE,TEST,Name18045,100,18045
2016,FEMALE,TEST,Name18046,100,18046
2016,FEMALE,TEST,Name18047,100,18047
2016,FEMALE,TEST,Name18048,100,18048
2016,FEMALE,TEST,Name18049,100,18049
2016,FEMALE,TEST,Name18050,100,18050
2016,FEMALE,TEST,Name18051,100,18051
2016,FEMALE,TEST,Name18052,100,18052
2016,FEMALE,TEST,Name18053,100,18053
2016,FEMALE,TEST,Name18054,100,18054
2016,FEMALE,TEST,Name18055,100,18055
2016,FEMALE,TEST,Name18056,100,18056
2016,FEMALE,TEST,Name18057,100,18057
2016,FEMALE,TEST,Name18058,100,18058
2016,FEMALE,TEST,Name18059,100,18059
2016,FEMALE,TEST,Name18060,100,18060
2016,FEMALE,TEST,Name18061,100,18061
2016,FEMALE,TEST,Name18062,100,18062
2016,FEMALE,TEST,Name18063,100,18063
2016,FEMALE,TEST,Name18064,100,18064
2016,FEMALE,TEST,Name18065,100,18065
2016,FEMALE,TEST,Name18066,100,18066
2016,FEMALE,TEST,Name18067,100,18067
2016,FEMALE,TEST,Name18068,100,18068
2016,FEMALE,TEST,Name18069,100,18069
2016,FEMALE,TEST,Name18070,100,18070
2016,FEMALE,TEST,Name18071,100,18071
2016,FEMALE,TEST,Name18072,100,18072
2016,FEMALE,TEST,Name18073,100,18073
2016,FEMALE,TEST,Name18074,100,18074
2016,FEMALE,TEST,Name18075,100,18075
2016,FEMALE,TEST,Name18076,100,18076
2016,FEMALE,TEST,Name18077,100,18077
2016,FEMALE,TEST,Name18078,100,18078
2016,FEMALE,TEST,Name18079,100,18079
2016,FEMALE,TEST,Name18080,100,18080
2016,FEMALE,TEST,Name18081,100,18081
2016,FEMALE,TEST,Name18082,100,18082
2016,FEMALE,TEST,Name18083,100,18083
2016,FEMALE,TEST,Name18084,100,18084
2016,FEMALE,TEST,Name18085,100,18085
2016,FEMALE,TEST,Name18086,100,18086
2016,FEMALE,TEST,Name18087,100,18087
2016,FEMALE,TEST,Name18088,100,18088
2016,FEMALE,TEST,Name18089,100,18089
2016,FEMALE,TEST,Name18090,100,18090
2016,FEMALE,TEST,Name18091,100,18091
2016,FEMALE,TEST,Name18092,100,18092
2016,FEMALE,TEST,Name18093,100,18093
2016,FEMALE,TEST,Name18094,100,18094
2016,FEMALE,TEST,Name18095,100,18095
2016,FEMALE,TEST,Name18096,100,18096
2016,FEMALE,TEST,Name18097,100,18097
2016,FEMALE,TEST,Name18098,100,18098
2016,FEMALE,TEST,Name18099,100,18099
2016,FEMALE,TEST,Name18100,100,18100
2016,FEMALE,TEST,Name18101,100,18101
2016,FEMALE,TEST,Name18102,100,18102
2016,FEMALE,TEST,Name18103,100,18103
2016,FEMALE,TEST,Name18104,100,18104
2016,FEMALE,TEST,Name18105,100,18105
2016,FEMALE,TEST,Name18106,100,18106
2016,FEMALE,TEST,Name18107,100,18107
2016,FEMALE,TEST,Name18108,100,18108
2016,FEMALE,TEST,Name18109,100,18109
2016,FEMALE,TEST,Name18110,100,18110
2016,FEMALE,TEST,Name18111,100,18111
2016,FEMALE,TEST,Name18112,100,18112
2016,FEMALE,TEST,Name18113,100,18113
2016,FEMALE,TEST,Name18114,100,18114
2016,FEMALE,TEST,Name18115,100,18115
2016,FEMALE,TEST,Name18116,100,18116
2016,FEMALE,TEST,Name18117,100,18117
2016,FEMALE,TEST,Name18118,100,18118
2016,FEMALE,TEST,Name18119,100,18119
2016,FEMALE,TEST,Name18120,100,18120
2016,FEMALE,TEST,Name18121,100,18121
2016,FEMALE,TEST,Name18122,100,18122
2016,FEMALE,TEST,Name18123,100,18123
2016,FEMALE,TEST,Name18124,100,18124
2016,FEMALE,TEST,Name18125,100,18125
2016,FEMALE,TEST,Name18126,100,18126
2016,FEMALE,TEST,Name18127,100,18127
2016,FEMALE,TEST,Name18128,100,18128
2016,FEMALE,TEST,Name18129,100,18129
2016,FEMALE,TEST,Name18130,100,18130
2016,FEMALE,TEST,Name18131,100,18131
2016,FEMALE,TEST,Name18132,100,18132
2016,FEMALE,TEST,Name18133,100,18133
2016,FEMALE,TEST,Name18134,100,18134
2016,FEMALE,TEST,Name18135,100,18135
2016,FEMALE,TEST,Name18136,100,18136
2016,FEMALE,TEST,Name18137,100,18137
2016,FEMALE,TEST,Name18138,100,18138
2016,FEMALE,TEST,Name18139,100,18139
2016,FEMALE,TEST,Name18140,100,18140
2016,FEMALE,TEST,Name18141,100,18141
2016,FEMALE,TEST,Name18142,100,18142
2016,FEMALE,TEST,Name18143,100,18143
2016,FEMALE,TEST,Name18144,100,18144
2016,FEMALE,TEST,Name18145,100,18145
2016,FEMALE,TEST,Name18146,100,18146
2016,FEMALE,TEST,Name18147,100,18147
2016,FEMALE,TEST,Name18148,100,18148
2016,FEMALE,TEST,Name18149,100,18149
2016,FEMALE,TEST,Name18150,100,18150
2016,FEMALE,TEST,Name18151,100,18151
2016,FEMALE,TEST,Name18152,100,18152
2016,FEMALE,TEST,Name18153,100,18153
2016,FEMALE,TEST,Name18154,100,18154
2016,FEMALE,TEST,Name18155,100,18155
2016,FEMALE,TEST,Name18156,100,18156
2016,FEMALE,TEST,Name18157,100,18157
2016,FEMALE,TEST,Name18158,100,18158
2016,FEMALE,TEST,Name18159,100,18159
2016,FEMALE,TEST,Name18160,100,18160
2016,FEMALE,TEST,Name18161,100,18161
2016,FEMALE,TEST,Name18162,100,18162
2016,FEMALE,TEST,Name18163,100,18163
2016,FEMALE,TEST,Name18164,100,18164
2016,FEMALE,TEST,Name18165,100,18165
2016,FEMALE,TEST,Name18166,100,18166
2016,FEMALE,TEST,Name18167,100,18167
2016,FEMALE,TEST,Name18168,100,18168
2016,FEMALE,TEST,Name18169,100,18169
2016,FEMALE,TEST,Name18170,100,18170
2016,FEMALE,TEST,Name18171,100,18171
2016,FEMALE,TEST,Name18172,100,18172
2016,FEMALE,TEST,Name18173,100,18173
2016,FEMALE,TEST,Name18174,100,18174
2016,FEMALE,TEST,Name18175,100,18175
2016,FEMALE,TEST,Name18176,100,18176
2016,FEMALE,TEST,Name18177,100,18177
2016,FEMALE,TEST,Name18178,100,18178
2016,FEMALE,TEST,Name18179,100,18179
2016,FEMALE,TEST,Name18180,100,18180
2016,FEMALE,TEST,Name18181,100,18181
2016,FEMALE,TEST,Name18182,100,18182
2016,FEMALE,TEST,Name18183,100,18183
2016,FEMALE,TEST,Name18184,100,18184
2016,FEMALE,TEST,Name18185,100,18185
2016,FEMALE,TEST,Name18186,100,18186
2016,FEMALE,TEST,Name18187,100,18187
2016,FEMALE,TEST,Name18188,100,18188
2016,FEMALE,TEST,Name18189,100,18189
2016,FEMALE,TEST,Name18190,100,18190
2016,FEMALE,TEST,Name18191,100,18191
2016,FEMALE,TEST,Name18192,100,18192
2016,FEMALE,TEST,Name18193,100,18193
2016,FEMALE,TEST,Name18194,100,18194
2016,FEMALE,TEST,Name18195,100,18195
2016,FEMALE,TEST,Name18196,100,18196
2016,FEMALE,TEST,Name18197,100,18197
2016,FEMALE,TEST,Name18198,100,18198
2016,FEMALE,TEST,Name18199,100,18199
2016,FEMALE,TEST,Name18200,100,18200
2016,FEMALE,TEST,Name18201,100,18201
2016,FEMALE,TEST,Name18202,100,18202
2016,FEMALE,TEST,Name18203,100,18203
2016,FEMALE,TEST,Name18204,100,18204
2016,FEMALE,TEST,Name18205,100,18205
2016,FEMALE,TEST,Name18206,100,18206
2016,FEMALE,TEST,Name18207,100,18207
2016,FEMALE,TEST,Name18208,100,18208
2016,FEMALE,TEST,Name18209,100,18209
2016,FEMALE,TEST,Name18210,100,18210
2016,FEMALE,TEST,Name18211,100,18211
2016,FEMALE,TEST,Name18212,100,18212
2016,FEMALE,TEST,Name18213,100,18213
2016,FEMALE,TEST,Name18214,100,18214
2016,FEMALE,TEST,Name18215,100,18215
2016,FEMALE,TEST,Name18216,100,18216
2016,FEMALE,TEST,Name18217,100,18217
2016,FEMALE,TEST,Name18218,100,18218
2016,FEMALE,TEST,Name18219,100,18219
2016,FEMALE,TEST,Name18220,100,18220
2016,FEMALE,TEST,Name18221,100,18221
2016,FEMALE,TEST,Name18222,100,18222
2016,FEMALE,TEST,Name18223,100,18223
2016,FEMALE,TEST,Name18224,100,18224
2016,FEMALE,TEST,Name18225,100,18225
2016,FEMALE,TEST,Name18226,100,18226
2016,FEMALE,TEST,Name18227,100,18227
2016,FEMALE,TEST,Name18228,100,18228
2016,FEMALE,TEST,Name18229,100,18229
2016,FEMALE,TEST,Name18230,100,18230
2016,FEMALE,TEST,Name18231,100,18231
2016,FEMALE,TEST,Name18232,100,18232
2016,FEMALE,TEST,Name18233,100,18233
2016,FEMALE,TEST,Name18234,100,18234
2016,FEMALE,TEST,Name18235,100,18235
2016,FEMALE,TEST,Name18236,100,18236
2016,FEMALE,TEST,Name18237,100,18237
2016,FEMALE,TEST,Name18238,100,18238
2016,FEMALE,TEST,Name18239,100,18239
2016,FEMALE,TEST,Name18240,100,18240
2016,FEMALE,TEST,Name18241,100,18241
2016,FEMALE,TEST,Name18242,100,18242
2016,FEMALE,TEST,Name18243,100,18243
2016,FEMALE,TEST,Name18244,100,18244
2016,FEMALE,TEST,Name18245,100,18245
2016,FEMALE,TEST,Name18246,100,18246
2016,FEMALE,TEST,Name18247,100,18247
2016,FEMALE,TEST,Name18248,100,18248
2016,FEMALE,TEST,Name18249,100,18249
2016,FEMALE,TEST,Name18250,100,18250
2016,FEMALE,TEST,Name18251,100,18251
2016,FEMALE,TEST,Name18252,100,18252
2016,FEMALE,TEST,Name18253,100,18253
2016,FEMALE,TEST,Name18254,100,18254
2016,FEMALE,TEST,Name18255,100,18255
2016,FEMALE,TEST,Name18256,100,18256
2016,FEMALE,TEST,Name18257,100,18257
2016,FEMALE,TEST,Name18258,100,18258
2016,FEMALE,TEST,Name18259,100,18259
2016,FEMALE,TEST,Name18260,100,18260
2016,FEMALE,TEST,Name18261,100,18261
2016,FEMALE,TEST,Name18262,100,18262
2016,FEMALE,TEST,Name18263,100,18263
2016,FEMALE,TEST,Name18264,100,18264
2016,FEMALE,TEST,Name18265,100,18265
2016,FEMALE,TEST,Name18266,100,18266
2016,FEMALE,TEST,Name18267,100,18267
2016,FEMALE,TEST,Name18268,100,18268
2016,FEMALE,TEST,Name18269,100,18269
2016,FEMALE,TEST,Name18270,100,18270
2016,FEMALE,TEST,Name18271,100,18271
2016,FEMALE,TEST,Name18272,100,18272
2016,FEMALE,TEST,Name18273,100,18273
2016,FEMALE,TEST,Name18274,100,18274
2016,FEMALE,TEST,Name18275,100,18275
2016,FEMALE,TEST,Name18276,100,18276
2016,FEMALE,TEST,Name18277,100,18277
2016,FEMALE,TEST,Name18278,100,18278
2016,FEMALE,TEST,Name18279,100,18279
2016,FEMALE,TEST,Name18280,100,18280
2016,FEMALE,TEST,Name18281,100,18281
2016,FEMALE,TEST,Name18282,100,18282
2016,FEMALE,TEST,Name18283,100,18283
2016,FEMALE,TEST,Name18284,100,18284
2016,FEMALE,TEST,Name18285,100,18285
2016,FEMALE,TEST,Name18286,100,18286
2016,FEMALE,TEST,Name18287,100,18287
2016,FEMALE,TEST,Name18288,100,18288
2016,FEMALE,TEST,Name18289,100,18289
2016,FEMALE,TEST,Name18290,100,18290
2016,FEMALE,TEST,Name18291,100,18291
2016,FEMALE,TEST,Name18292,100,18292
2016,FEMALE,TEST,Name18293,100,18293
2016,FEMALE,TEST,Name18294,100,18294
2016,FEMALE,TEST,Name18295,100,18295
2016,FEMALE,TEST,Name18296,100,18296
2016,FEMALE,TEST,Name18297,100,18297
2016,FEMALE,TEST,Name18298,100,18298
2016,FEMALE,TEST,Name18299,100,18299
2016,FEMALE,TEST,Name18300,100,18300
2016,FEMALE,TEST,Name18301,100,18301
2016,FEMALE,TEST,Name18302,100,18302
2016,FEMALE,TEST,Name18303,100,18303
2016,FEMALE,TEST,Name18304,100,18304
2016,FEMALE,TEST,Name18305,100,18305
2016,FEMALE,TEST,Name18306,100,18306
2016,FEMALE,TEST,Name18307,100,18307
2016,FEMALE,TEST,Name18308,100,18308
2016,FEMALE,TEST,Name18309,100,18309
2016,FEMALE,TEST,Name18310,100,18310
2016,FEMALE,TEST,Name18311,100,18311
2016,FEMALE,TEST,Name18312,100,18312
2016,FEMALE,TEST,Name18313,100,18313
2016,FEMALE,TEST,Name18314,100,18314
2016,FEMALE,TEST,Name18315,100,18315
2016,FEMALE,TEST,Name18316,100,18316
2016,FEMALE,TEST,Name18317,100,18317
2016,FEMALE,TEST,Name18318,100,18318
2016,FEMALE,TEST,Name18319,100,18319
2016,FEMALE,TEST,Name18320,100,18320
2016,FEMALE,TEST,Name18321,100,18321
2016,FEMALE,TEST,Name18322,100,18322
2016,FEMALE,TEST,Name18323,100,18323
2016,FEMALE,TEST,Name18324,100,18324
2016,FEMALE,TEST,Name18325,100,18325
2016,FEMALE,TEST,Name18326,100,18326
2016,FEMALE,TEST,Name18327,100,18327
2016,FEMALE,TEST,Name18328,100,18328
2016,FEMALE,TEST,Name18329,100,18329
2016,FEMALE,TEST,Name18330,100,18330
2016,FEMALE,TEST,Name18331,100,18331
2016,FEMALE,TEST,Name18332,100,18332
2016,FEMALE,TEST,Name18333,100,18333
2016,FEMALE,TEST,Name18334,100,18334
2016,FEMALE,TEST,Name18335,100,18335
2016,FEMALE,TEST,Name18336,100,18336
2016,FEMALE,TEST,Name18337,100,18337
2016,FEMALE,TEST,Name18338,100,18338
2016,FEMALE,TEST,Name18339,100,18339
2016,FEMALE,TEST,Name18340,100,18340
2016,FEMALE,TEST,Name18341,100,18341
2016,FEMALE,TEST,Name18342,100,18342
2016,FEMALE,TEST,Name18343,100,18343
2016,FEMALE,TEST,Name18344,100,18344
2016,FEMALE,TEST,Name18345,100,18345
2016,FEMALE,TEST,Name18346,100,18346
2016,FEMALE,TEST,Name18347,100,18347
2016,FEMALE,TEST,Name18348,100,18348
2016,FEMALE,TEST,Name18349,100,18349
2016,FEMALE,TEST,Name18350,100,18350
2016,FEMALE,TEST,Name18351,100,18351
2016,FEMALE,TEST,Name18352,100,18352
2016,FEMALE,TEST,Name18353,100,18353
2016,FEMALE,TEST,Name18354,100,18354
2016,FEMALE,TEST,Name18355,100,18355
2016,FEMALE,TEST,Name18356,100,18356
2016,FEMALE,TEST,Name18357,100,18357
2016,FEMALE,TEST,Name18358,100,18358
2016,FEMALE,TEST,Name18359,100,18359
2016,FEMALE,TEST,Name18360,100,18360
2016,FEMALE,TEST,Name18361,100,18361
2016,FEMALE,TEST,Name18362,100,18362
2016,FEMALE,TEST,Name18363,100,18363
2016,FEMALE,TEST,Name18364,100,18364
2016,FEMALE,TEST,Name18365,100,18365
2016,FEMALE,TEST,Name18366,100,18366
2016,FEMALE,TEST,Name18367,100,18367
2016,FEMALE,TEST,Name18368,100,18368
2016,FEMALE,TEST,Name18369,100,18369
2016,FEMALE,TEST,Name18370,100,18370
2016,FEMALE,TEST,Name18371,100,18371
2016,FEMALE,TEST,Name18372,100,18372
2016,FEMALE,TEST,Name18373,100,18373
2016,FEMALE,TEST,Name18374,100,18374
2016,FEMALE,TEST,Name18375,100,18375
2016,FEMALE,TEST,Name18376,100,18376
2016,FEMALE,TEST,Name18377,100,18377
2016,FEMALE,TEST,Name18378,100,18378
2016,FEMALE,TEST,Name18379,100,18379
2016,FEMALE,TEST,Name18380,100,18380
2016,FEMALE,TEST,Name18381,100,18381
2016,FEMALE,TEST,Name18382,100,18382
2016,FEMALE,TEST,Name18383,100,18383
2016,FEMALE,TEST,Name18384,100,18384
2016,FEMALE,TEST,Name18385,100,18385
2016,FEMALE,TEST,Name18386,100,18386
2016,FEMALE,TEST,Name18387,100,18387
2016,FEMALE,TEST,Name18388,100,18388
2016,FEMALE,TEST,Name18389,100,18389
2016,FEMALE,TEST,Name18390,100,18390
2016,FEMALE,TEST,Name18391,100,18391
2016,FEMALE,TEST,Name18392,100,18392
2016,FEMALE,TEST,Name18393,100,18393
2016,FEMALE,TEST,Name18394,100,18394
2016,FEMALE,TEST,Name18395,100,18395
2016,FEMALE,TEST,Name18396,100,18396
2016,FEMALE,TEST,Name18397,100,18397
2016,FEMALE,TEST,Name18398,100,18398
2016,FEMALE,TEST,Name18399,100,18399
2016,FEMALE,TEST,Name18400,100,18400
2016,FEMALE,TEST,Name18401,100,18401
2016,FEMALE,TEST,Name18402,100,18402
2016,FEMALE,TEST,Name18403,100,18403
2016,FEMALE,TEST,Name18404,100,18404
2016,FEMALE,TEST,Name18405,100,18405
2016,FEMALE,TEST,Name18406,100,18406
2016,FEMALE,TEST,Name18407,100,18407
2016,FEMALE,TEST,Name18408,100,18408
2016,FEMALE,TEST,Name18409,100,18409
2016,FEMALE,TEST,Name18410,100,18410
2016,FEMALE,TEST,Name18411,100,18411
2016,FEMALE,TEST,Name18412,100,18412
2016,FEMALE,TEST,Name18413,100,18413
2016,FEMALE,TEST,Name18414,100,18414
2016,FEMALE,TEST,Name18415,100,18415
2016,FEMALE,TEST,Name18416,100,18416
2016,FEMALE,TEST,Name18417,100,18417
2016,FEMALE,TEST,Name18418,100,18418
2016,FEMALE,TEST,Name18419,100,18419
2016,FEMALE,TEST,Name18420,100,18420
2016,FEMALE,TEST,Name18421,100,18421
2016,FEMALE,TEST,Name18422,100,18422
2016,FEMALE,TEST,Name18423,100,18423
2016,FEMALE,TEST,Name18424,100,18424
2016,FEMALE,TEST,Name18425,100,18425
2016,FEMALE,TEST,Name18426,100,18426
2016,FEMALE,TEST,Name18427,100,18427
2016,FEMALE,TEST,Name18428,100,18428
2016,FEMALE,TEST,Name18429,100,18429
2016,FEMALE,TEST,Name18430,100,18430
2016,FEMALE,TEST,Name18431,100,18431
2016,FEMALE,TEST,Name18432,100,18432
2016,FEMALE,TEST,Name18433,100,18433
2016,FEMALE,TEST,Name18434,100,18434
2016,FEMALE,TEST,Name18435,100,18435
2016,FEMALE,TEST,Name18436,100,18436
2016,FEMALE,TEST,Name18437,100,18437
2016,FEMALE,TEST,Name18438,100,18438
2016,FEMALE,TEST,Name18439,100,18439
2016,FEMALE,TEST,Name18440,100,18440
2016,FEMALE,TEST,Name18441,100,18441
2016,FEMALE,TEST,Name18442,100,18442
2016,FEMALE,TEST,Name18443,100,18443
2016,FEMALE,TEST,Name18444,100,18444
2016,FEMALE,TEST,Name18445,100,18445
2016,FEMALE,TEST,Name18446,100,18446
2016,FEMALE,TEST,Name18447,100,18447
2016,FEMALE,TEST,Name18448,100,18448
2016,FEMALE,TEST,Name18449,100,18449
2016,FEMALE,TEST,Name18450,100,18450
2016,FEMALE,TEST,Name18451,100,18451
2016,FEMALE,TEST,Name18452,100,18452
2016,FEMALE,TEST,Name18453,100,18453
2016,FEMALE,TEST,Name18454,100,18454
2016,FEMALE,TEST,Name18455,100,18455
2016,FEMALE,TEST,Name18456,100,18456
2016,FEMALE,TEST,Name18457,100,18457
2016,FEMALE,TEST,Name18458,100,18458
2016,FEMALE,TEST,Name18459,100,18459
2016,FEMALE,TEST,Name18460,100,18460
2016,FEMALE,TEST,Name18461,100,18461
2016,FEMALE,TEST,Name18462,100,18462
2016,FEMALE,TEST,Name18463,100,18463
2016,FEMALE,TEST,Name18464,100,18464
2016,FEMALE,TEST,Name18465,100,18465
2016,FEMALE,TEST,Name18466,100,18466
2016,FEMALE,TEST,Name18467,100,18467
2016,FEMALE,TEST,Name18468,100,18468
2016,FEMALE,TEST,Name18469,100,18469
2016,FEMALE,TEST,Name18470,100,18470
2016,FEMALE,TEST,Name18471,100,18471
2016,FEMALE,TEST,Name18472,100,18472
2016,FEMALE,TEST,Name18473,100,18473
2016,FEMALE,TEST,Name18474,100,18474
2016,FEMALE,TEST,Name18475,100,18475
2016,FEMALE,TEST,Name18476,100,18476
2016,FEMALE,TEST,Name18477,100,18477
2016,FEMALE,TEST,Name18478,100,18478
2016,FEMALE,TEST,Name18479,100,18479
2016,FEMALE,TEST,Name18480,100,18480
2016,FEMALE,TEST,Name18481,100,18481
2016,FEMALE,TEST,Name18482,100,18482
2016,FEMALE,TEST,Name18483,100,18483
2016,FEMALE,TEST,Name18484,100,18484
2016,FEMALE,TEST,Name18485,100,18485
2016,FEMALE,TEST,Name18486,100,18486
2016,FEMALE,TEST,Name18487,100,18487
2016,FEMALE,TEST,Name18488,100,18488
2016,FEMALE,TEST,Name18489,100,18489
2016,FEMALE,TEST,Name18490,100,18490
2016,FEMALE,TEST,Name18491,100,18491
2016,FEMALE,TEST,Name18492,100,18492
2016,FEMALE,TEST,Name18493,100,18493
2016,FEMALE,TEST,Name18494,100,18494
2016,FEMALE,TEST,Name18495,100,18495
2016,FEMALE,TEST,Name18496,100,18496
2016,FEMALE,TEST,Name18497,100,18497
2016,FEMALE,TEST,Name18498,100,18498
2016,FEMALE,TEST,Name18499,100,18499
2016,FEMALE,TEST,Name18500,100,18500
2016,FEMALE,TEST,Name18501,100,18501
2016,FEMALE,TEST,Name18502,100,18502
2016,FEMALE,TEST,Name18503,100,18503
2016,FEMALE,TEST,Name18504,100,18504
2016,FEMALE,TEST,Name18505,100,18505
2016,FEMALE,TEST,Name18506,100,18506
2016,FEMALE,TEST,Name18507,100,18507
2016,FEMALE,TEST,Name18508,100,18508
2016,FEMALE,TEST,Name18509,100,18509
2016,FEMALE,TEST,Name18510,100,18510
2016,FEMALE,TEST,Name18511,100,18511
2016,FEMALE,TEST,Name18512,100,18512
2016,FEMALE,TEST,Name18513,100,18513
2016,FEMALE,TEST,Name18514,100,18514
2016,FEMALE,TEST,Name18515,100,18515
2016,FEMALE,TEST,Name18516,100,18516
2016,FEMALE,TEST,Name18517,100,18517
2016,FEMALE,TEST,Name18518,100,18518
2016,FEMALE,TEST,Name18519,100,18519
2016,FEMALE,TEST,Name18520,100,18520
2016,FEMALE,TEST,Name18521,100,18521
2016,FEMALE,TEST,Name18522,100,18522
2016,FEMALE,TEST,Name18523,100,18523
2016,FEMALE,TEST,Name18524,100,18524
2016,FEMALE,TEST,Name18525,100,18525
2016,FEMALE,TEST,Name18526,100,18526
2016,FEMALE,TEST,Name18527,100,18527
2016,FEMALE,TEST,Name18528,100,18528
2016,FEMALE,TEST,Name18529,100,18529
2016,FEMALE,TEST,Name18530,100,18530
2016,FEMALE,TEST,Name18531,100,18531
2016,FEMALE,TEST,Name18532,100,18532
2016,FEMALE,TEST,Name18533,100,18533
2016,FEMALE,TEST,Name18534,100,18534
2016,FEMALE,TEST,Name18535,100,18535
2016,FEMALE,TEST,Name18536,100,18536
2016,FEMALE,TEST,Name18537,100,18537
2016,FEMALE,TEST,Name18538,100,18538
2016,FEMALE,TEST,Name18539,100,18539
2016,FEMALE,TEST,Name18540,100,18540
2016,FEMALE,TEST,Name18541,100,18541
2016,FEMALE,TEST,Name18542,100,18542
2016,FEMALE,TEST,Name18543,100,18543
2016,FEMALE,TEST,Name18544,100,18544
2016,FEMALE,TEST,Name18545,100,18545
2016,FEMALE,TEST,Name18546,100,18546
2016,FEMALE,TEST,Name18547,100,18547
2016,FEMALE,TEST,Name18548,100,18548
2016,FEMALE,TEST,Name18549,100,18549
2016,FEMALE,TEST,Name18550,100,18550
2016,FEMALE,TEST,Name18551,100,18551
2016,FEMALE,TEST,Name18552,100,18552
2016,FEMALE,TEST,Name18553,100,18553
2016,FEMALE,TEST,Name18554,100,18554
2016,FEMALE,TEST,Name18555,100,18555
2016,FEMALE,TEST,Name18556,100,18556
2016,FEMALE,TEST,Name18557,100,18557
2016,FEMALE,TEST,Name18558,100,18558
2016,FEMALE,TEST,Name18559,100,18559
2016,FEMALE,TEST,Name18560,100,18560
2016,FEMALE,TEST,Name18561,100,18561
2016,FEMALE,TEST,Name18562,100,18562
2016,FEMALE,TEST,Name18563,100,18563
2016,FEMALE,TEST,Name18564,100,18564
2016,FEMALE,TEST,Name18565,100,18565
2016,FEMALE,TEST,Name18566,100,18566
2016,FEMALE,TEST,Name18567,100,18567
2016,FEMALE,TEST,Name18568,100,18568
2016,FEMALE,TEST,Name18569,100,18569
2016,FEMALE,TEST,Name18570,100,18570
2016,FEMALE,TEST,Name18571,100,18571
2016,FEMALE,TEST,Name18572,100,18572
2016,FEMALE,TEST,Name18573,100,18573
2016,FEMALE,TEST,Name18574,100,18574
2016,FEMALE,TEST,Name18575,100,18575
2016,FEMALE,TEST,Name18576,100,18576
2016,FEMALE,TEST,Name18577,100,18577
2016,FEMALE,TEST,Name18578,100,18578
2016,FEMALE,TEST,Name18579,100,18579
2016,FEMALE,TEST,Name18580,100,18580
2016,FEMALE,TEST,Name18581,100,18581
2016,FEMALE,TEST,Name18582,100,18582
2016,FEMALE,TEST,Name18583,100,18583
2016,FEMALE,TEST,Name18584,100,18584
2016,FEMALE,TEST,Name18585,100,18585
2016,FEMALE,TEST,Name18586,100,18586
2016,FEMALE,TEST,Name18587,100,18587
2016,FEMALE,TEST,Name18588,100,18588
2016,FEMALE,TEST,Name18589,100,18589
2016,FEMALE,TEST,Name18590,100,18590
2016,FEMALE,TEST,Name18591,100,18591
2016,FEMALE,TEST,Name18592,100,18592
2016,FEMALE,TEST,Name18593,100,18593
2016,FEMALE,TEST,Name18594,100,18594
2016,FEMALE,TEST,Name18595,100,18595
2016,FEMALE,TEST,Name18596,100,18596
2016,FEMALE,TEST,Name18597,100,18597
2016,FEMALE,TEST,Name18598,100,18598
2016,FEMALE,TEST,Name18599,100,18599
2016,FEMALE,TEST,Name18600,100,18600
2016,FEMALE,TEST,Name18601,100,18601
2016,FEMALE,TEST,Name18602,100,18602
2016,FEMALE,TEST,Name18603,100,18603
2016,FEMALE,TEST,Name18604,100,18604
2016,FEMALE,TEST,Name18605,100,18605
2016,FEMALE,TEST,Name18606,100,18606
2016,FEMALE,TEST,Name18607,100,18607
2016,FEMALE,TEST,Name18608,100,18608
2016,FEMALE,TEST,Name18609,100,18609
2016,FEMALE,TEST,Name18610,100,18610
2016,FEMALE,TEST,Name18611,100,18611
2016,FEMALE,TEST,Name18612,100,18612
2016,FEMALE,TEST,Name18613,100,18613
2016,FEMALE,TEST,Name18614,100,18614
2016,FEMALE,TEST,Name18615,100,18615
2016,FEMALE,TEST,Name18616,100,18616
2016,FEMALE,TEST,Name18617,100,18617
2016,FEMALE,TEST,Name18618,100,18618
2016,FEMALE,TEST,Name18619,100,18619
2016,FEMALE,TEST,Name18620,100,18620
2016,FEMALE,TEST,Name18621,100,18621
2016,FEMALE,TEST,Name18622,100,18622
2016,FEMALE,TEST,Name18623,100,18623
2016,FEMALE,TEST,Name18624,100,18624
2016,FEMALE,TEST,Name18625,100,18625
2016,FEMALE,TEST,Name18626,100,18626
2016,FEMALE,TEST,Name18627,100,18627
2016,FEMALE,TEST,Name18628,100,18628
2016,FEMALE,TEST,Name18629,100,18629
2016,FEMALE,TEST,Name18630,100,18630
2016,FEMALE,TEST,Name18631,100,18631
2016,FEMALE,TEST,Name18632,100,18632
2016,FEMALE,TEST,Name18633,100,18633
2016,FEMALE,TEST,Name18634,100,18634
2016,FEMALE,TEST,Name18635,100,18635
2016,FEMALE,TEST,Name18636,100,18636
2016,FEMALE,TEST,Name18637,100,18637
2016,FEMALE,TEST,Name18638,100,18638
2016,FEMALE,TEST,Name18639,100,18639
2016,FEMALE,TEST,Name18640,100,18640
2016,FEMALE,TEST,Name18641,100,18641
2016,FEMALE,TEST,Name18642,100,18642
2016,FEMALE,TEST,Name18643,100,18643
2016,FEMALE,TEST,Name18644,100,18644
2016,FEMALE,TEST,Name18645,100,18645
2016,FEMALE,TEST,Name18646,100,18646
2016,FEMALE,TEST,Name18647,100,18647
2016,FEMALE,TEST,Name18648,100,18648
2016,FEMALE,TEST,Name18649,100,18649
2016,FEMALE,TEST,Name18650,100,18650
2016,FEMALE,TEST,Name18651,100,18651
2016,FEMALE,TEST,Name18652,100,18652
2016,FEMALE,TEST,Name18653,100,18653
2016,FEMALE,TEST,Name18654,100,18654
2016,FEMALE,TEST,Name18655,100,18655
2016,FEMALE,TEST,Name18656,100,18656
2016,FEMALE,TEST,Name18657,100,18657
2016,FEMALE,TEST,Name18658,100,18658
2016,FEMALE,TEST,Name18659,100,18659
2016,FEMALE,TEST,Name18660,100,18660
2016,FEMALE,TEST,Name18661,100,18661
2016,FEMALE,TEST,Name18662,100,18662
2016,FEMALE,TEST,Name18663,100,18663
2016,FEMALE,TEST,Name18664,100,18664
2016,FEMALE,TEST,Name18665,100,18665
2016,FEMALE,TEST,Name18666,100,18666
2016,FEMALE,TEST,Name18667,100,18667
2016,FEMALE,TEST,Name18668,100,18668
2016,FEMALE,TEST,Name18669,100,18669
2016,FEMALE,TEST,Name18670,100,18670
2016,FEMALE,TEST,Name18671,100,18671
2016,FEMALE,TEST,Name18672,100,18672
2016,FEMALE,TEST,Name18673,100,18673
2016,FEMALE,TEST,Name18674,100,18674
2016,FEMALE,TEST,Name18675,100,18675
2016,FEMALE,TEST,Name18676,100,18676
2016,FEMALE,TEST,Name18677,100,18677
2016,FEMALE,TEST,Name18678,100,18678
2016,FEMALE,TEST,Name18679,100,18679
2016,FEMALE,TEST,Name18680,100,18680
2016,FEMALE,TEST,Name18681,100,18681
2016,FEMALE,TEST,Name18682,100,18682
2016,FEMALE,TEST,Name18683,100,18683
2016,FEMALE,TEST,Name18684,100,18684
2016,FEMALE,TEST,Name18685,100,18685
2016,FEMALE,TEST,Name18686,100,18686
2016,FEMALE,TEST,Name18687,100,18687
2016,FEMALE,TEST,Name18688,100,18688
2016,FEMALE,TEST,Name18689,100,18689
2016,FEMALE,TEST,Name18690,100,18690
2016,FEMALE,TEST,Name18691,100,18691
2016,FEMALE,TEST,Name18692,100,18692
2016,FEMALE,TEST,Name18693,100,18693
2016,FEMALE,TEST,Name18694,100,18694
2016,FEMALE,TEST,Name18695,100,18695
2016,FEMALE,TEST,Name18696,100,18696
2016,FEMALE,TEST,Name18697,100,18697
2016,FEMALE,TEST,Name18698,100,18698
2016,FEMALE,TEST,Name18699,100,18699
2016,FEMALE,TEST,Name18700,100,18700
2016,FEMALE,TEST,Name18701,100,18701
2016,FEMALE,TEST,Name18702,100,18702
2016,FEMALE,TEST,Name18703,100,18703
2016,FEMALE,TEST,Name18704,100,18704
2016,FEMALE,TEST,Name18705,100,18705
2016,FEMALE,TEST,Name18706,100,18706
2016,FEMALE,TEST,Name18707,100,18707
2016,FEMALE,TEST,Name18708,100,18708
2016,FEMALE,TEST,Name18709,100,18709
2016,FEMALE,TEST,Name18710,100,18710
2016,FEMALE,TEST,Name18711,100,18711
2016,FEMALE,TEST,Name18712,100,18712
2016,FEMALE,TEST,Name18713,100,18713
2016,FEMALE,TEST,Name18714,100,18714
2016,FEMALE,TEST,Name18715,100,18715
2016,FEMALE,TEST,Name18716,100,18716
2016,FEMALE,TEST,Name18717,100,18717
2016,FEMALE,TEST,Name18718,100,18718
2016,FEMALE,TEST,Name18719,100,18719
2016,FEMALE,TEST,Name18720,100,18720
2016,FEMALE,TEST,Name18721,100,18721
2016,FEMALE,TEST,Name18722,100,18722
2016,FEMALE,TEST,Name18723,100,18723
2016,FEMALE,TEST,Name18724,100,18724
2016,FEMALE,TEST,Name18725,100,18725
2016,FEMALE,TEST,Name18726,100,18726
2016,FEMALE,TEST,Name18727,100,18727
2016,FEMALE,TEST,Name18728,100,18728
2016,FEMALE,TEST,Name18729,100,18729
2016,FEMALE,TEST,Name18730,100,18730
2016,FEMALE,TEST,Name18731,100,18731
2016,FEMALE,TEST,Name18732,100,18732
2016,FEMALE,TEST,Name18733,100,18733
2016,FEMALE,TEST,Name18734,100,18734
2016,FEMALE,TEST,Name18735,100,18735
2016,FEMALE,TEST,Name18736,100,18736
2016,FEMALE,TEST,Name18737,100,18737
2016,FEMALE,TEST,Name18738,100,18738
2016,FEMALE,TEST,Name18739,100,18739
2016,FEMALE,TEST,Name18740,100,18740
2016,FEMALE,TEST,Name18741,100,18741
2016,FEMALE,TEST,Name18742,100,18742
2016,FEMALE,TEST,Name18743,100,18743
2016,FEMALE,TEST,Name18744,100,18744
2016,FEMALE,TEST,Name18745,100,18745
2016,FEMALE,TEST,Name18746,100,18746
2016,FEMALE,TEST,Name18747,100,18747
2016,FEMALE,TEST,Name18748,100,18748
2016,FEMALE,TEST,Name18749,100,18749
2016,FEMALE,TEST,Name18750,100,18750
2016,FEMALE,TEST,Name18751,100,18751
2016,FEMALE,TEST,Name18752,100,18752
2016,FEMALE,TEST,Name18753,100,18753
2016,FEMALE,TEST,Name18754,100,18754
2016,FEMALE,TEST,Name18755,100,18755
2016,FEMALE,TEST,Name18756,100,18756
2016,FEMALE,TEST,Name18757,100,18757
2016,FEMALE,TEST,Name18758,100,18758
2016,FEMALE,TEST,Name18759,100,18759
2016,FEMALE,TEST,Name18760,100,18760
2016,FEMALE,TEST,Name18761,100,18761
2016,FEMALE,TEST,Name18762,100,18762
2016,FEMALE,TEST,Name18763,100,18763
2016,FEMALE,TEST,Name18764,100,18764
2016,FEMALE,TEST,Name18765,100,18765
2016,FEMALE,TEST,Name18766,100,18766
2016,FEMALE,TEST,Name18767,100,18767
2016,FEMALE,TEST,Name18768,100,18768
2016,FEMALE,TEST,Name18769,100,18769
2016,FEMALE,TEST,Name18770,100,18770
2016,FEMALE,TEST,Name18771,100,18771
2016,FEMALE,TEST,Name18772,100,18772
2016,FEMALE,TEST,Name18773,100,18773
2016,FEMALE,TEST,Name18774,100,18774
2016,FEMALE,TEST,Name18775,100,18775
2016,FEMALE,TEST,Name18776,100,18776
2016,FEMALE,TEST,Name18777,100,18777
2016,FEMALE,TEST,Name18778,100,18778
2016,FEMALE,TEST,Name18779,100,18779
2016,FEMALE,TEST,Name18780,100,18780
2016,FEMALE,TEST,Name18781,100,18781
2016,FEMALE,TEST,Name18782,100,18782
2016,FEMALE,TEST,Name18783,100,18783
2016,FEMALE,TEST,Name18784,100,18784
2016,FEMALE,TEST,Name18785,100,18785
2016,FEMALE,TEST,Name18786,100,18786
2016,FEMALE,TEST,Name18787,100,18787
2016,FEMALE,TEST,Name18788,100,18788
2016,FEMALE,TEST,Name18789,100,18789
2016,FEMALE,TEST,Name18790,100,18790
2016,FEMALE,TEST,Name18791,100,18791
2016,FEMALE,TEST,Name18792,100,18792
2016,FEMALE,TEST,Name18793,100,18793
2016,FEMALE,TEST,Name18794,100,18794
2016,FEMALE,TEST,Name18795,100,18795
2016,FEMALE,TEST,Name18796,100,18796
2016,FEMALE,TEST,Name18797,100,18797
2016,FEMALE,TEST,Name18798,100,18798
2016,FEMALE,TEST,Name18799,100,18799
2016,FEMALE,TEST,Name18800,100,18800
2016,FEMALE,TEST,Name18801,100,18801
2016,FEMALE,TEST,Name18802,100,18802
2016,FEMALE,TEST,Name18803,100,18803
2016,FEMALE,TEST,Name18804,100,18804
2016,FEMALE,TEST,Name18805,100,18805
2016,FEMALE,TEST,Name18806,100,18806
2016,FEMALE,TEST,Name18807,100,18807
2016,FEMALE,TEST,Name18808,100,18808
2016,FEMALE,TEST,Name18809,100,18809
2016,FEMALE,TEST,Name18810,100,18810
2016,FEMALE,TEST,Name18811,100,18811
2016,FEMALE,TEST,Name18812,100,18812
2016,FEMALE,TEST,Name18813,100,18813
2016,FEMALE,TEST,Name18814,100,18814
2016,FEMALE,TEST,Name18815,100,18815
2016,FEMALE,TEST,Name18816,100,18816
2016,FEMALE,TEST,Name18817,100,18817
2016,FEMALE,TEST,Name18818,100,18818
2016,FEMALE,TEST,Name18819,100,18819
2016,FEMALE,TEST,Name18820,100,18820
2016,FEMALE,TEST,Name18821,100,18821
2016,FEMALE,TEST,Name18822,100,18822
2016,FEMALE,TEST,Name18823,100,18823
2016,FEMALE,TEST,Name18824,100,18824
2016,FEMALE,TEST,Name18825,100,18825
2016,FEMALE,TEST,Name18826,100,18826
2016,FEMALE,TEST,Name18827,100,18827
2016,FEMALE,TEST,Name18828,100,18828
2016,FEMALE,TEST,Name18829,100,18829
2016,FEMALE,TEST,Name18830,100,18830
2016,FEMALE,TEST,Name18831,100,18831
2016,FEMALE,TEST,Name18832,100,18832
2016,FEMALE,TEST,Name18833,100,18833
2016,FEMALE,TEST,Name18834,100,18834
2016,FEMALE,TEST,Name18835,100,18835
2016,FEMALE,TEST,Name18836,100,18836
2016,FEMALE,TEST,Name18837,100,18837
2016,FEMALE,TEST,Name18838,100,18838
2016,FEMALE,TEST,Name18839,100,18839
2016,FEMALE,TEST,Name18840,100,18840
2016,FEMALE,TEST,Name18841,100,18841
2016,FEMALE,TEST,Name18842,100,18842
2016,FEMALE,TEST,Name18843,100,18843
2016,FEMALE,TEST,Name18844,100,18844
2016,FEMALE,TEST,Name18845,100,18845
2016,FEMALE,TEST,Name18846,100,18846
2016,FEMALE,TEST,Name18847,100,18847
2016,FEMALE,TEST,Name18848,100,18848
2016,FEMALE,TEST,Name18849,100,18849
2016,FEMALE,TEST,Name18850,100,18850
2016,FEMALE,TEST,Name18851,100,18851
2016,FEMALE,TEST,Name18852,100,18852
2016,FEMALE,TEST,Name18853,100,18853
2016,FEMALE,TEST,Name18854,100,18854
2016,FEMALE,TEST,Name18855,100,18855
2016,FEMALE,TEST,Name18856,100,18856
2016,FEMALE,TEST,Name18857,100,18857
2016,FEMALE,TEST,Name18858,100,18858
2016,FEMALE,TEST,Name18859,100,18859
2016,FEMALE,TEST,Name18860,100,18860
2016,FEMALE,TEST,Name18861,100,18861
2016,FEMALE,TEST,Name18862,100,18862
2016,FEMALE,TEST,Name18863,100,18863
2016,FEMALE,TEST,Name18864,100,18864
2016,FEMALE,TEST,Name18865,100,18865
2016,FEMALE,TEST,Name18866,100,18866
2016,FEMALE,TEST,Name18867,100,18867
2016,FEMALE,TEST,Name18868,100,18868
2016,FEMALE,TEST,Name18869,100,18869
2016,FEMALE,TEST,Name18870,100,18870
2016,FEMALE,TEST,Name18871,100,18871
2016,FEMALE,TEST,Name18872,100,18872
2016,FEMALE,TEST,Name18873,100,18873
2016,FEMALE,TEST,Name18874,100,18874
2016,FEMALE,TEST,Name18875,100,18875
2016,FEMALE,TEST,Name18876,100,18876
2016,FEMALE,TEST,Name18877,100,18877
2016,FEMALE,TEST,Name18878,100,18878
2016,FEMALE,TEST,Name18879,100,18879
2016,FEMALE,TEST,Name18880,100,18880
2016,FEMALE,TEST,Name18881,100,18881
2016,FEMALE,TEST,Name18882,100,18882
2016,FEMALE,TEST,Name18883,100,18883
2016,FEMALE,TEST,Name18884,100,18884
2016,FEMALE,TEST,Name18885,100,18885
2016,FEMALE,TEST,Name18886,100,18886
2016,FEMALE,TEST,Name18887,100,18887
2016,FEMALE,TEST,Name18888,100,18888
2016,FEMALE,TEST,Name18889,100,18889
2016,FEMALE,TEST,Name18890,100,18890
2016,FEMALE,TEST,Name18891,100,18891
2016,FEMALE,TEST,Name18892,100,18892
2016,FEMALE,TEST,Name18893,100,18893
2016,FEMALE,TEST,Name18894,100,18894
2016,FEMALE,TEST,Name18895,100,18895
2016,FEMALE,TEST,Name18896,100,18896
2016,FEMALE,TEST,Name18897,100,18897
2016,FEMALE,TEST,Name18898,100,18898
2016,FEMALE,TEST,Name18899,100,18899
2016,FEMALE,TEST,Name18900,100,18900
2016,FEMALE,TEST,Name18901,100,18901
2016,FEMALE,TEST,Name18902,100,18902
2016,FEMALE,TEST,Name18903,100,18903
2016,FEMALE,TEST,Name18904,100,18904
2016,FEMALE,TEST,Name18905,100,18905
2016,FEMALE,TEST,Name18906,100,18906
2016,FEMALE,TEST,Name18907,100,18907
2016,FEMALE,TEST,Name18908,100,18908
2016,FEMALE,TEST,Name18909,100,18909
2016,FEMALE,TEST,Name18910,100,18910
2016,FEMALE,TEST,Name18911,100,18911
2016,FEMALE,TEST,Name18912,100,18912
2016,FEMALE,TEST,Name18913,100,18913
2016,FEMALE,TEST,Name18914,100,18914
2016,FEMALE,TEST,Name18915,100,18915
2016,FEMALE,TEST,Name18916,100,18916
2016,FEMALE,TEST,Name18917,100,18917
2016,FEMALE,TEST,Name18918,100,18918
2016,FEMALE,TEST,Name18919,100,18919
2016,FEMALE,TEST,Name18920,100,18920
2016,FEMALE,TEST,Name18921,100,18921
2016,FEMALE,TEST,Name18922,100,18922
2016,FEMALE,TEST,Name18923,100,18923
2016,FEMALE,TEST,Name18924,100,18924
2016,FEMALE,TEST,Name18925,100,18925
2016,FEMALE,TEST,Name18926,100,18926
2016,FEMALE,TEST,Name18927,100,18927
2016,FEMALE,TEST,Name18928,100,18928
2016,FEMALE,TEST,Name18929,100,18929
2016,FEMALE,TEST,Name18930,100,18930
2016,FEMALE,TEST,Name18931,100,18931
2016,FEMALE,TEST,Name18932,100,18932
2016,FEMALE,TEST,Name18933,100,18933
2016,FEMALE,TEST,Name18934,100,18934
2016,FEMALE,TEST,Name18935,100,18935
2016,FEMALE,TEST,Name18936,100,18936
2016,FEMALE,TEST,Name18937,100,18937
2016,FEMALE,TEST,Name18938,100,18938
2016,FEMALE,TEST,Name18939,100,18939
2016,FEMALE,TEST,Name18940,100,18940
2016,FEMALE,TEST,Name18941,100,18941
2016,FEMALE,TEST,Name18942,100,18942
2016,FEMALE,TEST,Name18943,100,18943
2016,FEMALE,TEST,Name18944,100,18944
2016,FEMALE,TEST,Name18945,100,18945
2016,FEMALE,TEST,Name18946,100,18946
2016,FEMALE,TEST,Name18947,100,18947
2016,FEMALE,TEST,Name18948,100,18948
2016,FEMALE,TEST,Name18949,100,18949
2016,FEMALE,TEST,Name18950,100,18950
2016,FEMALE,TEST,Name18951,100,18951
2016,FEMALE,TEST,Name18952,100,18952
2016,FEMALE,TEST,Name18953,100,18953
2016,FEMALE,TEST,Name18954,100,18954
2016,FEMALE,TEST,Name18955,100,18955
2016,FEMALE,TEST,Name18956,100,18956
2016,FEMALE,TEST,Name18957,100,18957
2016,FEMALE,TEST,Name18958,100,18958
2016,FEMALE,TEST,Name18959,100,18959
2016,FEMALE,TEST,Name18960,100,18960
2016,FEMALE,TEST,Name18961,100,18961
2016,FEMALE,TEST,Name18962,100,18962
2016,FEMALE,TEST,Name18963,100,18963
2016,FEMALE,TEST,Name18964,100,18964
2016,FEMALE,TEST,Name18965,100,18965
2016,FEMALE,TEST,Name18966,100,18966
2016,FEMALE,TEST,Name18967,100,18967
2016,FEMALE,TEST,Name18968,100,18968
2016,FEMALE,TEST,Name18969,100,18969
2016,FEMALE,TEST,Name18970,100,18970
2016,FEMALE,TEST,Name18971,100,18971
2016,FEMALE,TEST,Name18972,100,18972
2016,FEMALE,TEST,Name18973,100,18973
2016,FEMALE,TEST,Name18974,100,18974
2016,FEMALE,TEST,Name18975,100,18975
2016,FEMALE,TEST,Name18976,100,18976
2016,FEMALE,TEST,Name18977,100,18977
2016,FEMALE,TEST,Name18978,100,18978
2016,FEMALE,TEST,Name18979,100,18979
2016,FEMALE,TEST,Name18980,100,18980
2016,FEMALE,TEST,Name18981,100,18981
2016,FEMALE,TEST,Name18982,100,18982
2016,FEMALE,TEST,Name18983,100,18983
2016,FEMALE,TEST,Name18984,100,18984
2016,FEMALE,TEST,Name18985,100,18985
2016,FEMALE,TEST,Name18986,100,18986
2016,FEMALE,TEST,Name18987,100,18987
2016,FEMALE,TEST,Name18988,100,18988
2016,FEMALE,TEST,Name18989,100,18989
2016,FEMALE,TEST,Name18990,100,18990
2016,FEMALE,TEST,Name18991,100,18991
2016,FEMALE,TEST,Name18992,100,18992
2016,FEMALE,TEST,Name18993,100,18993
2016,FEMALE,TEST,Name18994,100,18994
2016,FEMALE,TEST,Name18995,100,18995
2016,FEMALE,TEST,Name18996,100,18996
2016,FEMALE,TEST,Name18997,100,18997
2016,FEMALE,TEST,Name18998,100,18998
2016,FEMALE,TEST,Name18999,100,18999
2016,FEMALE,TEST,Name19000,100,19000
2016,FEMALE,TEST,Name19001,100,19001
2016,FEMALE,TEST,Name19002,100,19002
2016,FEMALE,TEST,Name19003,100,19003
2016,FEMALE,TEST,Name19004,100,19004
2016,FEMALE,TEST,Name19005,100,19005
2016,FEMALE,TEST,Name19006,100,19006
2016,FEMALE,TEST,Name19007,100,19007
2016,FEMALE,TEST,Name19008,100,19008
2016,FEMALE,TEST,Name19009,100,19009
2016,FEMALE,TEST,Name19010,100,19010
2016,FEMALE,TEST,Name19011,100,19011
2016,FEMALE,TEST,Name19012,100,19012
2016,FEMALE,TEST,Name19013,100,19013
2016,FEMALE,TEST,Name19014,100,19014
2016,FEMALE,TEST,Name19015,100,19015
2016,FEMALE,TEST,Name19016,100,19016
2016,FEMALE,TEST,Name19017,100,19017
2016,FEMALE,TEST,Name19018,100,19018
2016,FEMALE,TEST,Name19019,100,19019
2016,FEMALE,TEST,Name19020,100,19020
2016,FEMALE,TEST,Name19021,100,19021
2016,FEMALE,TEST,Name19022,100,19022
2016,FEMALE,TEST,Name19023,100,19023
2016,FEMALE,TEST,Name19024,100,19024
2016,FEMALE,TEST,Name19025,100,19025
2016,FEMALE,TEST,Name19026,100,19026
2016,FEMALE,TEST,Name19027,100,19027
2016,FEMALE,TEST,Name19028,100,19028
2016,FEMALE,TEST,Name19029,100,19029
2016,FEMALE,TEST,Name19030,100,19030
2016,FEMALE,TEST,Name19031,100,19031
2016,FEMALE,TEST,Name19032,100,19032
2016,FEMALE,TEST,Name19033,100,19033
2016,FEMALE,TEST,Name19034,100,19034
2016,FEMALE,TEST,Name19035,100,19035
2016,FEMALE,TEST,Name19036,100,19036
2016,FEMALE,TEST,Name19037,100,19037
2016,FEMALE,TEST,Name19038,100,19038
2016,FEMALE,TEST,Name19039,100,19039
2016,FEMALE,TEST,Name19040,100,19040
2016,FEMALE,TEST,Name19041,100,19041
2016,FEMALE,TEST,Name19042,100,19042
2016,FEMALE,TEST,Name19043,100,19043
2016,FEMALE,TEST,Name19044,100,19044
2016,FEMALE,TEST,Name19045,100,19045
2016,FEMALE,TEST,Name19046,100,19046
2016,FEMALE,TEST,Name19047,100,19047
2016,FEMALE,TEST,Name19048,100,19048
2016,FEMALE,TEST,Name19049,100,19049
2016,FEMALE,TEST,Name19050,100,19050
2016,FEMALE,TEST,Name19051,100,19051
2016,FEMALE,TEST,Name19052,100,19052
2016,FEMALE,TEST,Name19053,100,19053
2016,FEMALE,TEST,Name19054,100,19054
2016,FEMALE,TEST,Name19055,100,19055
2016,FEMALE,TEST,Name19056,100,19056
2016,FEMALE,TEST,Name19057,100,19057
2016,FEMALE,TEST,Name19058,100,19058
2016,FEMALE,TEST,Name19059,100,19059
2016,FEMALE,TEST,Name19060,100,19060
2016,FEMALE,TEST,Name19061,100,19061
2016,FEMALE,TEST,Name19062,100,19062
2016,FEMALE,TEST,Name19063,100,19063
2016,FEMALE,TEST,Name19064,100,19064
2016,FEMALE,TEST,Name19065,100,19065
2016,FEMALE,TEST,Name19066,100,19066
2016,FEMALE,TEST,Name19067,100,19067
2016,FEMALE,TEST,Name19068,100,19068
2016,FEMALE,TEST,Name19069,100,19069
2016,FEMALE,TEST,Name19070,100,19070
2016,FEMALE,TEST,Name19071,100,19071
2016,FEMALE,TEST,Name19072,100,19072
2016,FEMALE,TEST,Name19073,100,19073
2016,FEMALE,TEST,Name19074,100,19074
2016,FEMALE,TEST,Name19075,100,19075
2016,FEMALE,TEST,Name19076,100,19076
2016,FEMALE,TEST,Name19077,100,19077
2016,FEMALE,TEST,Name19078,100,19078
2016,FEMALE,TEST,Name19079,100,19079
2016,FEMALE,TEST,Name19080,100,19080
2016,FEMALE,TEST,Name19081,100,19081
2016,FEMALE,TEST,Name19082,100,19082
2016,FEMALE,TEST,Name19083,100,19083
2016,FEMALE,TEST,Name19084,100,19084
2016,FEMALE,TEST,Name19085,100,19085
2016,FEMALE,TEST,Name19086,100,19086
2016,FEMALE,TEST,Name19087,100,19087
2016,FEMALE,TEST,Name19088,100,19088
2016,FEMALE,TEST,Name19089,100,19089
2016,FEMALE,TEST,Name19090,100,19090
2016,FEMALE,TEST,Name19091,100,19091
2016,FEMALE,TEST,Name19092,100,19092
2016,FEMALE,TEST,Name19093,100,19093
2016,FEMALE,TEST,Name19094,100,19094
2016,FEMALE,TEST,Name19095,100,19095
2016,FEMALE,TEST,Name19096,100,19096
2016,FEMALE,TEST,Name19097,100,19097
2016,FEMALE,TEST,Name19098,100,19098
2016,FEMALE,TEST,Name19099,100,19099
2016,FEMALE,TEST,Name19100,100,19100
2016,FEMALE,TEST,Name19101,100,19101
2016,FEMALE,TEST,Name19102,100,19102
2016,FEMALE,TEST,Name19103,100,19103
2016,FEMALE,TEST,Name19104,100,19104
2016,FEMALE,TEST,Name19105,100,19105
2016,FEMALE,TEST,Name19106,100,19106
2016,FEMALE,TEST,Name19107,100,19107
2016,FEMALE,TEST,Name19108,100,19108
2016,FEMALE,TEST,Name19109,100,19109
2016,FEMALE,TEST,Name19110,100,19110
2016,FEMALE,TEST,Name19111,100,19111
2016,FEMALE,TEST,Name19112,100,19112
2016,FEMALE,TEST,Name19113,100,19113
2016,FEMALE,TEST,Name19114,100,19114
2016,FEMALE,TEST,Name19115,100,19115
2016,FEMALE,TEST,Name19116,100,19116
2016,FEMALE,TEST,Name19117,100,19117
2016,FEMALE,TEST,Name19118,100,19118
2016,FEMALE,TEST,Name19119,100,19119
2016,FEMALE,TEST,Name19120,100,19120
2016,FEMALE,TEST,Name19121,100,19121
2016,FEMALE,TEST,Name19122,100,19122
2016,FEMALE,TEST,Name19123,100,19123
2016,FEMALE,TEST,Name19124,100,19124
2016,FEMALE,TEST,Name19125,100,19125
2016,FEMALE,TEST,Name19126,100,19126
2016,FEMALE,TEST,Name19127,100,19127
2016,FEMALE,TEST,Name19128,100,19128
2016,FEMALE,TEST,Name19129,100,19129
2016,FEMALE,TEST,Name19130,100,19130
2016,FEMALE,TEST,Name19131,100,19131
2016,FEMALE,TEST,Name19132,100,19132
2016,FEMALE,TEST,Name19133,100,19133
2016,FEMALE,TEST,Name19134,100,19134
2016,FEMALE,TEST,Name19135,100,19135
2016,FEMALE,TEST,Name19136,100,19136
2016,FEMALE,TEST,Name19137,100,19137
2016,FEMALE,TEST,Name19138,100,19138
2016,FEMALE,TEST,Name19139,100,19139
2016,FEMALE,TEST,Name19140,100,19140
2016,FEMALE,TEST,Name19141,100,19141
2016,FEMALE,TEST,Name19142,100,19142
2016,FEMALE,TEST,Name19143,100,19143
2016,FEMALE,TEST,Name19144,100,19144
2016,FEMALE,TEST,Name19145,100,19145
2016,FEMALE,TEST,Name19146,100,19146
2016,FEMALE,TEST,Name19147,100,19147
2016,FEMALE,TEST,Name19148,100,19148
2016,FEMALE,TEST,Name19149,100,19149
2016,FEMALE,TEST,Name19150,100,19150
2016,FEMALE,TEST,Name19151,100,19151
2016,FEMALE,TEST,Name19152,100,19152
2016,FEMALE,TEST,Name19153,100,19153
2016,FEMALE,TEST,Name19154,100,19154
2016,FEMALE,TEST,Name19155,100,19155
2016,FEMALE,TEST,Name19156,100,19156
2016,FEMALE,TEST,Name19157,100,19157
2016,FEMALE,TEST,Name19158,100,19158
2016,FEMALE,TEST,Name19159,100,19159
2016,FEMALE,TEST,Name19160,100,19160
2016,FEMALE,TEST,Name19161,100,19161
2016,FEMALE,TEST,Name19162,100,19162
2016,FEMALE,TEST,Name19163,100,19163
2016,FEMALE,TEST,Name19164,100,19164
2016,FEMALE,TEST,Name19165,100,19165
2016,FEMALE,TEST,Name19166,100,19166
2016,FEMALE,TEST,Name19167,100,19167
2016,FEMALE,TEST,Name19168,100,19168
2016,FEMALE,TEST,Name19169,100,19169
2016,FEMALE,TEST,Name19170,100,19170
2016,FEMALE,TEST,Name19171,100,19171
2016,FEMALE,TEST,Name19172,100,19172
2016,FEMALE,TEST,Name19173,100,19173
2016,FEMALE,TEST,Name19174,100,19174
2016,FEMALE,TEST,Name19175,100,19175
2016,FEMALE,TEST,Name19176,100,19176
2016,FEMALE,TEST,Name19177,100,19177
2016,FEMALE,TEST,Name19178,100,19178
2016,FEMALE,TEST,Name19179,100,19179
2016,FEMALE,TEST,Name19180,100,19180
2016,FEMALE,TEST,Name19181,100,19181
2016,FEMALE,TEST,Name19182,100,19182
2016,FEMALE,TEST,Name19183,100,19183
2016,FEMALE,TEST,Name19184,100,19184
2016,FEMALE,TEST,Name19185,100,19185
2016,FEMALE,TEST,Name19186,100,19186
2016,FEMALE,TEST,Name19187,100,19187
2016,FEMALE,TEST,Name19188,100,19188
2016,FEMALE,TEST,Name19189,100,19189
2016,FEMALE,TEST,Name19190,100,19190
2016,FEMALE,TEST,Name19191,100,19191
2016,FEMALE,TEST,Name19192,100,19192
2016,FEMALE,TEST,Name19193,100,19193
2016,FEMALE,TEST,Name19194,100,19194
2016,FEMALE,TEST,Name19195,100,19195
2016,FEMALE,TEST,Name19196,100,19196
2016,FEMALE,TEST,Name19197,100,19197
2016,FEMALE,TEST,Name19198,100,19198
2016,FEMALE,TEST,Name19199,100,19199
2016,FEMALE,TEST,Name19200,100,19200
2016,FEMALE,TEST,Name19201,100,19201
2016,FEMALE,TEST,Name19202,100,19202
2016,FEMALE,TEST,Name19203,100,19203
2016,FEMALE,TEST,Name19204,100,19204
2016,FEMALE,TEST,Name19205,100,19205
2016,FEMALE,TEST,Name19206,100,19206
2016,FEMALE,TEST,Name19207,100,19207
2016,FEMALE,TEST,Name19208,100,19208
2016,FEMALE,TEST,Name19209,100,19209
2016,FEMALE,TEST,Name19210,100,19210
2016,FEMALE,TEST,Name19211,100,19211
2016,FEMALE,TEST,Name19212,100,19212
2016,FEMALE,TEST,Name19213,100,19213
2016,FEMALE,TEST,Name19214,100,19214
2016,FEMALE,TEST,Name19215,100,19215
2016,FEMALE,TEST,Name19216,100,19216
2016,FEMALE,TEST,Name19217,100,19217
2016,FEMALE,TEST,Name19218,100,19218
2016,FEMALE,TEST,Name19219,100,19219
2016,FEMALE,TEST,Name19220,100,19220
2016,FEMALE,TEST,Name19221,100,19221
2016,FEMALE,TEST,Name19222,100,19222
2016,FEMALE,TEST,Name19223,100,19223
2016,FEMALE,TEST,Name19224,100,19224
2016,FEMALE,TEST,Name19225,100,19225
2016,FEMALE,TEST,Name19226,100,19226
2016,FEMALE,TEST,Name19227,100,19227
2016,FEMALE,TEST,Name19228,100,19228
2016,FEMALE,TEST,Name19229,100,19229
2016,FEMALE,TEST,Name19230,100,19230
2016,FEMALE,TEST,Name19231,100,19231
2016,FEMALE,TEST,Name19232,100,19232
2016,FEMALE,TEST,Name19233,100,19233
2016,FEMALE,TEST,Name19234,100,19234
2016,FEMALE,TEST,Name19235,100,19235
2016,FEMALE,TEST,Name19236,100,19236
2016,FEMALE,TEST,Name19237,100,19237
2016,FEMALE,TEST,Name19238,100,19238
2016,FEMALE,TEST,Name19239,100,19239
2016,FEMALE,TEST,Name19240,100,19240
2016,FEMALE,TEST,Name19241,100,19241
2016,FEMALE,TEST,Name19242,100,19242
2016,FEMALE,TEST,Name19243,100,19243
2016,FEMALE,TEST,Name19244,100,19244
2016,FEMALE,TEST,Name19245,100,19245
2016,FEMALE,TEST,Name19246,100,19246
2016,FEMALE,TEST,Name19247,100,19247
2016,FEMALE,TEST,Name19248,100,19248
2016,FEMALE,TEST,Name19249,100,19249
2016,FEMALE,TEST,Name19250,100,19250
2016,FEMALE,TEST,Name19251,100,19251
2016,FEMALE,TEST,Name19252,100,19252
2016,FEMALE,TEST,Name19253,100,19253
2016,FEMALE,TEST,Name19254,100,19254
2016,FEMALE,TEST,Name19255,100,19255
2016,FEMALE,TEST,Name19256,100,19256
2016,FEMALE,TEST,Name19257,100,19257
2016,FEMALE,TEST,Name19258,100,19258
2016,FEMALE,TEST,Name19259,100,19259
2016,FEMALE,TEST,Name19260,100,19260
2016,FEMALE,TEST,Name19261,100,19261
2016,FEMALE,TEST,Name19262,100,19262
2016,FEMALE,TEST,Name19263,100,19263
2016,FEMALE,TEST,Name19264,100,19264
2016,FEMALE,TEST,Name19265,100,19265
2016,FEMALE,TEST,Name19266,100,19266
2016,FEMALE,TEST,Name19267,100,19267
2016,FEMALE,TEST,Name19268,100,19268
2016,FEMALE,TEST,Name19269,100,19269
2016,FEMALE,TEST,Name19270,100,19270
2016,FEMALE,TEST,Name19271,100,19271
2016,FEMALE,TEST,Name19272,100,19272
2016,FEMALE,TEST,Name19273,100,19273
2016,FEMALE,TEST,Name19274,100,19274
2016,FEMALE,TEST,Name19275,100,19275
2016,FEMALE,TEST,Name19276,100,19276
2016,FEMALE,TEST,Name19277,100,19277
2016,FEMALE,TEST,Name19278,100,19278
2016,FEMALE,TEST,Name19279,100,19279
2016,FEMALE,TEST,Name19280,100,19280
2016,FEMALE,TEST,Name19281,100,19281
2016,FEMALE,TEST,Name19282,100,19282
2016,FEMALE,TEST,Name19283,100,19283
2016,FEMALE,TEST,Name19284,100,19284
2016,FEMALE,TEST,Name19285,100,19285
2016,FEMALE,TEST,Name19286,100,19286
2016,FEMALE,TEST,Name19287,100,19287
2016,FEMALE,TEST,Name19288,100,19288
2016,FEMALE,TEST,Name19289,100,19289
2016,FEMALE,TEST,Name19290,100,19290
2016,FEMALE,TEST,Name19291,100,19291
2016,FEMALE,TEST,Name19292,100,19292
2016,FEMALE,TEST,Name19293,100,19293
2016,FEMALE,TEST,Name19294,100,19294
2016,FEMALE,TEST,Name19295,100,19295
2016,FEMALE,TEST,Name19296,100,19296
2016,FEMALE,TEST,Name19297,100,19297
2016,FEMALE,TEST,Name19298,100,19298
2016,FEMALE,TEST,Name19299,100,19299
2016,FEMALE,TEST,Name19300,100,19300
2016,FEMALE,TEST,Name19301,100,19301
2016,FEMALE,TEST,Name19302,100,19302
2016,FEMALE,TEST,Name19303,100,19303
2016,FEMALE,TEST,Name19304,100,19304
2016,FEMALE,TEST,Name19305,100,19305
2016,FEMALE,TEST,Name19306,100,19306
2016,FEMALE,TEST,Name19307,100,19307
2016,FEMALE,TEST,Name19308,100,19308
2016,FEMALE,TEST,Name19309,100,19309
2016,FEMALE,TEST,Name19310,100,19310
2016,FEMALE,TEST,Name19311,100,19311
2016,FEMALE,TEST,Name19312,100,19312
2016,FEMALE,TEST,Name19313,100,19313
2016,FEMALE,TEST,Name19314,100,19314
2016,FEMALE,TEST,Name19315,100,19315
2016,FEMALE,TEST,Name19316,100,19316
2016,FEMALE,TEST,Name19317,100,19317
2016,FEMALE,TEST,Name19318,100,19318
2016,FEMALE,TEST,Name19319,100,19319
2016,FEMALE,TEST,Name19320,100,19320
2016,FEMALE,TEST,Name19321,100,19321
2016,FEMALE,TEST,Name19322,100,19322
2016,FEMALE,TEST,Name19323,100,19323
2016,FEMALE,TEST,Name19324,100,19324
2016,FEMALE,TEST,Name19325,100,19325
2016,FEMALE,TEST,Name19326,100,19326
2016,FEMALE,TEST,Name19327,100,19327
2016,FEMALE,TEST,Name19328,100,19328
2016,FEMALE,TEST,Name19329,100,19329
2016,FEMALE,TEST,Name19330,100,19330
2016,FEMALE,TEST,Name19331,100,19331
2016,FEMALE,TEST,Name19332,100,19332
2016,FEMALE,TEST,Name19333,100,19333
2016,FEMALE,TEST,Name19334,100,19334
2016,FEMALE,TEST,Name19335,100,19335
2016,FEMALE,TEST,Name19336,100,19336
2016,FEMALE,TEST,Name19337,100,19337
2016,FEMALE,TEST,Name19338,100,19338
2016,FEMALE,TEST,Name19339,100,19339
2016,FEMALE,TEST,Name19340,100,19340
2016,FEMALE,TEST,Name19341,100,19341
2016,FEMALE,TEST,Name19342,100,19342
2016,FEMALE,TEST,Name19343,100,19343
2016,FEMALE,TEST,Name19344,100,19344
2016,FEMALE,TEST,Name19345,100,19345
2016,FEMALE,TEST,Name19346,100,19346
2016,FEMALE,TEST,Name19347,100,19347
2016,FEMALE,TEST,Name19348,100,19348
2016,FEMALE,TEST,Name19349,100,19349
2016,FEMALE,TEST,Name19350,100,19350
2016,FEMALE,TEST,Name19351,100,19351
2016,FEMALE,TEST,Name19352,100,19352
2016,FEMALE,TEST,Name19353,100,19353
2016,FEMALE,TEST,Name19354,100,19354
2016,FEMALE,TEST,Name19355,100,19355
2016,FEMALE,TEST,Name19356,100,19356
2016,FEMALE,TEST,Name19357,100,19357
2016,FEMALE,TEST,Name19358,100,19358
2016,FEMALE,TEST,Name19359,100,19359
2016,FEMALE,TEST,Name19360,100,19360
2016,FEMALE,TEST,Name19361,100,19361
2016,FEMALE,TEST,Name19362,100,19362
2016,FEMALE,TEST,Name19363,100,19363
2016,FEMALE,TEST,Name19364,100,19364
2016,FEMALE,TEST,Name19365,100,19365
2016,FEMALE,TEST,Name19366,100,19366
2016,FEMALE,TEST,Name19367,100,19367
2016,FEMALE,TEST,Name19368,100,19368
2016,FEMALE,TEST,Name19369,100,19369
2016,FEMALE,TEST,Name19370,100,19370
2016,FEMALE,TEST,Name19371,100,19371
2016,FEMALE,TEST,Name19372,100,19372
2016,FEMALE,TEST,Name19373,100,19373
2016,FEMALE,TEST,Name19374,100,19374
2016,FEMALE,TEST,Name19375,100,19375
2016,FEMALE,TEST,Name19376,100,19376
2016,FEMALE,TEST,Name19377,100,19377
2016,FEMALE,TEST,Name19378,100,19378
2016,FEMALE,TEST,Name19379,100,19379
2016,FEMALE,TEST,Name19380,100,19380
2016,FEMALE,TEST,Name19381,100,19381
2016,FEMALE,TEST,Name19382,100,19382
2016,FEMALE,TEST,Name19383,100,19383
2016,FEMALE,TEST,Name19384,100,19384
2016,FEMALE,TEST,Name19385,100,19385
2016,FEMALE,TEST,Name19386,100,19386
2016,FEMALE,TEST,Name19387,100,19387
2016,FEMALE,TEST,Name19388,100,19388
2016,FEMALE,TEST,Name19389,100,19389
2016,FEMALE,TEST,Name19390,100,19390
2016,FEMALE,TEST,Name19391,100,19391
2016,FEMALE,TEST,Name19392,100,19392
2016,FEMALE,TEST,Name19393,100,19393
2016,FEMALE,TEST,Name19394,100,19394
2016,FEMALE,TEST,Name19395,100,19395
2016,FEMALE,TEST,Name19396,100,19396
2016,FEMALE,TEST,Name19397,100,19397
2016,FEMALE,TEST,Name19398,100,19398
2016,FEMALE,TEST,Name19399,100,19399
2016,FEMALE,TEST,Name19400,100,19400
2016,FEMALE,TEST,Name19401,100,19401
2016,FEMALE,TEST,Name19402,100,19402
2016,FEMALE,TEST,Name19403,100,19403
2016,FEMALE,TEST,Name19404,100,19404
2016,FEMALE,TEST,Name19405,100,19405
2016,FEMALE,TEST,Name19406,100,19406
2016,FEMALE,TEST,Name19407,100,19407
2016,FEMALE,TEST,Name19408,100,19408
2016,FEMALE,TEST,Name19409,100,19409
2016,FEMALE,TEST,Name19410,100,19410
2016,FEMALE,TEST,Name19411,100,19411
2016,FEMALE,TEST,Name19412,100,19412
2016,FEMALE,TEST,Name19413,100,19413
2016,FEMALE,TEST,Name19414,100,19414
2016,FEMALE,TEST,Name19415,100,19415
2016,FEMALE,TEST,Name19416,100,19416
2016,FEMALE,TEST,Name19417,100,19417
2016,FEMALE,TEST,Name19418,100,19418
